Time;Time Code;Country Name;Country Code;"Adolescent fertility rate (births per 1;000 women ages 15-19) [SP.ADO.TFRT]";"Life expectancy at birth; total (years) [SP.DYN.LE00.IN]";"Mortality rate; neonatal (per 1;000 live births) [SH.DYN.NMRT]";GDP per capita (current US$) [NY.GDP.PCAP.CD];CO2 emissions (metric tons per capita) [EN.ATM.CO2E.PC];"Current health expenditure per capita; PPP (current international $) [SH.XPD.CHEX.PP.CD]";Electric power consumption (kWh per capita) [EG.USE.ELEC.KH.PC];"Out-of-pocket expenditure per capita; PPP (current international $) [SH.XPD.OOPC.PP.CD]";Adjusted net national income per capita (current US$) [NY.ADJ.NNTY.PC.CD]
2000;YR2000;Afghanistan;AFG;153.951;55.841;60.9;;0.036573704;;;;
2000;YR2000;Albania;ALB;19.0372;73.955;12.1;1126.68334;1.026213109;275.7971802;1449.647413;166.5878859;1037.505398
2000;YR2000;Algeria;DZA;11.7556;70.64;21.1;1765.027146;2.578744484;294.7033081;683.2948063;76.01728371;1280.127582
2000;YR2000;American Samoa;ASM;;;;;;;;;
2000;YR2000;Andorra;AND;;;3.8;21854.2468;7.952286282;1936.802124;;300.5380845;
2000;YR2000;Angola;AGO;196.6992;46.522;50.3;556.8361822;0.988077383;62.69586563;75.26465988;17.11891028;208.1982922
2000;YR2000;Antigua and Barbuda;ATG;61.9748;73.94;9.7;10872.29295;4.341705369;794.0597534;;176.4740674;
2000;YR2000;Argentina;ARG;66.3552;73.576;11;7708.099115;3.587392038;1067.828613;2088.80763;310.7843842;6445.735024
2000;YR2000;Armenia;ARM;39.3926;71.409;16.1;622.7409229;1.159761363;111.5393143;1297.564469;69.16658908;541.715996
2000;YR2000;Aruba;ABW;43.593;73.787;;20614.79935;;;;;18246.2205
2000;YR2000;Australia;AUS;17.9326;79.23414634;3.5;21697.70848;17.7230721;2155.341553;10193.91218;452.5600674;17064.03991
2000;YR2000;Austria;AUT;13.9232;78.12682927;3.1;24625.60072;7.929785513;2708.029541;7076.269483;482.6309608;20326.24414
2000;YR2000;Azerbaijan;AZE;36.5066;66.763;34.3;655.1199452;3.440349875;100.5924988;2040.47909;69.01441504;391.5709534
2000;YR2000;Bahamas, The;BHS;51.222;71.914;8;27098.15632;7.48209163;1054.583252;;287.1315292;24838.26895
2000;YR2000;Bahrain;BHR;17.583;74.44;4.7;13636.41675;23.8937121;1502.387329;20014.74549;387.4988156;9334.246675
2000;YR2000;Bangladesh;BGD;112.2538;65.447;44;418.0689421;0.169593942;28.25704193;104.6077366;17.26373137;398.0077241
2000;YR2000;Barbados;BRB;51.1212;77.162;9.3;11268.42006;4.567034116;677.4110718;;266.7289339;9864.333547
2000;YR2000;Belarus;BLR;27.783;68.91219512;6;1276.288034;5.304816521;320.8687134;2996.309475;51.42999359;1091.516572
2000;YR2000;Belgium;BEL;10.6408;77.72195122;3;23098.88651;11.43958054;2226.144287;8247.677113;450.2873186;19774.62329
2000;YR2000;Belize;BLZ;97.2162;68.847;12;3364.491731;1.819578666;219.2567139;;81.79722149;2651.809204
2000;YR2000;Benin;BEN;118.5246;55.391;39;512.673902;0.206817822;54.59894562;58.11289515;28.59346514;409.3053894
2000;YR2000;Bermuda;BMU;;77.88536585;;56284.16865;;;;;
2000;YR2000;Bhutan;BTN;77.1602;60.884;31.8;718.196337;0.355321532;115.9899674;;13.38680179;636.905736
2000;YR2000;Bolivia;BOL;86.5276;62.452;29.6;997.5817508;0.975259762;151.1005096;415.8811727;50.62970348;862.3586257
2000;YR2000;Bosnia and Herzegovina;BIH;21.4168;74.403;6.9;1484.176057;3.721499604;351.1878357;2030.296632;138.695097;1487.779123
2000;YR2000;Botswana;BWA;59.1762;50.629;16.6;3522.310821;2.452333155;511.8795471;1155.578328;56.21947222;2866.593176
2000;YR2000;Brazil;BRA;82.21;70.116;18.5;3749.910848;1.794549984;755.1784058;1897.353148;276.3365486;3211.677792
2000;YR2000;British Virgin Islands;VGB;;;;;;;;;
2000;YR2000;Brunei Darussalam;BRN;27.4754;72.809;5;18012.50219;14.16711189;1875.741455;7545.787986;296.9544962;12540.55177
2000;YR2000;Bulgaria;BGR;44.808;71.66341463;7.9;1621.242961;5.3144536;373.5981445;3673.606871;150.8428743;1373.518768
2000;YR2000;Burkina Faso;BFA;139.304;50.489;40.7;255.7186873;0.080978977;27.19965553;;11.46739689;239.2911061
2000;YR2000;Burundi;BDI;76.266;49.091;36.6;136.4639708;0.040759564;32.55393982;;13.60329355;95.8285939
2000;YR2000;Cabo Verde;CPV;96.512;68.583;18.1;1259.353067;0.513805006;136.9589691;;34.59472475;1072.328163
2000;YR2000;Cambodia;KHM;49.5172;58.432;35.2;300.613679;0.161247317;70.34794617;32.74307766;48.31669533;269.9077378
2000;YR2000;Cameroon;CMR;154.7712;50.993;35.6;681.102043;0.335826918;83.44686127;175.2616872;64.69634262;528.3633596
2000;YR2000;Canada;CAN;16.8338;79.13658537;3.8;24271.00206;16.75762643;2429.605713;17037.07228;403.4411423;19237.60666
2000;YR2000;Cayman Islands;CYM;;;;;;;;;
2000;YR2000;Central African Republic;CAF;149.054;44.19;49;251.832764;0.065926441;27.27721214;;12.83117074;225.7184969
2000;YR2000;Chad;TCD;212.41;47.713;44.1;166.1757089;0.034707038;45.39679337;;25.52037901;139.8477854
2000;YR2000;Channel Islands;CHI;13.656;79.037;;43380.80298;;;;;
2000;YR2000;Chile;CHL;60.3632;76.366;5.7;5100.254133;3.286328366;672.1102905;2499.291178;287.763786;4085.023796
2000;YR2000;China;CHN;9.911;71.397;21.4;959.3724836;2.650412428;128.2019196;992.9433847;77.08183485;800.5824126
2000;YR2000;Colombia;COL;97.6814;72.945;13.5;2520.481089;1.472118383;373.7016907;845.5975169;51.16362162;2008.244487
2000;YR2000;Comoros;COM;94.8934;59.46;40.8;647.4258118;0.184380059;130.8059845;;104.3684107;592.4764284
2000;YR2000;Congo, Dem. Rep.;COD;125.4476;50.041;38.4;405.2162186;0.034602936;6.93158865;96.56978765;3.54082913;313.2064926
2000;YR2000;Congo, Rep.;COG;122.1396;52.123;30.7;1032.137576;1.390922869;57.38006973;95.60596274;30.23914124;61.68120043
2000;YR2000;Costa Rica;CRI;74.9312;77.452;7.7;3789.053886;1.249252657;516.6998291;1506.926791;163.1473138;3392.854693
2000;YR2000;Cote d'Ivoire;CIV;137.767;49.635;45.8;1007.46739;0.394417144;194.0613251;173.9932639;141.7912533;539.4569133
2000;YR2000;Croatia;HRV;16.773;72.80780488;5.5;4887.713716;4.037327826;811.4234009;2828.815062;112.4734429;3987.99197
2000;YR2000;Cuba;CUB;52.9062;76.699;4.3;2747.100303;2.547988693;547.9127808;1137.921864;88.9228566;2365.639752
2000;YR2000;Curacao;CUW;41.2672;;;;;;7291.199761;;
2000;YR2000;Cyprus;CYP;9.5572;78.009;3.7;14388.34766;7.55866713;1136.260742;3373.306986;635.1914261;11346.93066
2000;YR2000;Czechia;CZE;13.4416;74.96829268;2.7;6029.038193;12.01065269;923.9169922;5703.816739;94.21649731;4584.278364
2000;YR2000;Denmark;DNK;7.1736;76.59268293;3.5;30743.54768;9.850895645;2327.757813;6482.488628;357.4605656;24600.59382
2000;YR2000;Djibouti;DJI;33.099;57.022;43.9;768.1835703;0.515624107;70.82596588;;36.35671475;760.4543222
2000;YR2000;Dominica;DMA;;;12.9;4787.801441;1.866475233;346.7678528;;114.5188834;3976.409532
2000;YR2000;Dominican Republic;DOM;107.8534;69.429;23.3;2869.178139;2.20390761;324.2450562;1327.774654;179.3728287;2664.146119
2000;YR2000;Ecuador;ECU;84.1908;72.761;14.1;1445.279324;1.738804994;194.5037231;634.8806805;123.6717899;1001.722832
2000;YR2000;Egypt, Arab Rep.;EGY;55.6848;68.602;22.4;1450.476242;1.665079192;299.894104;976.9646224;187.4018728;1271.98599
2000;YR2000;El Salvador;SLV;91.262;68.875;15;2001.540049;0.956193433;396.9402771;614.9869309;205.1561701;1835.698166
2000;YR2000;Equatorial Guinea;GNQ;183.0362;53.279;44.3;1725.557584;3.662278531;182.898346;;142.9049135;
2000;YR2000;Eritrea;ERI;88.595;55.273;27;308.1341868;0.279181805;72.85005951;75.03011019;46.45501569;262.6356804
2000;YR2000;Estonia;EST;26.2586;70.41707317;5.3;4070.609024;10.68014331;485.2248535;4540.492561;98.81418487;3406.052036
2000;YR2000;Eswatini;SWZ;108.631;47.49;25.3;1728.710498;0.68627217;217.6580353;;40.32154274;1515.841634
2000;YR2000;Ethiopia;ETH;110.6438;51.941;48.6;124.4607909;0.053756289;21.06814003;22.75582252;7.57553407;93.31807736
2000;YR2000;Faroe Islands;FRO;;78.43658537;;22856.73883;;;;;
2000;YR2000;Fiji;FJI;42.88;65.687;10.1;2069.317455;0.998753408;216.5006561;;23.46275421;1849.125872
2000;YR2000;Finland;FIN;10.1402;77.46585366;2.5;24345.91482;10.64485611;1896.237793;15305.40981;410.1005381;20023.60312
2000;YR2000;France;FRA;7.6438;79.05609756;2.8;22419.69482;6.125507901;2516.921631;7224.526985;183.0682091;19226.02619
2000;YR2000;French Polynesia;PYF;47.4068;72.303;;14350.61586;;;;;
2000;YR2000;Gabon;GAB;138.5048;58.264;26.9;4135.99238;4.949693046;402.4527893;880.0358853;213.8234797;1739.248258
2000;YR2000;Gambia, The;GMB;123.7992;55.956;40.6;594.1493885;0.182134433;219.901886;;28.66757012;471.5840861
2000;YR2000;Georgia;GEO;53.2282;69.902;22.8;749.908535;1.169940333;214.6307831;1574.391404;173.8173125;653.3160564
2000;YR2000;Germany;DEU;12.6676;77.92682927;2.8;23694.76048;10.09931602;2692.238037;6635.421406;330.8383772;19480.13219
2000;YR2000;Ghana;GHA;83.9638;57.002;35.8;258.4710399;0.297735601;71.00151825;326.1605334;37.35392677;191.4178935
2000;YR2000;Gibraltar;GIB;;;;;;;3893.053634;;
2000;YR2000;Greece;GRC;11.0336;77.88780488;3.9;12072.92936;8.741595261;1418.197266;4586.32987;514.4101227;
2000;YR2000;Greenland;GRL;;66.22243902;;19004.10729;;;;;
2000;YR2000;Grenada;GRD;55.2782;72.648;8;5056.977259;2.042066571;409.4651184;;242.8231757;
2000;YR2000;Guam;GUM;62.3426;75.011;;;;;;;
2000;YR2000;Guatemala;GTM;111.514;67.849;21.3;1664.298958;0.81278639;273.9997253;332.1897665;161.6324151;1490.61916
2000;YR2000;Guinea;GIN;168.9176;51.203;45.5;363.4822793;0.180809115;53.71787262;;35.08255222;307.3844404
2000;YR2000;Guinea-Bissau;GNB;130.187;50.368;55.3;308.9103184;0.12486421;76.28691101;;28.76556076;245.7436009
2000;YR2000;Guyana;GUY;97.1796;65.242;27;954.4003181;2.22306145;160.9660645;;64.7884917;764.819517
2000;YR2000;Haiti;HTI;68.519;57.131;29.8;805.0256325;0.173680812;82.9757843;35.79951421;36.81920734;794.0119562
2000;YR2000;Honduras;HND;116.1338;70.689;17.7;1093.1081;0.758991925;162.4290466;488.401417;74.6342308;976.4104203
2000;YR2000;Hong Kong SAR, China;HKG;4.3656;80.87804878;;25756.66378;;;5446.661665;;
2000;YR2000;Hungary;HUN;22.8472;71.24634146;5.8;4624.281657;5.350127818;802.9237671;3309.283711;219.7093769;3455.932595
2000;YR2000;Iceland;ISL;19.7576;79.65365854;2.1;32096.37226;7.930157714;2667.52124;26201.52558;518.2211844;
2000;YR2000;India;IND;66.837;62.505;44.7;443.3141938;0.887641212;86.04083252;393.6462478;61.69302148;386.7744943
2000;YR2000;Indonesia;IDN;50.3512;65.772;22.8;780.1902047;1.326863641;95.60730743;390.4236575;43.20974397;634.2520842
2000;YR2000;Iran, Islamic Rep.;IRN;37.3756;70.176;19.5;1670.009674;5.187936248;499.147644;1546.506347;297.4927927;1229.361255
2000;YR2000;Iraq;IRQ;63.8182;69.082;23.9;2058.264401;3.729318782;;1240.978383;;1658.644214
2000;YR2000;Ireland;IRL;18.5508;76.53658537;4;26334.56721;11.17688705;1795.642944;5796.055581;217.5796635;19882.73318
2000;YR2000;Isle of Man;IMN;;;;20322.68202;;;;;
2000;YR2000;Israel;ISR;16.6924;78.95365854;3.6;21061.48228;9.063444109;1793.571777;6323.103832;528.9212705;16907.70154
2000;YR2000;Italy;ITA;6.8174;79.77804878;3.5;20137.59122;7.662168039;2050.036621;5299.856479;542.5315721;17057.93793
2000;YR2000;Jamaica;JAM;87.8926;74.142;17;3392.123878;3.78950826;358.7633972;2276.341791;106.3003865;2982.815058
2000;YR2000;Japan;JPN;5.1366;81.07609756;1.8;39169.35957;9.323415561;1908.959961;8299.409506;303.8370122;30029.81939
2000;YR2000;Jordan;JOR;37.1052;71.73;16;1651.621798;3.176186604;572.1002808;1289.605944;223.6932048;1504.560136
2000;YR2000;Kazakhstan;KAZ;34.3114;65.45;23.9;1229.001247;8.072629613;320.9068298;3169.523341;155.6738062;751.9682618
2000;YR2000;Kenya;KEN;107.1176;50.921;28.2;397.4826588;0.260288294;72.85281372;104.3968793;34.3255355;319.6824263
2000;YR2000;Kiribati;KIR;36.7252;63.144;28;796.8032036;0.355429181;136.8579254;;0.20607434;1219.845765
2000;YR2000;Korea, Dem. People's Rep.;PRK;1.0744;65.268;27.3;;3.132267246;;712.3705541;;
2000;YR2000;Korea, Rep.;KOR;2.4844;75.9097561;3.4;12256.99357;9.714493739;716.9293823;5906.959333;312.8569479;10061.74154
2000;YR2000;Kosovo;XKX;;67.95121951;;;;;1557.058824;;
2000;YR2000;Kuwait;KWT;22.3212;73.142;6.6;18440.37852;24.37017236;1237.95166;14066.14663;315.6058198;18624.68792
2000;YR2000;Kyrgyz Republic;KGZ;45.622;68.55853659;20.6;279.6195693;0.95337253;81.89558411;1696.064021;42.29615902;218.4636884
2000;YR2000;Lao PDR;LAO;82.354;58.803;38.2;325.1869371;0.169055324;81.15499115;;36.34099521;247.6868732
2000;YR2000;Latvia;LVA;19.1344;70.31463415;7.1;3361.640869;2.927076514;434.4089356;2082.321387;207.0354725;2394.04386
2000;YR2000;Lebanon;LBN;25.0224;74.507;11.7;4491.641934;4.077783393;955.8760376;2513.548806;552.4092236;3960.229448
2000;YR2000;Lesotho;LSO;86.9672;47.691;39.6;436.4881373;0.191853129;67.33602142;;26.75082348;499.5021036
2000;YR2000;Liberia;LBR;148.8488;51.734;48.1;306.8338642;0.150959453;42.15079117;;29.54826341;178.0592425
2000;YR2000;Libya;LBY;7.1272;70.852;15.1;7142.771786;8.346564592;618.0682983;2221.768893;317.0141233;
2000;YR2000;Liechtenstein;LIE;;76.82682927;;74853.93873;6.629701061;;;;
2000;YR2000;Lithuania;LTU;25.3534;72.0195122;4.5;3293.229979;3.003255289;521.9611206;2516.905098;141.7237567;2715.589775
2000;YR2000;Luxembourg;LUX;11.0842;77.87317073;2.3;48659.59888;19.61952785;3287.651611;15668.11827;468.5193086;37689.82738
2000;YR2000;Macao SAR, China;MAC;5.1294;80.407;;15835.99101;;;;;
2000;YR2000;Madagascar;MDG;151.7314;58.485;30.7;293.6071574;0.104650238;57.91960907;;22.40598664;247.4829307
2000;YR2000;Malawi;MWI;157.79;45.09;39.1;156.3858168;0.063684264;24.80569839;;2.70981193;122.6098082
2000;YR2000;Malaysia;MYS;13.7106;72.594;4.8;4043.662923;5.361673228;353.6620483;2747.059918;143.9475823;2499.725752
2000;YR2000;Maldives;MDV;31.0428;70.173;22.4;2234.595861;1.646408682;818.6723633;;515.7170153;1914.653202
2000;YR2000;Mali;MLI;188.1362;48.069;51;270.5430066;0.128808907;62.01758957;;42.67872629;241.1118696
2000;YR2000;Malta;MLT;19.6294;78.34878049;5.2;10432.32812;5.46032039;1211.157349;4311.858637;319.4261216;
2000;YR2000;Marshall Islands;MHL;;65.23902439;18.8;2272.678016;1.970288056;406.752655;;37.54028738;
2000;YR2000;Mauritania;MRT;96.4362;60.706;42.5;676.5690224;0.482849894;105.8482285;;82.3719171;634.8049184
2000;YR2000;Mauritius;MUS;36.4048;71.66341463;12.4;3929.075495;2.047396815;273.3607178;1363.24611;120.2789021;3450.059384
2000;YR2000;Mexico;MEX;78.876;74.34;14.4;7157.8145;3.83397972;493.3996582;1800.467938;257.6712613;5916.701298
2000;YR2000;Micronesia, Fed. Sts.;FSM;38.4866;64.55;20;2171.889577;1.210371957;170.1594544;;8.20075769;2064.308661
2000;YR2000;Moldova;MDA;41.8018;67.006;20.4;440.6720307;2.294971959;149.6220245;2039.13902;70.58055414;328.1385663
2000;YR2000;Monaco;MCO;;;2.8;82365.49236;;1642.677002;;115.1877165;
2000;YR2000;Mongolia;MNG;25.5016;62.869;23.7;474.2170943;3.754040286;212.3950958;1053.633974;41.94703326;414.8668769
2000;YR2000;Montenegro;MNE;18.628;73.18207317;8.6;1627.072633;2.512604347;;;;
2000;YR2000;Morocco;MAR;35.5236;68.684;28.4;1334.943481;1.141917571;143.9424744;490.0382278;77.89816494;1168.498291
2000;YR2000;Mozambique;MOZ;183.1252;48.946;46.6;319.3596208;0.080736566;10.61423779;125.6215798;4.04926532;253.9419441
2000;YR2000;Myanmar;MMR;37.878;60.063;37.6;146.6045788;0.202056101;19.54582024;75.25733578;16.74212951;7795.607891
2000;YR2000;Namibia;NAM;84.8626;52.192;23.4;2185.604115;1.081031081;503.8659363;1052.05499;33.67624037;1948.627132
2000;YR2000;Nauru;NRU;;;25.6;;8.708272859;1157.086304;;29.52970198;
2000;YR2000;Nepal;NPL;112.9564;62.288;39.3;229.4903926;0.13449675;42.34119797;58.81100112;23.61878715;222.650144
2000;YR2000;Netherlands;NLD;6.7504;77.98780488;3.8;26214.49855;10.178636;2466.850098;6507.105925;272.1566151;22552.0662
2000;YR2000;New Caledonia;NCL;27.4558;75.16341463;;16039.17388;;;;;9813.570407
2000;YR2000;New Zealand;NZL;27.9774;78.63658537;3.5;13641.10272;7.634082484;1606.595337;9384.348187;246.7986714;10755.95756
2000;YR2000;Nicaragua;NIC;118.6528;69.527;16.8;1007.499839;0.743690956;145.810257;344.8201037;63.9858717;879.6036347
2000;YR2000;Niger;NER;217.1594;49.928;43;197.8326834;0.059126893;36.32669067;32.74041414;21.97698016;198.3243481
2000;YR2000;Nigeria;NGA;132.8236;46.267;46.4;567.9307221;0.795035466;77.4000473;74.49061979;46.56546916;409.8805925
2000;YR2000;North Macedonia;MKD;28.1426;72.94634146;9.6;1861.898065;4.323043897;543.6251221;2907.691169;228.7940965;1493.143825
2000;YR2000;Northern Mariana Islands;MNP;;;;;;;;;
2000;YR2000;Norway;NOR;11.1134;78.63414634;2.7;38131.46061;7.635326646;2857.773438;24993.7263;512.7294411;28079.79247
2000;YR2000;Oman;OMN;30.0226;72.126;7.3;8601.271944;11.07156038;1101.535278;3201.978154;129.4250701;4478.476081
2000;YR2000;Pakistan;PAK;56.3922;62.82;56.8;576.1955804;0.691074356;74.68946075;362.404816;45.95933494;504.432996
2000;YR2000;Palau;PLW;;70.49365854;15.4;7657.951214;10.99246231;872.1618042;;140.9924727;
2000;YR2000;Panama;PAN;91.3934;75.06;14.7;4060.317793;1.742382768;587.7609863;1266.527474;161.278999;3550.355006
2000;YR2000;Papua New Guinea;PNG;67.6438;59.265;30.2;602.1864903;0.483960059;39.55804443;;3.73540456;411.136867
2000;YR2000;Paraguay;PRY;86.9502;70.546;18.1;1663.604939;0.661256139;400.480072;884.0543718;196.6234215;1240.469267
2000;YR2000;Peru;PER;72.4538;71.111;16.1;1955.588006;1.082012872;216.8294983;666.1767689;87.34198658;1701.706259
2000;YR2000;Philippines;PHL;51.948;68.793;16.5;1072.801752;0.92445667;105.0821304;499.3476426;43.28854835;1084.481699
2000;YR2000;Poland;POL;16.9076;73.74878049;5.8;4501.454067;7.73080499;564.5070801;3256.180455;176.8443819;3835.485056
2000;YR2000;Portugal;PRT;20.2862;76.31463415;3.4;11526.37207;5.99228486;1630.775269;3988.960824;419.3513655;9523.698483
2000;YR2000;Puerto Rico;PRI;68.2096;76.68926829;;16192.12697;;;;;
2000;YR2000;Qatar;QAT;20.4854;77.467;6.6;29976.16763;48.37400227;1944.836182;14348.47848;584.1188932;14985.78238
2000;YR2000;Romania;ROU;37.409;71.16341463;10.5;1659.90764;3.966498018;246.1016083;1987.66019;47.79225082;1284.683057
2000;YR2000;Russian Federation;RUS;30.5882;65.48365854;9;1771.594116;10.66769032;367.5820313;5198.405704;111.042369;1277.561157
2000;YR2000;Rwanda;RWA;48.9988;48.649;43.2;260.6076547;0.068064184;22.92061234;;6.09397932;220.8605105
2000;YR2000;Samoa;WSM;40.2346;68.748;8.7;1483.807415;0.859825513;147.5020752;;17.63212299;
2000;YR2000;San Marino;SMR;;;2.8;36604.49338;;2827.893555;;717.977228;
2000;YR2000;Sao Tome and Principe;STP;112.9276;61.365;22.2;;0.351459259;188.0910797;;73.10968878;
2000;YR2000;Saudi Arabia;SAU;27.3198;72.561;11.5;9171.331476;12.08197508;1679.694458;5664.96837;310.1129597;7220.920148
2000;YR2000;Senegal;SEN;104.0724;57.787;38.2;613.7323845;0.414381656;67.52839661;102.5747696;37.55091933;536.7064226
2000;YR2000;Serbia;SRB;27.104;71.58292683;7.8;914.7857199;5.852577835;371.9529114;4198.715706;110.1292598;
2000;YR2000;Seychelles;SYC;57.9036;72.77804878;8.7;7578.851053;3.574465987;659.0553589;;117.8939291;6280.021303
2000;YR2000;Sierra Leone;SLE;160.9152;39.441;48.4;138.6987225;0.071980578;116.4758911;;88.11829001;107.0335483
2000;YR2000;Singapore;SGP;7.501;77.95121951;1.6;23852.32703;10.45709574;1465.142578;7575.435954;705.8887591;20303.50763
2000;YR2000;Sint Maarten (Dutch part);SXM;;;;;;;;;
2000;YR2000;Slovak Republic;SVK;23.2876;73.05121951;5;5426.624281;7.064757493;602.4018555;4955.907896;65.29413685;3825.15445
2000;YR2000;Slovenia;SVN;7.1828;75.41219512;3.2;10201.30354;7.310481793;1406.265137;5777.995651;186.6573709;8153.507749
2000;YR2000;Solomon Islands;SLB;70.517;67.442;12.8;1017.399663;0.581585548;77.14681244;;4.16405713;908.8687926
2000;YR2000;Somalia;SOM;127.0688;50.869;44.7;;0.055228381;;;;
2000;YR2000;South Africa;ZAF;70.2842;56.048;16.9;3374.718423;6.330319712;629.9007568;4579.952732;91.09321191;2819.030126
2000;YR2000;South Sudan;SSD;123.8528;49.166;56;;0.074200777;;;;
2000;YR2000;Spain;ESP;9.3164;78.96585366;2.8;14749.68742;7.230107062;1471.743042;5167.809673;357.9914436;12755.24816
2000;YR2000;Sri Lanka;LKA;28.4064;71.333;9.7;869.696285;0.582076331;176.3160248;294.819265;70.60372998;799.5008531
2000;YR2000;St. Kitts and Nevis;KNA;;;16.6;9565.949909;4.310051494;784.1453857;;412.7647113;
2000;YR2000;St. Lucia;LCA;60.667;73.319;11.4;5950.047485;2.488244639;450.4605103;;265.1630368;5038.606048
2000;YR2000;St. Martin (French part);MAF;;76.87317073;;;;;;;
2000;YR2000;St. Vincent and the Grenadines;VCT;69.2202;70.809;13.1;3970.293622;1.484409066;267.2809143;;72.91254094;3371.16853
2000;YR2000;Sudan;SDN;116.3534;58.472;37.1;366.1727295;0.208615803;76.29737091;79.55998124;47.16906012;
2000;YR2000;Suriname;SUR;84.4904;67.822;17.1;2012.281651;3.142624176;494.3825073;2265.662159;76.11721137;1508.273965
2000;YR2000;Sweden;SWE;6.7206;79.64390244;2.3;29624.91267;6.005336499;2173.662598;15681.61527;314.3654766;25023.01977
2000;YR2000;Switzerland;CHE;5.4812;79.6804878;3.5;38952.0342;6.084142395;3362.197998;7845.634548;1043.646995;33243.816
2000;YR2000;Syrian Arab Republic;SYR;60.0856;73.11;12.1;4910.777748;2.705527631;144.8544006;1064.905425;93.17862302;4008.287557
2000;YR2000;Tajikistan;TJK;45.6764;61.974;28.4;138.4291467;0.353906622;45.22412491;2161.56513;35.79567313;
2000;YR2000;Tanzania;TZA;134.261;50.801;33.7;410.9523621;0.088061865;36.56941605;59.10592968;14.06832155;340.9773865
2000;YR2000;Thailand;THA;43.44;70.623;12.4;2007.735271;2.612916672;226.4811859;1448.072733;77.42392694;1582.085885
2000;YR2000;Timor-Leste;TLS;61.6138;59.002;37.8;415.0859486;;;;;
2000;YR2000;Togo;TGO;94.9228;53.491;36.7;302.958592;0.257899125;36.65238953;95.2399132;28.15386834;267.7042551
2000;YR2000;Tonga;TON;21.7608;69.667;7.1;2091.113009;1.020803985;109.1031723;;19.50810402;1940.217309
2000;YR2000;Trinidad and Tobago;TTO;40.7776;69.413;18;6435.134212;8.049502864;626.6724854;3993.184754;359.3689983;4497.84751
2000;YR2000;Tunisia;TUN;7.5222;73.172;18.3;2211.835015;2.13218584;301.8356934;976.4793121;116.5987138;1706.753585
2000;YR2000;Turkiye;TUR;49.0298;70.005;18.2;4337.478003;3.421874278;443.0808411;1652.746301;126.7229168;3585.954191
2000;YR2000;Turkmenistan;TKM;24.8256;63.613;29.6;643.1754381;8.527216235;174.617218;1692.15753;87.32062446;239.5340479
2000;YR2000;Turks and Caicos Islands;TCA;;;;;;;;;
2000;YR2000;Tuvalu;TUV;;;24.3;1605.005484;1.064735945;596.156189;;0.61966686;
2000;YR2000;Uganda;UGA;171.6676;46.229;32.3;261.8691416;0.054967918;48.75408554;;21.02841832;208.5083098
2000;YR2000;Ukraine;UKR;34.9826;67.67560976;11;658.3486328;6.04719734;226.96138;2778.400252;109.832637;491.5324402
2000;YR2000;United Arab Emirates;ARE;26.3898;74.327;5.9;33291.36625;27.03515911;2325.354004;12314.03158;513.5180537;30318.32984
2000;YR2000;United Kingdom;GBR;28.0886;77.74146341;3.8;28223.06757;9.014558285;1904.535645;6114.529259;337.3489065;24420.12495
2000;YR2000;United States;USA;46.1652;76.63658537;4.6;36329.95607;20.46980666;4543.436035;13671.05202;686.6215121;31226.49088
2000;YR2000;Uruguay;URY;65.7322;74.731;8.5;6875.025469;1.644710088;1026.147827;2031.186836;258.2475843;6114.542684
2000;YR2000;Uzbekistan;UZB;27.8296;67.156;27.8;558.2268024;5.02263655;159.1620331;1780.457924;96.73412503;427.4639886
2000;YR2000;Vanuatu;VUT;59.946;67.363;12;1470.63587;0.486581173;74.44516754;;7.85559012;1263.4828
2000;YR2000;Venezuela, RB;VEN;92.8978;72.112;11.1;4842.036601;5.436407038;862.4542847;2667.60922;355.7846114;3655.453949
2000;YR2000;Vietnam;VNM;28.6456;73.025;15;390.0933309;0.640842656;96.36966705;286.6209761;35.84152189;338.9896031
2000;YR2000;Virgin Islands (U.S.);VIR;55.4724;76.6195122;;;;;;;
2000;YR2000;West Bank and Gaza;PSE;81.1304;71.022;17.1;1476.17185;;;;;
2000;YR2000;Yemen, Rep.;YEM;95.856;60.683;37;554.4486653;0.863343024;138.1360626;142.7416776;60.07993926;328.4651121
2000;YR2000;Zambia;ZMB;159.9716;44;34.3;345.6896207;0.173772089;117.6506882;597.5455701;31.28341377;248.4777784
2000;YR2000;Zimbabwe;ZWE;100.2418;44.649;24.6;563.0575041;1.153054813;;897.8677912;;469.3360737
2014;YR2014;Afghanistan;AFG;88.061;62.966;41.9;614.2233424;0.146235617;198.2940979;;144.8655851;564.3883746
2014;YR2014;Albania;ALB;20.2948;77.813;5.9;4578.633208;1.668337371;618.1141968;2309.366503;322.3203495;3844.337544
2014;YR2014;Algeria;DZA;10.962;75.878;15.7;5493.056695;3.795632251;851.3517456;1362.871884;226.9572232;4124.117026
2014;YR2014;American Samoa;ASM;;;;11525.15639;;;;;
2014;YR2014;Andorra;AND;;;1.8;41302.38214;5.807127723;2888.261719;;401.6787878;
2014;YR2014;Angola;AGO;160.6504;58.776;31.7;5094.112329;1.099779111;199.0945892;312.2288945;53.50899481;3608.617334
2014;YR2014;Antigua and Barbuda;ATG;45.3128;76.349;4.5;13501.58092;5.185713244;1118.010742;;283.3450389;
2014;YR2014;Argentina;ARG;63.253;75.913;6.9;12334.79825;4.209095633;1905.104736;3074.702071;515.1804677;10231.59767
2014;YR2014;Armenia;ARM;23.5012;74.273;7.8;3986.231624;1.881607737;1021.580444;1961.610395;842.613504;3647.612545
2014;YR2014;Aruba;ABW;26.1768;75.583;;26895.05717;;;;;23123.0139
2014;YR2014;Australia;AUS;12.0672;82.3;2.4;62511.69059;15.83042152;4283.14209;10071.39898;831.0024224;48664.38619
2014;YR2014;Austria;AUT;8.0144;81.4902439;2.3;51786.37717;7.260404228;5082.537109;8355.841952;970.6718494;42460.55014
2014;YR2014;Azerbaijan;AZE;51.8792;72.022;14.7;7891.313147;3.38119922;590.9282837;2202.393918;387.5144142;6039.289026
2014;YR2014;Bahamas, The;BHS;31.6786;72.847;7.5;30154.73862;6.799325412;1847.066162;;523.1875701;26579.03158
2014;YR2014;Bahrain;BHR;13.743;76.624;3.2;24989.43753;22.66343283;2252.007324;19596.9831;589.4854463;17072.13959
2014;YR2014;Bangladesh;BGD;86.3478;71.231;24.8;1118.873808;0.413092687;89.45163727;320.2099233;62.55483324;1089.149403
2014;YR2014;Barbados;BRB;39.0454;78.717;9.5;16488.52573;4.458878192;1061.961792;;465.0938683;14070.20496
2014;YR2014;Belarus;BLR;18.6266;72.97073171;1.6;8341.399679;6.29728587;1025.960327;3690.103683;358.0019011;6920.552722
2014;YR2014;Belgium;BEL;5.4778;81.28780488;2.3;47764.07151;8.041711215;4771.913574;7709.123078;922.3337795;39498.79678
2014;YR2014;Belize;BLZ;71.0022;73.782;10.4;4744.108945;1.358364951;445.1761475;;99.11808496;3483.945125
2014;YR2014;Benin;BEN;92.2574;60.345;32.3;1291.410185;0.50452817;75.57946777;100.2251518;33.26444391;1144.180146
2014;YR2014;Bermuda;BMU;;80.79731707;;98467.68399;;;;;
2014;YR2014;Bhutan;BTN;24.867;70.046;19.3;2652.225654;0.973502632;290.4884644;;61.49998462;2176.967401
2014;YR2014;Bolivia;BOL;69.6934;69.891;17.6;3081.878824;1.90631555;416.0808716;742.5383997;128.5871155;2464.179645
2014;YR2014;Bosnia and Herzegovina;BIH;11.091;76.723;4.7;5330.355078;5.597187383;1082.855347;3446.764688;313.1871836;4413.117451
2014;YR2014;Botswana;BWA;47.3144;66.265;23.3;7495.220866;3.346708888;912.5057373;1815.553722;33.91870733;5903.840962
2014;YR2014;Brazil;BRA;62.0762;74.745;9.7;12112.83496;2.523232137;1319.800171;2619.960499;371.9229395;10407.20882
2014;YR2014;British Virgin Islands;VGB;;;;;;;;;
2014;YR2014;Brunei Darussalam;BRN;12.7734;75.193;5;41725.86752;17.27764771;1557.807861;10290.93802;114.2589701;32374.63536
2014;YR2014;Bulgaria;BGR;42.1976;74.46585366;4.3;7901.785876;5.820924714;1349.417725;4708.927458;543.0183815;6642.990206
2014;YR2014;Burkina Faso;BFA;110.9764;59.45;28.8;792.8462374;0.180825362;84.61976624;;28.83712535;677.8631519
2014;YR2014;Burundi;BDI;58.65;59.665;24.4;274.8578362;0.038601013;56.84440994;;17.37021337;192.8349623
2014;YR2014;Cabo Verde;CPV;76.6942;71.886;12.6;3588.625584;0.964736936;306.2173462;;78.69495771;2978.559837
2014;YR2014;Cambodia;KHM;49.3604;68.273;17.2;1093.495976;0.455006519;213.4678345;271.3672049;125.1386342;936.0857785
2014;YR2014;Cameroon;CMR;114.8954;57.083;29.9;1604.214035;0.363726897;125.8601608;275.1979743;80.93346956;1275.520068
2014;YR2014;Canada;CAN;10.2512;81.8;3.6;50955.99832;15.84990541;4659.252441;15588.48715;680.125571;41719.05248
2014;YR2014;Cayman Islands;CYM;;;;74990.43274;;;;;
2014;YR2014;Central African Republic;CAF;134.7086;50.129;43.2;424.4491317;0.029120747;35.41543961;;17.80893411;344.8636323
2014;YR2014;Chad;TCD;171.368;52.789;36.1;1020.287979;0.165403428;71.96820831;;40.10155049;732.9512681
2014;YR2014;Channel Islands;CHI;8.0034;82.252;;;;;;;
2014;YR2014;Chile;CHL;48.702;79.504;5.2;14606.99672;4.311060938;1779.022217;3879.67342;609.6483239;11802.95312
2014;YR2014;China;CHN;7.4802;75.629;5.8;7636.116601;7.294235506;587.2523193;3905.317598;214.7278268;5799.901238
2014;YR2014;Colombia;COL;70.6512;76.322;8.7;8114.343921;1.686264961;946.6836548;1312.199493;154.0917846;6512.786839
2014;YR2014;Comoros;COM;70.808;63.214;33.6;1513.830379;0.223863893;142.1411133;;93.24022373;1363.567099
2014;YR2014;Congo, Dem. Rep.;COD;127.2944;58.828;30;486.7870951;0.069678432;33.80978012;108.5167041;13.08993113;310.8684922
2014;YR2014;Congo, Rep.;COG;115.8992;62.582;21.1;3781.515735;1.095638253;117.0279617;202.8725144;36.49670916;2309.628534
2014;YR2014;Costa Rica;CRI;57.2442;79.398;6.3;10847.16967;1.63281817;1231.360474;1942.4906;300.6157916;9833.773405
2014;YR2014;Cote d'Ivoire;CIV;121.6986;55.508;36.8;2156.645883;0.406222759;161.29422;274.7302239;82.49138721;1467.473182
2014;YR2014;Croatia;HRV;10.1756;77.47804878;3.1;13762.37286;3.831644469;1475.167969;3714.382988;166.3293554;11238.21638
2014;YR2014;Cuba;CUB;52.8886;78.521;2.5;7133.337679;2.3605037;2706.486328;1450.882819;260.8749044;6173.603437
2014;YR2014;Curacao;CUW;32.2284;77.97560976;;19552.66055;;;4797.670436;;
2014;YR2014;Cyprus;CYP;4.9294;80.178;1.7;27163.33203;5.909934629;2077.878418;3624.933502;937.3514148;22661.11328
2014;YR2014;Czechia;CZE;11.24;78.82439024;1.6;19890.91991;9.264302843;2472.175537;6258.891037;348.1315712;14292.81838
2014;YR2014;Denmark;DNK;4.3108;80.7;3;62548.98473;6.347153074;4886.55127;5858.801536;673.1004852;53767.19849
2014;YR2014;Djibouti;DJI;20.5636;63.171;34.7;2464.294905;0.445083888;127.2684631;;28.83843133;2072.335168
2014;YR2014;Dominica;DMA;;;23.9;7317.486143;2.531966172;574.2160645;;205.2524027;6687.277885
2014;YR2014;Dominican Republic;DOM;96.2568;73.003;24.4;6608.825501;2.110144291;774.951416;1615.514607;329.2317141;5938.291029
2014;YR2014;Ecuador;ECU;81.3508;75.923;7.5;6377.093929;2.620388632;787.590271;1376.393633;261.1891612;5072.291972
2014;YR2014;Egypt, Arab Rep.;EGY;54.983;71.117;12.8;3379.557986;2.423232509;547.5418091;1683.213258;301.8125503;2927.133633
2014;YR2014;El Salvador;SLV;71.8926;72.175;7.8;3589.042885;1.046841993;555.6079712;937.0744722;157.0799513;2995.216972
2014;YR2014;Equatorial Guinea;GNQ;162.3144;57.001;32.5;19394.08184;7.048195802;738.9296265;;550.3639682;6176.737618
2014;YR2014;Eritrea;ERI;57.2114;64.201;20.2;;0.196288983;80.79001617;96.63457996;42.53344398;
2014;YR2014;Estonia;EST;12.7578;77.03414634;1.5;20261.06673;13.64730803;1769.96167;6732.367473;400.4085745;16450.54989
2014;YR2014;Eswatini;SWZ;78.564;53.569;22.4;4039.159341;0.684917746;638.401001;;67.35446704;3298.711413
2014;YR2014;Ethiopia;ETH;73.4776;64.547;33.1;566.9264029;0.125797367;61.05818176;69.1987454;23.49157652;433.3202347
2014;YR2014;Faroe Islands;FRO;;81.59268293;;60484.34073;;;;;
2014;YR2014;Fiji;FJI;47.283;67.03;9.4;5605.609148;1.488838858;382.2297363;;76.04985896;4598.214875
2014;YR2014;Finland;FIN;6.779;81.1804878;1.4;50327.24029;8.451871908;4084.430176;15249.98938;720.3892094;41088.83308
2014;YR2014;France;FRA;5.8796;82.7195122;2.4;43068.54872;4.616052854;4644.625977;6939.943525;458.417998;36132.09522
2014;YR2014;French Polynesia;PYF;40.1706;76.546;;;;;;;
2014;YR2014;Gabon;GAB;102.1904;64.318;22.2;9663.42411;3.163816156;389.3187866;1167.851594;109.5146351;5975.725962
2014;YR2014;Gambia, The;GMB;85.8098;60.667;30.1;607.4299047;0.25691229;90.23688507;;16.59818919;439.0604918
2014;YR2014;Georgia;GEO;49.552;72.707;7.3;4739.188338;2.277240519;843.293457;2693.97276;556.3680143;4039.264711
2014;YR2014;Germany;DEU;8.0758;81.0902439;2.3;48023.86998;9.088506897;5195.209961;7035.482975;675.419681;40289.46858
2014;YR2014;Ghana;GHA;69.71;62.416;26.8;2012.264247;0.554280565;223.6450195;351.3014757;100.7535039;1502.451488
2014;YR2014;Gibraltar;GIB;;;;;;;5692.9372;;
2014;YR2014;Greece;GRC;8.0126;81.38536585;2.6;21616.71001;6.385178661;2100.170166;5062.606422;779.1361829;18007.65347
2014;YR2014;Greenland;GRL;;71.98560976;;50484.92757;;;;;
2014;YR2014;Grenada;GRD;32.8856;72.503;10.5;8370.040472;2.295684114;622.5448608;;323.0475345;
2014;YR2014;Guam;GUM;35.904;78.895;;34843.20557;;;;;
2014;YR2014;Guatemala;GTM;75.5146;72.935;13.9;3779.642336;0.911388463;439.1633911;601.1897311;243.9793286;3189.457845
2014;YR2014;Guinea;GIN;141.6414;59.016;32.4;787.2385644;0.200879386;86.40129089;;50.42314588;617.5754395
2014;YR2014;Guinea-Bissau;GNB;106.6092;56.556;40.2;623.3130914;0.159533648;147.8588257;;81.89677282;490.8978737
2014;YR2014;Guyana;GUY;79.59;69.049;20.8;5407.147366;2.698556721;432.3233948;;155.436003;4799.657844
2014;YR2014;Haiti;HTI;55.21;62.069;27.5;1435.13647;0.286282868;134.0503388;39.05580876;41.57613357;1367.713314
2014;YR2014;Honduras;HND;77.2212;74.278;10.9;2206.054397;1.056324782;352.4026489;619.837087;171.5770444;1892.646047
2014;YR2014;Hong Kong SAR, China;HKG;2.8946;83.9804878;;40315.28556;;;6083.269936;;
2014;YR2014;Hungary;HUN;21.7806;75.76341463;2.9;14298.83367;4.11798843;1808.397217;3965.958233;512.8778878;11220.61936
2014;YR2014;Iceland;ISL;8.1236;82.86097561;1.2;54576.74481;6.261721492;3771.124756;53832.47909;678.0585056;43168.23481
2014;YR2014;India;IND;22.102;68.286;27;1573.885642;1.657231271;189.4438171;804.5163493;126.9538732;1367.706157
2014;YR2014;Indonesia;IDN;49.2346;70.481;14.8;3491.637491;1.896733638;304.6796875;811.9098582;137.8593013;2626.136342
2014;YR2014;Iran, Islamic Rep.;IRN;36.9966;75.502;10.4;5943.048107;7.81441898;1029.781738;3022.121939;434.5109598;4406.916439
2014;YR2014;Iraq;IRQ;76.389;69.7;17.5;6637.684375;3.895158431;398.9890442;1328.230493;246.7234554;5106.865593
2014;YR2014;Ireland;IRL;9.4728;81.34878049;2.5;55599.8508;7.628162753;4898.442871;5672.064134;700.9572871;38481.209
2014;YR2014;Isle of Man;IMN;;;;92334.64631;;;;;
2014;YR2014;Israel;ISR;10.7686;82.15365854;2.1;37847.64994;7.877600353;2560.209717;6600.89828;589.1050676;32564.73755
2014;YR2014;Italy;ITA;5.6324;83.0902439;2.2;35565.72138;5.38747546;3210.07373;5002.40668;723.5494548;29028.50549
2014;YR2014;Jamaica;JAM;57.5552;74.042;11.4;4834.284009;2.500750419;441.4090576;1050.732539;94.51177402;4342.651511
2014;YR2014;Japan;JPN;4.1994;83.58780488;0.9;38475.39525;9.562839774;4214.348633;7819.714636;542.3731964;30074.24417
2014;YR2014;Jordan;JOR;27.2012;73.969;10.6;4131.44735;2.864728014;661.8590088;1864.932387;138.267479;3802.444011
2014;YR2014;Kazakhstan;KAZ;30.686;71.44;6.2;12807.26069;12.10241477;734.925354;5600.208465;174.9263018;8915.962809
2014;YR2014;Kenya;KEN;81.723;64.135;22.9;1462.220052;0.324410689;164.9500122;164.3252601;48.20136404;1061.234468
2014;YR2014;Kiribati;KIR;19.1512;66.995;24;1625.9913;0.548511237;190.1423187;;0.22402489;2942.563983
2014;YR2014;Korea, Dem. People's Rep.;PRK;0.2986;71.198;12.1;;1.246318841;;601.6890634;;
2014;YR2014;Korea, Rep.;KOR;1.6112;81.72195122;1.7;29249.57522;11.58874374;2293.312988;10496.51367;776.5593842;23851.74999
2014;YR2014;Kosovo;XKX;;71.09756098;;3902.676013;;;2818.337231;;
2014;YR2014;Kuwait;KWT;8.9452;75.019;5;44062.34091;23.1838022;2043.607056;15590.61258;284.6607787;40088.03233
2014;YR2014;Kyrgyz Republic;KGZ;39.516;70.40243902;15.1;1279.769783;1.663953395;314.5553894;1941.221832;177.1709885;980.3241431
2014;YR2014;Lao PDR;LAO;66.7636;66.144;25.5;1999.958203;0.653637811;135.005661;;68.6901562;1535.826328
2014;YR2014;Latvia;LVA;15.6418;74.12439024;2.9;15742.39134;3.651352159;1296.154663;3507.404521;506.8743456;11931.93371
2014;YR2014;Lebanon;LBN;15.6844;78.732;5;7681.657944;4.016900629;1129.731323;2588.864544;401.8699636;6199.671888
2014;YR2014;Lesotho;LSO;90.4976;49.891;44.1;1194.575627;0.298515066;266.0483093;;41.94934267;1118.505728
2014;YR2014;Liberia;LBR;137.81;61.723;32.3;739.911935;0.2798481;125.0470657;;63.94609388;358.7293281
2014;YR2014;Libya;LBY;5.9826;71.981;7.4;9017.93368;9.116574105;;1811.054601;;5696.286023
2014;YR2014;Liechtenstein;LIE;;82.07317073;;178864.8519;4.298879508;;;;
2014;YR2014;Lithuania;LTU;12.3984;74.51707317;2.4;16551.0182;3.703492659;1738.970825;3821.14517;547.6499154;14166.5983
2014;YR2014;Luxembourg;LUX;5.7332;82.22926829;1.6;123678.7021;17.34616222;5573.944824;13914.67845;619.1774181;75737.07083
2014;YR2014;Macao SAR, China;MAC;2.876;83.543;;93022.87514;;;;;
2014;YR2014;Madagascar;MDG;115.8552;65.133;22.7;530.8610389;0.127596996;68.89710999;;19.55547268;417.7828763
2014;YR2014;Malawi;MWI;139.6142;61.042;23.7;371.2695217;0.052180694;104.7910385;;8.57493336;284.7923857
2014;YR2014;Malaysia;MYS;13.255;75.268;4.1;11319.06194;7.923564998;926.005249;4651.951414;305.9953876;7946.230638
2014;YR2014;Maldives;MDV;9.6016;77.36;5.9;8499.307148;3.149294983;1264.719971;;355.8521975;6906.388142
2014;YR2014;Mali;MLI;174.9938;57.036;35.6;848.2789916;0.199595937;85.83843231;;28.7998029;721.2056238
2014;YR2014;Malta;MLT;13.1238;82.04634146;4.4;26754.26845;5.430805313;3157.483154;4924.544019;1151.165453;
2014;YR2014;Marshall Islands;MHL;;;16.9;3185.261354;2.623157336;440.6275024;;56.36731656;
2014;YR2014;Mauritania;MRT;75.8298;63.654;35.2;1677.109019;0.737745687;148.9201202;;70.91699439;1388.06228
2014;YR2014;Mauritius;MUS;27.3226;74.19439024;9.3;10153.93822;3.132598572;1018.623779;2182.509156;511.1479182;9345.388364
2014;YR2014;Mexico;MEX;63.728;74.908;8.3;10928.91601;3.840633659;1002.767578;2157.323788;409.8514317;8533.496609
2014;YR2014;Micronesia, Fed. Sts.;FSM;16.7032;67.152;15.6;2971.512602;1.303004361;331.733429;;8.96547812;3004.005366
2014;YR2014;Moldova;MDA;24.4262;71.267;11.7;3328.79433;2.698682174;611.9385986;1725.616479;234.6711213;3244.357488
2014;YR2014;Monaco;MCO;;;1.9;189432.37;;3684.357666;;216.7436837;
2014;YR2014;Mongolia;MNG;28.3458;68.863;9.8;4158.521471;6.163032906;461.7747498;2006.386834;161.4016972;3177.528991
2014;YR2014;Montenegro;MNE;11.7232;76.44146341;2.6;7387.871036;3.570222461;1220.366699;4612.34139;477.3487508;6780.677622
2014;YR2014;Morocco;MAR;32.5844;75.477;15.3;3171.699219;1.716465376;354.1233215;904.4418639;195.856414;2772.978516
2014;YR2014;Mozambique;MOZ;154.9374;56.062;31.8;673.9694763;0.184887949;72.12837219;478.920644;7.51916934;542.133598
2014;YR2014;Myanmar;MMR;29.2992;65.378;25.9;1210.097654;0.325932191;176.1763763;215.2988584;116.3387897;1042.991131
2014;YR2014;Namibia;NAM;72.84;61.425;21.8;5469.9014;1.737465854;880.1810913;1652.571933;79.54097264;4763.755826
2014;YR2014;Nauru;NRU;;;22;10171.48073;4.859558824;1007.289917;;13.22720894;
2014;YR2014;Nepal;NPL;71.6898;69.168;22.4;844.8531249;0.264996837;149.5908661;146.4730037;89.82563497;815.7739485
2014;YR2014;Netherlands;NLD;4.184;81.70731707;2.6;52900.53742;8.881703067;5213.549805;6712.774758;604.097465;43409.83614
2014;YR2014;New Caledonia;NCL;16.5478;77.23658537;;39675.58194;;;;;
2014;YR2014;New Zealand;NZL;21.4654;81.40487805;3.3;44572.89875;7.078489829;3467.033447;9012.731097;445.528522;36295.01681
2014;YR2014;Nicaragua;NIC;90.3624;73.429;12.4;1934.062922;0.774899292;394.2075501;568.3137183;139.2739418;1674.492525
2014;YR2014;Niger;NER;195.061;60.07;27.4;564.5967488;0.11174531;50.71801758;51.19494192;27.72933294;560.5091143
2014;YR2014;Nigeria;NGA;113.162;52.672;37.3;3098.985791;0.650945533;184.4022827;144.5254385;132.5007752;2554.416639
2014;YR2014;North Macedonia;MKD;17.1006;75.45121951;7.9;5495.735049;3.724356864;840.852356;3513.954972;294.1017107;4362.551106
2014;YR2014;Northern Mariana Islands;MNP;;;;15044.9359;;;;;
2014;YR2014;Norway;NOR;5.6798;82.1;1.7;97019.18275;7.613049325;6192.903809;22999.9346;890.4486689;77788.50425
2014;YR2014;Oman;OMN;14.2182;76.634;5;23017.93398;16.48517399;1368.846191;6445.58142;79.13513208;10455.17094
2014;YR2014;Pakistan;PAK;40.4238;66.36;46.2;1251.175719;0.789739106;115.3759766;447.5051567;76.7537339;1149.117458
2014;YR2014;Palau;PLW;;;10.9;13711.7617;12.48226944;2012.498413;;280.2066137;
2014;YR2014;Panama;PAN;84.8478;77.583;9.8;12796.07404;2.758047289;1584.815063;2064.177914;482.4486803;10993.08485
2014;YR2014;Papua New Guinea;PNG;55.0064;63.181;24.3;2920.782986;0.741185071;123.047142;;7.32777055;2414.433751
2014;YR2014;Paraguay;PRY;71.9578;73.473;12.3;6118.31811;0.853091846;759.1065674;1552.384687;336.940337;5358.397836
2014;YR2014;Peru;PER;60.1436;75.529;8.4;6672.877373;1.76701033;577.3228149;1345.879007;182.2108419;5708.816753
2014;YR2014;Philippines;PHL;56.029;70.481;14.3;2959.645435;1.013001909;257.7716675;696.346787;135.0122278;2978.722854
2014;YR2014;Poland;POL;12.815;77.60243902;3;14271.30585;7.516889481;1626.766968;3971.799761;374.3360476;12050.94199
2014;YR2014;Portugal;PRT;10.2004;81.12195122;2.1;22103.70097;4.415895252;2678.614502;4662.6008;785.7647017;17770.58584
2014;YR2014;Puerto Rico;PRI;38.9956;79.20246341;;28981.45733;;;;;
2014;YR2014;Qatar;QAT;10.7296;79.646;4;83858.34046;33.20589511;3127.255615;14781.62428;177.2023681;58781.5506
2014;YR2014;Romania;ROU;36.421;74.9097561;4.7;10043.67745;3.593353578;1035.371338;2584.411787;210.3222354;8039.920647
2014;YR2014;Russian Federation;RUS;24.1316;70.74365854;4.4;14095.64844;11.20820257;1348.150757;6602.657479;482.9845772;10995.67285
2014;YR2014;Rwanda;RWA;39.9726;66.884;20.2;742.9662434;0.077591916;119.2815323;;14.40707266;593.9420732
2014;YR2014;Samoa;WSM;26.505;72.549;7.5;3937.186298;1.092498145;367.9239502;;40.45375147;3369.424888
2014;YR2014;San Marino;SMR;;;1.1;50817.33082;;3744.274658;;661.8490581;
2014;YR2014;Sao Tome and Principe;STP;98.1116;69.052;12;1770.467688;0.613098843;256.9666748;;38.43793754;1258.220162
2014;YR2014;Saudi Arabia;SAU;9.1756;74.533;4.9;24464.21256;17.48316332;2913.332031;9401.485668;382.6915162;19438.39192
2014;YR2014;Senegal;SEN;79.2506;66.37;24.2;1396.657339;0.604596606;124.4391251;229.3516495;62.77738348;1217.294025
2014;YR2014;Serbia;SRB;17.1408;75.33658537;4.2;6600.056809;5.463794101;1352.356323;4271.744667;540.1953606;4752.379044
2014;YR2014;Seychelles;SYC;61.6054;73.22926829;8.9;15188.18905;5.14453966;1097.777222;;327.7281732;12012.15128
2014;YR2014;Sierra Leone;SLE;121.0864;52.372;35.7;714.6997957;0.163884125;352.6580811;;123.3186386;612.6640828
2014;YR2014;Singapore;SGP;3.7574;82.49512195;1;57562.53079;8.117411688;3235.425537;8844.687593;1077.33347;47493.61719
2014;YR2014;Sint Maarten (Dutch part);SXM;;77.06829268;;33043.68838;;;;;
2014;YR2014;Slovak Republic;SVK;23.752;76.81219512;3.1;18655.79011;5.617636524;1999.391724;5137.073835;360.0490729;15141.79117
2014;YR2014;Slovenia;SVN;4.3484;81.07804878;1.5;24247.17332;6.357966448;2625.701904;6727.999302;340.9066064;18923.60385
2014;YR2014;Solomon Islands;SLB;78.003;71.896;9.5;2274.966251;0.579138418;124.4499512;;3.47924245;2015.641561
2014;YR2014;Somalia;SOM;106.2596;55.509;40.8;374.1147807;0.048422285;;;;205.2362266
2014;YR2014;South Africa;ZAF;70.3488;61.968;11;6988.808739;8.212241156;1070.671143;4198.04612;60.6426136;5721.229123
2014;YR2014;South Sudan;SSD;71.6604;56.552;40.3;1322.820364;0.144956615;;43.58172834;;877.351569
2014;YR2014;Spain;ESP;8.4732;83.22926829;2;29500.78943;5.184067004;3045.224854;5355.987006;704.5319233;24558.14198
2014;YR2014;Sri Lanka;LKA;21.4786;76.147;5.5;3819.25353;0.847049783;405.7710571;531.0905766;197.5396582;3450.017162
2014;YR2014;St. Kitts and Nevis;KNA;;;11.4;18789.6345;4.529699153;1183.406128;;635.9409924;
2014;YR2014;St. Lucia;LCA;42.7128;75.44;12.6;9843.308534;2.860235383;654.4053955;;340.0026743;7614.112615
2014;YR2014;St. Martin (French part);MAF;;79.17317073;;21459.31913;;;;;
2014;YR2014;St. Vincent and the Grenadines;VCT;52.3128;72.01;11;7081.065478;2.480067703;492.4569397;;163.0743263;5169.650666
2014;YR2014;Sudan;SDN;73.602;64.169;30;2022.724243;0.42446012;255.9524841;256.7562291;171.569504;1162.203979
2014;YR2014;Suriname;SUR;63.956;71.133;13.1;9471.922001;4.735413094;835.6639404;3596.745217;242.1983874;7082.938452
2014;YR2014;Sweden;SWE;5.2782;82.25365854;1.6;60020.36046;4.030482516;5193.200195;13480.14822;774.7707946;51086.3259
2014;YR2014;Switzerland;CHE;3.207;83.19756098;3;89684.70758;4.859165525;6846.429199;7520.166025;1782.577739;69888.38205
2014;YR2014;Syrian Arab Republic;SYR;41.4096;69.821;10.8;1179.858296;1.422180088;;974.5754718;;966.4319515
2014;YR2014;Tajikistan;TJK;53.0872;69.874;16.8;1104.172358;0.554961272;223.157074;1499.485994;138.7702554;1193.762987
2014;YR2014;Tanzania;TZA;121.25;62.288;22.8;1030.077637;0.214369082;87.45562744;103.681778;22.72230624;822.5377808
2014;YR2014;Thailand;THA;48.901;75.747;6.4;5951.883487;3.752260164;570.3652344;2538.795713;73.32661845;4524.020602
2014;YR2014;Timor-Leste;TLS;36.8246;68.197;22.4;1232.450336;0.451320002;206.8872681;;16.35665721;
2014;YR2014;Togo;TGO;90.6786;59.58;27.4;640.9342196;0.222751569;90.96583557;154.6652373;52.17531059;530.481039
2014;YR2014;Tonga;TON;15.826;70.427;5.4;4354.24436;1.088860947;298.4631348;;34.07774537;4010.329726
2014;YR2014;Trinidad and Tobago;TTO;32.919;72.768;12.8;20290.51971;16.17808289;1544.847778;7092.958644;661.6809499;15081.26321
2014;YR2014;Tunisia;TUN;7.6904;75.734;12;4543.992276;2.707174624;711.109375;1454.643076;270.2550668;3753.280209
2014;YR2014;Turkiye;TUR;29.3694;76.172;6.7;12157.99043;4.410763561;1041.945801;2847.223893;184.6892854;10267.00782
2014;YR2014;Turkmenistan;TKM;25.6402;67.552;23;7962.244925;13.06179464;741.7038574;2678.765474;505.9042917;
2014;YR2014;Turks and Caicos Islands;TCA;;;;23778.51913;;;;;21795.01514
2014;YR2014;Tuvalu;TUV;;;13;3532.278312;0.911327784;554.4144287;;3.61059513;
2014;YR2014;Uganda;UGA;126.6672;60.669;22.7;883.5287445;0.111347325;121.6557465;;48.84044767;655.8914997
2014;YR2014;Ukraine;UKR;26.2562;71.18658537;5.8;3104.643311;5.25113054;736.2873535;3418.569317;354.6596014;2647.716553
2014;YR2014;United Arab Emirates;ARE;12.6804;77.095;4.2;43751.81731;20.05169797;2672.525635;11088.34186;475.9187531;39335.058
2014;YR2014;United Kingdom;GBR;16.4354;81.30487805;2.7;47787.2413;6.43320778;4124.464355;5130.390253;656.9609982;39592.15474
2014;YR2014;United States;USA;24.7062;78.84146341;4;55123.84979;16.04092103;8939.396484;12993.96558;1066.666805;47523.00367
2014;YR2014;Uruguay;URY;59.8826;77.244;5.2;16831.94819;1.911517895;1762.259277;3085.189883;301.2660082;13393.27425
2014;YR2014;Uzbekistan;UZB;23.79;70.671;11.2;2628.460008;3.409552819;290.9159546;1645.441629;132.1046673;2185.610519
2014;YR2014;Vanuatu;VUT;51.3012;69.719;12.2;2926.67996;0.606317818;103.5359497;;9.15413175;2706.054289
2014;YR2014;Venezuela, RB;VEN;86.8268;72.762;11.3;16055.64532;5.966120779;1045.802856;2719.138349;311.4684823;11810.49285
2014;YR2014;Vietnam;VNM;34.0082;75.056;11.2;2545.416768;1.97211212;332.2554016;1423.69991;138.6244987;1599.651304
2014;YR2014;Virgin Islands (U.S.);VIR;39.003;78.86829268;;33045.36438;;;;;
2014;YR2014;West Bank and Gaza;PSE;57.5816;73.303;12.1;3352.112595;;;;;
2014;YR2014;Yemen, Rep.;YEM;64.744;66.066;28.1;1674.002572;1.062211282;176.7979889;219.7998969;135.1036602;1422.192041
2014;YR2014;Zambia;ZMB;130.0624;60.831;25.4;1762.427817;0.304549552;135.5336304;717.3473046;18.73039673;1409.720517
2014;YR2014;Zimbabwe;ZWE;99.7598;58.41;28.2;1434.896277;0.889104126;212.490036;609.124652;52.76499943;1231.140428