Instante_lectura|Irradiacion_global_diaria
01/01/2006|477
02/01/2006|195
03/01/2006|725
04/01/2006|870
05/01/2006|392
06/01/2006|679
07/01/2006|360
08/01/2006|783
09/01/2006|854
10/01/2006|929
11/01/2006|673
12/01/2006|-9999
13/01/2006|121
14/01/2006|859
15/01/2006|326
16/01/2006|236
17/01/2006|107
18/01/2006|577
19/01/2006|992
20/01/2006|556
21/01/2006|851
22/01/2006|990
23/01/2006|1008
24/01/2006|873
25/01/2006|583
26/01/2006|912
27/01/2006|1082
28/01/2006|-9999
29/01/2006|1087
30/01/2006|1213
31/01/2006|1220
01/02/2006|963
02/02/2006|847
03/02/2006|1167
04/02/2006|1239
05/02/2006|1265
06/02/2006|-9999
07/02/2006|-9999
08/02/2006|1166
09/02/2006|1323
10/02/2006|1089
11/02/2006|1336
12/02/2006|1283
13/02/2006|978
14/02/2006|1061
15/02/2006|168
16/02/2006|474
17/02/2006|340
18/02/2006|93
19/02/2006|610
20/02/2006|557
21/02/2006|1079
22/02/2006|1216
23/02/2006|1615
24/02/2006|542
25/02/2006|736
26/02/2006|924
27/02/2006|1596
28/02/2006|1739
01/03/2006|1364
02/03/2006|405
03/03/2006|397
04/03/2006|335
05/03/2006|1297
06/03/2006|589
07/03/2006|328
08/03/2006|286
09/03/2006|1366
10/03/2006|638
11/03/2006|518
12/03/2006|1601
13/03/2006|1791
14/03/2006|1919
15/03/2006|1814
16/03/2006|1072
17/03/2006|325
18/03/2006|593
19/03/2006|470
20/03/2006|347
21/03/2006|1016
22/03/2006|423
23/03/2006|188
24/03/2006|814
25/03/2006|216
26/03/2006|750
27/03/2006|578
28/03/2006|1504
29/03/2006|258
30/03/2006|590
31/03/2006|1237
01/04/2006|995
02/04/2006|1995
03/04/2006|2197
04/04/2006|1393
05/04/2006|713
06/04/2006|1096
07/04/2006|1038
08/04/2006|959
09/04/2006|1660
10/04/2006|2506
11/04/2006|2513
12/04/2006|2313
13/04/2006|2478
14/04/2006|1323
15/04/2006|844
16/04/2006|1163
17/04/2006|1779
18/04/2006|2069
19/04/2006|1818
20/04/2006|417
21/04/2006|1033
22/04/2006|2542
23/04/2006|2243
24/04/2006|2157
25/04/2006|2597
26/04/2006|2669
27/04/2006|2104
28/04/2006|2725
29/04/2006|2732
30/04/2006|2682
01/05/2006|2648
02/05/2006|2540
03/05/2006|1966
04/05/2006|1291
05/05/2006|2404
06/05/2006|1188
07/05/2006|1353
08/05/2006|1821
09/05/2006|2734
10/05/2006|2764
11/05/2006|2139
12/05/2006|1846
13/05/2006|2569
14/05/2006|1345
15/05/2006|2196
16/05/2006|1779
17/05/2006|1210
18/05/2006|1545
19/05/2006|1765
20/05/2006|799
21/05/2006|1549
22/05/2006|2130
23/05/2006|2299
24/05/2006|2995
25/05/2006|2379
26/05/2006|2919
27/05/2006|2897
28/05/2006|2758
29/05/2006|2948
30/05/2006|3123
31/05/2006|3097
01/06/2006|3083
02/06/2006|3010
03/06/2006|3041
04/06/2006|3005
05/06/2006|2943
06/06/2006|2551
07/06/2006|2460
08/06/2006|2807
09/06/2006|2001
10/06/2006|858
11/06/2006|2209
12/06/2006|1676
13/06/2006|847
14/06/2006|1673
15/06/2006|1881
16/06/2006|2333
17/06/2006|2194
18/06/2006|2293
19/06/2006|1218
20/06/2006|2806
21/06/2006|2692
22/06/2006|2934
23/06/2006|1189
24/06/2006|1197
25/06/2006|827
26/06/2006|1370
27/06/2006|2534
28/06/2006|2462
29/06/2006|2556
30/06/2006|2793
01/07/2006|1677
02/07/2006|1173
03/07/2006|2080
04/07/2006|1367
05/07/2006|1752
06/07/2006|2910
07/07/2006|2849
08/07/2006|2770
09/07/2006|2823
10/07/2006|2725
11/07/2006|2876
12/07/2006|2581
13/07/2006|2634
14/07/2006|2283
15/07/2006|2276
16/07/2006|-9999
17/07/2006|2355
18/07/2006|624
19/07/2006|2057
20/07/2006|1776
21/07/2006|2437
22/07/2006|1743
23/07/2006|2552
24/07/2006|1086
25/07/2006|2020
26/07/2006|2088
27/07/2006|1726
28/07/2006|2321
29/07/2006|1422
30/07/2006|2065
31/07/2006|2480
01/08/2006|2438
02/08/2006|2641
03/08/2006|2339
04/08/2006|2766
05/08/2006|2729
06/08/2006|2705
07/08/2006|2622
08/08/2006|2635
09/08/2006|2602
10/08/2006|2650
11/08/2006|2334
12/08/2006|2577
13/08/2006|2628
14/08/2006|2415
15/08/2006|1634
16/08/2006|701
17/08/2006|1233
18/08/2006|1095
19/08/2006|1533
20/08/2006|2449
21/08/2006|2492
22/08/2006|2410
23/08/2006|2002
24/08/2006|2019
25/08/2006|1178
26/08/2006|1747
27/08/2006|1811
28/08/2006|1945
29/08/2006|1690
30/08/2006|2144
31/08/2006|2259
01/09/2006|2085
02/09/2006|2154
03/09/2006|2217
04/09/2006|2163
05/09/2006|1928
06/09/2006|2045
07/09/2006|1759
08/09/2006|1160
09/09/2006|1938
10/09/2006|1734
11/09/2006|633
12/09/2006|1594
13/09/2006|338
14/09/2006|1364
15/09/2006|1554
16/09/2006|985
17/09/2006|1265
18/09/2006|-9999
19/09/2006|1856
20/09/2006|1648
21/09/2006|709
22/09/2006|978
23/09/2006|763
24/09/2006|520
25/09/2006|575
26/09/2006|1706
27/09/2006|-9999
28/09/2006|868
29/09/2006|724
30/09/2006|563
01/10/2006|661
02/10/2006|177
03/10/2006|700
04/10/2006|1056
05/10/2006|1103
06/10/2006|129
07/10/2006|771
08/10/2006|1260
09/10/2006|1010
10/10/2006|203
11/10/2006|1341
12/10/2006|1570
13/10/2006|1593
14/10/2006|1543
15/10/2006|842
16/10/2006|204
17/10/2006|1097
18/10/2006|379
19/10/2006|185
20/10/2006|518
21/10/2006|429
22/10/2006|317
23/10/2006|939
24/10/2006|100
25/10/2006|359
26/10/2006|820
27/10/2006|1293
28/10/2006|1224
29/10/2006|1171
30/10/2006|852
31/10/2006|690
01/11/2006|1117
02/11/2006|1063
03/11/2006|410
04/11/2006|582
05/11/2006|853
06/11/2006|835
07/11/2006|648
08/11/2006|1072
09/11/2006|1066
10/11/2006|1058
11/11/2006|939
12/11/2006|1033
13/11/2006|868
14/11/2006|368
15/11/2006|116
16/11/2006|659
17/11/2006|233
18/11/2006|264
19/11/2006|682
20/11/2006|194
21/11/2006|202
22/11/2006|124
23/11/2006|419
24/11/2006|71
25/11/2006|377
26/11/2006|510
27/11/2006|255
28/11/2006|679
29/11/2006|890
30/11/2006|567
01/12/2006|117
02/12/2006|452
03/12/2006|48
04/12/2006|170
05/12/2006|152
06/12/2006|644
07/12/2006|77
08/12/2006|421
09/12/2006|429
10/12/2006|635
11/12/2006|311
12/12/2006|300
13/12/2006|727
14/12/2006|836
15/12/2006|803
16/12/2006|274
17/12/2006|261
18/12/2006|681
19/12/2006|751
20/12/2006|803
21/12/2006|786
22/12/2006|789
23/12/2006|817
24/12/2006|835
25/12/2006|827
26/12/2006|529
27/12/2006|805
28/12/2006|382
29/12/2006|96
30/12/2006|83
31/12/2006|138
01/01/2007|666
02/01/2007|793
03/01/2007|584
04/01/2007|218
05/01/2007|297
06/01/2007|67
07/01/2007|210
08/01/2007|221
09/01/2007|231
10/01/2007|131
11/01/2007|376
12/01/2007|699
13/01/2007|359
14/01/2007|528
15/01/2007|441
16/01/2007|163
17/01/2007|62
18/01/2007|55
19/01/2007|-9999
20/01/2007|691
21/01/2007|515
22/01/2007|300
23/01/2007|695
24/01/2007|633
25/01/2007|849
26/01/2007|915
27/01/2007|1066
28/01/2007|1073
29/01/2007|-9999
30/01/2007|292
31/01/2007|-9999
01/02/2007|1082
02/02/2007|1104
03/02/2007|458
04/02/2007|928
05/02/2007|372
06/02/2007|233
07/02/2007|208
08/02/2007|771
09/02/2007|620
10/02/2007|576
11/02/2007|83
12/02/2007|1044
13/02/2007|99
14/02/2007|1234
15/02/2007|332
16/02/2007|276
17/02/2007|375
18/02/2007|1087
19/02/2007|-9999
20/02/2007|847
21/02/2007|679
22/02/2007|456
23/02/2007|120
24/02/2007|477
25/02/2007|1163
26/02/2007|707
27/02/2007|264
28/02/2007|733
01/03/2007|-9999
02/03/2007|123
03/03/2007|162
04/03/2007|544
05/03/2007|817
06/03/2007|556
07/03/2007|1043
08/03/2007|1570
09/03/2007|523
10/03/2007|1827
11/03/2007|1774
12/03/2007|1081
13/03/2007|1547
14/03/2007|1697
15/03/2007|1752
16/03/2007|1627
17/03/2007|1866
18/03/2007|1500
19/03/2007|1351
20/03/2007|1409
21/03/2007|1501
22/03/2007|517
23/03/2007|-9999
24/03/2007|-9999
25/03/2007|1840
26/03/2007|955
27/03/2007|1142
28/03/2007|447
29/03/2007|-9999
30/03/2007|472
31/03/2007|-9999
01/04/2007|1594
02/04/2007|1587
03/04/2007|1564
04/04/2007|1555
05/04/2007|1346
06/04/2007|2284
07/04/2007|2124
08/04/2007|2152
09/04/2007|2297
10/04/2007|1786
11/04/2007|1509
12/04/2007|2307
13/04/2007|2341
14/04/2007|2300
15/04/2007|2392
16/04/2007|2339
17/04/2007|2326
18/04/2007|2124
19/04/2007|1762
20/04/2007|2305
21/04/2007|2304
22/04/2007|2465
23/04/2007|1902
24/04/2007|536
25/04/2007|459
26/04/2007|1140
27/04/2007|-9999
28/04/2007|1508
29/04/2007|1599
30/04/2007|906
01/05/2007|387
02/05/2007|1254
03/05/2007|2447
04/05/2007|1466
05/05/2007|2696
06/05/2007|2614
07/05/2007|1682
08/05/2007|2522
09/05/2007|2785
10/05/2007|511
11/05/2007|442
12/05/2007|652
13/05/2007|1010
14/05/2007|2108
15/05/2007|-9999
16/05/2007|-9999
17/05/2007|-9999
18/05/2007|-9999
19/05/2007|-9999
20/05/2007|447
21/05/2007|844
22/05/2007|2374
23/05/2007|1106
24/05/2007|2456
25/05/2007|1128
26/05/2007|2015
27/05/2007|1659
28/05/2007|2411
29/05/2007|399
30/05/2007|1382
31/05/2007|1735
01/06/2007|-9999
02/06/2007|-9999
03/06/2007|-9999
04/06/2007|-9999
05/06/2007|-9999
06/06/2007|-9999
07/06/2007|-9999
08/06/2007|-9999
09/06/2007|-9999
10/06/2007|-9999
11/06/2007|-9999
12/06/2007|-9999
13/06/2007|-9999
14/06/2007|-9999
15/06/2007|-9999
16/06/2007|-9999
17/06/2007|-9999
18/06/2007|-9999
19/06/2007|-9999
20/06/2007|-9999
21/06/2007|-9999
22/06/2007|-9999
23/06/2007|-9999
24/06/2007|-9999
25/06/2007|-9999
26/06/2007|-9999
27/06/2007|-9999
28/06/2007|-9999
29/06/2007|-9999
30/06/2007|-9999
01/07/2007|-9999
02/07/2007|-9999
03/07/2007|-9999
04/07/2007|-9999
05/07/2007|-9999
06/07/2007|-9999
07/07/2007|-9999
08/07/2007|-9999
09/07/2007|-9999
10/07/2007|-9999
11/07/2007|-9999
12/07/2007|-9999
13/07/2007|-9999
14/07/2007|-9999
15/07/2007|-9999
16/07/2007|-9999
17/07/2007|-9999
18/07/2007|-9999
19/07/2007|-9999
20/07/2007|-9999
21/07/2007|-9999
22/07/2007|-9999
23/07/2007|-9999
24/07/2007|-9999
25/07/2007|-9999
26/07/2007|-9999
27/07/2007|-9999
28/07/2007|-9999
29/07/2007|-9999
30/07/2007|-9999
31/07/2007|-9999
01/08/2007|-9999
02/08/2007|-9999
03/08/2007|-9999
04/08/2007|-9999
05/08/2007|-9999
06/08/2007|-9999
07/08/2007|-9999
08/08/2007|-9999
09/08/2007|-9999
10/08/2007|-9999
11/08/2007|-9999
12/08/2007|-9999
13/08/2007|-9999
14/08/2007|-9999
15/08/2007|-9999
16/08/2007|-9999
17/08/2007|-9999
18/08/2007|-9999
19/08/2007|-9999
20/08/2007|-9999
21/08/2007|-9999
22/08/2007|-9999
23/08/2007|-9999
24/08/2007|-9999
25/08/2007|-9999
26/08/2007|-9999
27/08/2007|-9999
28/08/2007|-9999
29/08/2007|-9999
30/08/2007|-9999
31/08/2007|-9999
01/09/2007|2320
02/09/2007|1925
03/09/2007|2233
04/09/2007|2255
05/09/2007|2279
06/09/2007|2290
07/09/2007|2230
08/09/2007|2149
09/09/2007|2111
10/09/2007|2190
11/09/2007|2067
12/09/2007|2050
13/09/2007|1963
14/09/2007|2118
15/09/2007|1918
16/09/2007|1505
17/09/2007|813
18/09/2007|1710
19/09/2007|2000
20/09/2007|1893
21/09/2007|1738
22/09/2007|1613
23/09/2007|1897
24/09/2007|578
25/09/2007|1713
26/09/2007|1663
27/09/2007|1818
28/09/2007|1805
29/09/2007|516
30/09/2007|840
01/10/2007|1146
02/10/2007|1348
03/10/2007|1339
04/10/2007|983
05/10/2007|1574
06/10/2007|1452
07/10/2007|1070
08/10/2007|1604
09/10/2007|1570
10/10/2007|1600
11/10/2007|1623
12/10/2007|1598
13/10/2007|1578
14/10/2007|1570
15/10/2007|1427
16/10/2007|1462
17/10/2007|765
18/10/2007|1416
19/10/2007|1441
20/10/2007|1462
21/10/2007|1420
22/10/2007|739
23/10/2007|609
24/10/2007|735
25/10/2007|1028
26/10/2007|619
27/10/2007|1282
28/10/2007|763
29/10/2007|649
30/10/2007|865
31/10/2007|1277
01/11/2007|1306
02/11/2007|1249
03/11/2007|1213
04/11/2007|1134
05/11/2007|1194
06/11/2007|1165
07/11/2007|1140
08/11/2007|971
09/11/2007|778
10/11/2007|1146
11/11/2007|972
12/11/2007|814
13/11/2007|1089
14/11/2007|537
15/11/2007|775
16/11/2007|1032
17/11/2007|1104
18/11/2007|184
19/11/2007|163
20/11/2007|571
21/11/2007|579
22/11/2007|665
23/11/2007|878
24/11/2007|807
25/11/2007|827
26/11/2007|786
27/11/2007|936
28/11/2007|-9999
29/11/2007|-9999
30/11/2007|292
01/12/2007|521
02/12/2007|-9999
03/12/2007|350
04/12/2007|-9999
05/12/2007|193
06/12/2007|276
07/12/2007|431
08/12/2007|155
09/12/2007|239
10/12/2007|611
11/12/2007|843
12/12/2007|856
13/12/2007|867
14/12/2007|863
15/12/2007|865
16/12/2007|853
17/12/2007|822
18/12/2007|178
19/12/2007|120
20/12/2007|461
21/12/2007|697
22/12/2007|478
23/12/2007|789
24/12/2007|767
25/12/2007|70
26/12/2007|842
27/12/2007|843
28/12/2007|749
29/12/2007|78
30/12/2007|698
31/12/2007|798
01/01/2008|144
02/01/2008|280
03/01/2008|246
04/01/2008|175
05/01/2008|71
06/01/2008|194
07/01/2008|595
08/01/2008|150
09/01/2008|628
10/01/2008|173
11/01/2008|469
12/01/2008|495
13/01/2008|337
14/01/2008|799
15/01/2008|69
16/01/2008|603
17/01/2008|126
18/01/2008|215
19/01/2008|975
20/01/2008|939
21/01/2008|740
22/01/2008|351
23/01/2008|864
24/01/2008|315
25/01/2008|688
26/01/2008|1006
27/01/2008|936
28/01/2008|808
29/01/2008|1038
30/01/2008|522
31/01/2008|572
01/02/2008|206
02/02/2008|1127
03/02/2008|227
04/02/2008|671
05/02/2008|564
06/02/2008|701
07/02/2008|1220
08/02/2008|1221
09/02/2008|1238
10/02/2008|1276
11/02/2008|1269
12/02/2008|1270
13/02/2008|1258
14/02/2008|1302
15/02/2008|1154
16/02/2008|1175
17/02/2008|907
18/02/2008|396
19/02/2008|452
20/02/2008|465
21/02/2008|1426
22/02/2008|1461
23/02/2008|876
24/02/2008|506
25/02/2008|1146
26/02/2008|121
27/02/2008|227
28/02/2008|1137
29/02/2008|606
01/03/2008|986
02/03/2008|915
03/03/2008|1194
04/03/2008|1546
05/03/2008|1617
06/03/2008|1794
07/03/2008|1646
08/03/2008|437
09/03/2008|1251
10/03/2008|517
11/03/2008|457
12/03/2008|743
13/03/2008|1820
14/03/2008|1368
15/03/2008|793
16/03/2008|881
17/03/2008|513
18/03/2008|1177
19/03/2008|2024
20/03/2008|2000
21/03/2008|643
22/03/2008|1094
23/03/2008|1463
24/03/2008|722
25/03/2008|1016
26/03/2008|583
27/03/2008|290
28/03/2008|1203
29/03/2008|1816
30/03/2008|1301
31/03/2008|1233
01/04/2008|1850
02/04/2008|2283
03/04/2008|2316
04/04/2008|2351
05/04/2008|2329
06/04/2008|2098
07/04/2008|374
08/04/2008|470
09/04/2008|489
10/04/2008|906
11/04/2008|1503
12/04/2008|1110
13/04/2008|1630
14/04/2008|2522
15/04/2008|1961
16/04/2008|-9999
17/04/2008|1094
18/04/2008|1385
19/04/2008|636
20/04/2008|683
21/04/2008|1128
22/04/2008|263
23/04/2008|1930
24/04/2008|2416
25/04/2008|-9999
26/04/2008|-9999
27/04/2008|-9999
28/04/2008|2033
29/04/2008|825
30/04/2008|1869
01/05/2008|1006
02/05/2008|1744
03/05/2008|-9999
04/05/2008|-9999
05/05/2008|-9999
06/05/2008|-9999
07/05/2008|1525
08/05/2008|1025
09/05/2008|712
10/05/2008|933
11/05/2008|2038
12/05/2008|645
13/05/2008|1143
14/05/2008|734
15/05/2008|1553
16/05/2008|1479
17/05/2008|1417
18/05/2008|1107
19/05/2008|2096
20/05/2008|2811
21/05/2008|1041
22/05/2008|1284
23/05/2008|870
24/05/2008|1162
25/05/2008|1670
26/05/2008|1124
27/05/2008|1199
28/05/2008|1073
29/05/2008|843
30/05/2008|1221
31/05/2008|1932
01/06/2008|1405
02/06/2008|1684
03/06/2008|1767
04/06/2008|1387
05/06/2008|1652
06/06/2008|2804
07/06/2008|2947
08/06/2008|2398
09/06/2008|2788
10/06/2008|2810
11/06/2008|2914
12/06/2008|2995
13/06/2008|2941
14/06/2008|2859
15/06/2008|439
16/06/2008|2054
17/06/2008|2830
18/06/2008|3057
19/06/2008|1290
20/06/2008|1691
21/06/2008|2768
22/06/2008|2064
23/06/2008|2329
24/06/2008|1853
25/06/2008|2796
26/06/2008|1801
27/06/2008|3005
28/06/2008|3047
29/06/2008|2874
30/06/2008|2930
01/07/2008|925
02/07/2008|1944
03/07/2008|2158
04/07/2008|490
05/07/2008|2177
06/07/2008|1964
07/07/2008|2030
08/07/2008|2776
09/07/2008|2590
10/07/2008|450
11/07/2008|1869
12/07/2008|2224
13/07/2008|2065
14/07/2008|2930
15/07/2008|2906
16/07/2008|2922
17/07/2008|2627
18/07/2008|2841
19/07/2008|2690
20/07/2008|2187
21/07/2008|2894
22/07/2008|2719
23/07/2008|1215
24/07/2008|811
25/07/2008|533
26/07/2008|2229
27/07/2008|1158
28/07/2008|2197
29/07/2008|2547
30/07/2008|1683
31/07/2008|1387
01/08/2008|1996
02/08/2008|2115
03/08/2008|2723
04/08/2008|2578
05/08/2008|2401
06/08/2008|1468
07/08/2008|1275
08/08/2008|2111
09/08/2008|2619
10/08/2008|1396
11/08/2008|429
12/08/2008|1600
13/08/2008|1767
14/08/2008|1632
15/08/2008|2116
16/08/2008|1105
17/08/2008|1927
18/08/2008|1645
19/08/2008|1525
20/08/2008|2457
21/08/2008|911
22/08/2008|2326
23/08/2008|2490
24/08/2008|1555
25/08/2008|2390
26/08/2008|2128
27/08/2008|2219
28/08/2008|2072
29/08/2008|1573
30/08/2008|1328
31/08/2008|911
01/09/2008|1493
02/09/2008|848
03/09/2008|310
04/09/2008|1161
05/09/2008|558
06/09/2008|1331
07/09/2008|2241
08/09/2008|1492
09/09/2008|584
10/09/2008|1719
11/09/2008|1492
12/09/2008|1488
13/09/2008|1876
14/09/2008|2069
15/09/2008|2020
16/09/2008|1809
17/09/2008|1269
18/09/2008|1555
19/09/2008|1905
20/09/2008|1613
21/09/2008|807
22/09/2008|927
23/09/2008|1427
24/09/2008|1860
25/09/2008|1848
26/09/2008|1845
27/09/2008|1814
28/09/2008|1786
29/09/2008|1753
30/09/2008|1768
01/10/2008|-9999
02/10/2008|1099
03/10/2008|1574
04/10/2008|1399
05/10/2008|439
06/10/2008|421
07/10/2008|1352
08/10/2008|1123
09/10/2008|1643
10/10/2008|1573
11/10/2008|1310
12/10/2008|913
13/10/2008|890
14/10/2008|1148
15/10/2008|839
16/10/2008|533
17/10/2008|690
18/10/2008|932
19/10/2008|1388
20/10/2008|1387
21/10/2008|155
22/10/2008|1233
23/10/2008|1409
24/10/2008|1226
25/10/2008|1350
26/10/2008|1302
27/10/2008|441
28/10/2008|1059
29/10/2008|798
30/10/2008|632
31/10/2008|902
01/11/2008|295
02/11/2008|977
03/11/2008|328
04/11/2008|387
05/11/2008|1023
06/11/2008|169
07/11/2008|668
08/11/2008|317
09/11/2008|124
10/11/2008|-9999
11/11/2008|916
12/11/2008|382
13/11/2008|1024
14/11/2008|1029
15/11/2008|1018
16/11/2008|1003
17/11/2008|1020
18/11/2008|475
19/11/2008|590
20/11/2008|699
21/11/2008|568
22/11/2008|398
23/11/2008|226
24/11/2008|403
25/11/2008|838
26/11/2008|718
27/11/2008|914
28/11/2008|214
29/11/2008|153
30/11/2008|293
01/12/2008|434
02/12/2008|609
03/12/2008|396
04/12/2008|99
05/12/2008|502
06/12/2008|131
07/12/2008|570
08/12/2008|198
09/12/2008|601
10/12/2008|601
11/12/2008|252
12/12/2008|407
13/12/2008|492
14/12/2008|479
15/12/2008|507
16/12/2008|703
17/12/2008|542
18/12/2008|432
19/12/2008|813
20/12/2008|825
21/12/2008|839
22/12/2008|835
23/12/2008|862
24/12/2008|833
25/12/2008|840
26/12/2008|819
27/12/2008|410
28/12/2008|597
29/12/2008|254
30/12/2008|307
31/12/2008|108
01/01/2009|325
02/01/2009|224
03/01/2009|674
04/01/2009|702
05/01/2009|126
06/01/2009|483
07/01/2009|202
08/01/2009|895
09/01/2009|604
10/01/2009|829
11/01/2009|920
12/01/2009|320
13/01/2009|659
14/01/2009|566
15/01/2009|163
16/01/2009|814
17/01/2009|312
18/01/2009|569
19/01/2009|190
20/01/2009|379
21/01/2009|388
22/01/2009|-9999
23/01/2009|66
24/01/2009|703
25/01/2009|305
26/01/2009|712
27/01/2009|164
28/01/2009|113
29/01/2009|141
30/01/2009|131
31/01/2009|842
01/02/2009|698
02/02/2009|168
03/02/2009|333
04/02/2009|338
05/02/2009|582
06/02/2009|693
07/02/2009|907
08/02/2009|143
09/02/2009|159
10/02/2009|987
11/02/2009|779
12/02/2009|895
13/02/2009|1354
14/02/2009|1362
15/02/2009|1382
16/02/2009|1369
17/02/2009|1392
18/02/2009|1366
19/02/2009|1383
20/02/2009|1434
21/02/2009|1331
22/02/2009|1497
23/02/2009|1453
24/02/2009|1500
25/02/2009|1516
26/02/2009|1507
27/02/2009|1541
28/02/2009|939
01/03/2009|529
02/03/2009|1223
03/03/2009|1020
04/03/2009|817
05/03/2009|1156
06/03/2009|421
07/03/2009|451
08/03/2009|1006
09/03/2009|1707
10/03/2009|1841
11/03/2009|1882
12/03/2009|1857
13/03/2009|1825
14/03/2009|1306
15/03/2009|1840
16/03/2009|1880
17/03/2009|1870
18/03/2009|1913
19/03/2009|1934
20/03/2009|1911
21/03/2009|1637
22/03/2009|2036
23/03/2009|2010
24/03/2009|2098
25/03/2009|2113
26/03/2009|2121
27/03/2009|1563
28/03/2009|1762
29/03/2009|1901
30/03/2009|2216
31/03/2009|2269
01/04/2009|2143
02/04/2009|2250
03/04/2009|2023
04/04/2009|1661
05/04/2009|2250
06/04/2009|957
07/04/2009|1847
08/04/2009|877
09/04/2009|643
10/04/2009|1808
11/04/2009|1511
12/04/2009|1833
13/04/2009|824
14/04/2009|1207
15/04/2009|1200
16/04/2009|1528
17/04/2009|1382
18/04/2009|1176
19/04/2009|2037
20/04/2009|2518
21/04/2009|2577
22/04/2009|2445
23/04/2009|2368
24/04/2009|1255
25/04/2009|1680
26/04/2009|1731
27/04/2009|525
28/04/2009|788
29/04/2009|735
30/04/2009|1652
01/05/2009|2672
02/05/2009|2657
03/05/2009|2708
04/05/2009|2763
05/05/2009|2711
06/05/2009|2722
07/05/2009|1866
08/05/2009|1476
09/05/2009|2066
10/05/2009|1730
11/05/2009|1315
12/05/2009|886
13/05/2009|747
14/05/2009|1645
15/05/2009|1391
16/05/2009|687
17/05/2009|1191
18/05/2009|1654
19/05/2009|2595
20/05/2009|2403
21/05/2009|2497
22/05/2009|1857
23/05/2009|1056
24/05/2009|1142
25/05/2009|505
26/05/2009|2373
27/05/2009|3016
28/05/2009|2978
29/05/2009|2812
30/05/2009|2928
31/05/2009|3017
01/06/2009|2968
02/06/2009|2967
03/06/2009|1363
04/06/2009|1252
05/06/2009|1583
06/06/2009|1009
07/06/2009|449
08/06/2009|1583
09/06/2009|888
10/06/2009|476
11/06/2009|2632
12/06/2009|2755
13/06/2009|2499
14/06/2009|1676
15/06/2009|2793
16/06/2009|2665
17/06/2009|2863
18/06/2009|2973
19/06/2009|2789
20/06/2009|3026
21/06/2009|3049
22/06/2009|2946
23/06/2009|1251
24/06/2009|1599
25/06/2009|1545
26/06/2009|1682
27/06/2009|1747
28/06/2009|1691
29/06/2009|1202
30/06/2009|2525
01/07/2009|1869
02/07/2009|2588
03/07/2009|596
04/07/2009|2329
05/07/2009|1132
06/07/2009|1674
07/07/2009|2370
08/07/2009|2607
09/07/2009|2664
10/07/2009|2891
11/07/2009|2831
12/07/2009|425
13/07/2009|1540
14/07/2009|1481
15/07/2009|2048
16/07/2009|1347
17/07/2009|2447
18/07/2009|1757
19/07/2009|2426
20/07/2009|2581
21/07/2009|1093
22/07/2009|492
23/07/2009|1502
24/07/2009|2204
25/07/2009|2705
26/07/2009|2676
27/07/2009|1820
28/07/2009|2757
29/07/2009|847
30/07/2009|2744
31/07/2009|979
01/08/2009|1242
02/08/2009|1902
03/08/2009|1876
04/08/2009|1131
05/08/2009|947
06/08/2009|705
07/08/2009|1574
08/08/2009|1465
09/08/2009|2537
10/08/2009|2613
11/08/2009|2575
12/08/2009|2464
13/08/2009|2519
14/08/2009|2561
15/08/2009|2433
16/08/2009|2150
17/08/2009|2488
18/08/2009|2467
19/08/2009|2107
20/08/2009|1140
21/08/2009|2451
22/08/2009|2445
23/08/2009|2242
24/08/2009|539
25/08/2009|2271
26/08/2009|782
27/08/2009|1588
28/08/2009|1572
29/08/2009|2363
30/08/2009|2305
31/08/2009|1974
01/09/2009|2053
02/09/2009|1468
03/09/2009|1497
04/09/2009|2028
05/09/2009|2230
06/09/2009|2241
07/09/2009|1997
08/09/2009|2105
09/09/2009|1839
10/09/2009|1545
11/09/2009|2002
12/09/2009|1871
13/09/2009|1904
14/09/2009|2033
15/09/2009|1677
16/09/2009|1195
17/09/2009|509
18/09/2009|1242
19/09/2009|611
20/09/2009|943
21/09/2009|1848
22/09/2009|1911
23/09/2009|1884
24/09/2009|1821
25/09/2009|1802
26/09/2009|1782
27/09/2009|1805
28/09/2009|1785
29/09/2009|1659
30/09/2009|1442
01/10/2009|1576
02/10/2009|1397
03/10/2009|1067
04/10/2009|228
05/10/2009|301
06/10/2009|385
07/10/2009|574
08/10/2009|904
09/10/2009|1033
10/10/2009|645
11/10/2009|1218
12/10/2009|1507
13/10/2009|1403
14/10/2009|1565
15/10/2009|1509
16/10/2009|1582
17/10/2009|1536
18/10/2009|1370
19/10/2009|728
20/10/2009|866
21/10/2009|458
22/10/2009|943
23/10/2009|171
24/10/2009|101
25/10/2009|1127
26/10/2009|1273
27/10/2009|741
28/10/2009|1121
29/10/2009|1018
30/10/2009|452
31/10/2009|195
01/11/2009|125
02/11/2009|844
03/11/2009|404
04/11/2009|703
05/11/2009|410
06/11/2009|245
07/11/2009|669
08/11/2009|666
09/11/2009|278
10/11/2009|281
11/11/2009|169
12/11/2009|419
13/11/2009|253
14/11/2009|456
15/11/2009|116
16/11/2009|167
17/11/2009|740
18/11/2009|1022
19/11/2009|895
20/11/2009|98
21/11/2009|194
22/11/2009|316
23/11/2009|372
24/11/2009|510
25/11/2009|321
26/11/2009|409
27/11/2009|682
28/11/2009|180
29/11/2009|385
30/11/2009|660
01/12/2009|96
02/12/2009|152
03/12/2009|512
04/12/2009|186
05/12/2009|154
06/12/2009|147
07/12/2009|226
08/12/2009|130
09/12/2009|139
10/12/2009|605
11/12/2009|866
12/12/2009|709
13/12/2009|786
14/12/2009|791
15/12/2009|836
16/12/2009|134
17/12/2009|615
18/12/2009|754
19/12/2009|791
20/12/2009|787
21/12/2009|115
22/12/2009|317
23/12/2009|661
24/12/2009|347
25/12/2009|801
26/12/2009|671
27/12/2009|74
28/12/2009|160
29/12/2009|329
30/12/2009|398
31/12/2009|167
01/01/2010|626
02/01/2010|129
03/01/2010|496
04/01/2010|397
05/01/2010|297
06/01/2010|292
07/01/2010|705
08/01/2010|898
09/01/2010|630
10/01/2010|160
11/01/2010|427
12/01/2010|448
13/01/2010|168
14/01/2010|549
15/01/2010|140
16/01/2010|253
17/01/2010|372
18/01/2010|344
19/01/2010|392
20/01/2010|502
21/01/2010|336
22/01/2010|96
23/01/2010|310
24/01/2010|942
25/01/2010|644
26/01/2010|1076
27/01/2010|1012
28/01/2010|685
29/01/2010|521
30/01/2010|586
31/01/2010|714
01/02/2010|1065
02/02/2010|1181
03/02/2010|612
04/02/2010|153
05/02/2010|884
06/02/2010|314
07/02/2010|732
08/02/2010|604
09/02/2010|778
10/02/2010|423
11/02/2010|829
12/02/2010|1355
13/02/2010|1272
14/02/2010|823
15/02/2010|1386
16/02/2010|541
17/02/2010|903
18/02/2010|921
19/02/2010|1070
20/02/2010|835
21/02/2010|374
22/02/2010|195
23/02/2010|242
24/02/2010|138
25/02/2010|470
26/02/2010|962
27/02/2010|138
28/02/2010|401
01/03/2010|937
02/03/2010|1121
03/03/2010|470
04/03/2010|1419
05/03/2010|652
06/03/2010|779
07/03/2010|444
08/03/2010|1083
09/03/2010|1857
10/03/2010|1840
11/03/2010|1738
12/03/2010|1491
13/03/2010|1196
14/03/2010|1916
15/03/2010|1771
16/03/2010|1150
17/03/2010|1496
18/03/2010|421
19/03/2010|779
20/03/2010|349
21/03/2010|1588
22/03/2010|1886
23/03/2010|-9999
24/03/2010|1070
25/03/2010|1154
26/03/2010|782
27/03/2010|930
28/03/2010|1090
29/03/2010|585
30/03/2010|1203
31/03/2010|729
01/04/2010|1547
02/04/2010|1213
03/04/2010|819
04/04/2010|1599
05/04/2010|2338
06/04/2010|1067
07/04/2010|1877
08/04/2010|2404
09/04/2010|2388
10/04/2010|2354
11/04/2010|2389
12/04/2010|1897
13/04/2010|2420
14/04/2010|2324
15/04/2010|1309
16/04/2010|1695
17/04/2010|1280
18/04/2010|1477
19/04/2010|2236
20/04/2010|1293
21/04/2010|1172
22/04/2010|1211
23/04/2010|964
24/04/2010|1192
25/04/2010|2535
26/04/2010|2605
27/04/2010|2110
28/04/2010|2084
29/04/2010|1885
30/04/2010|1015
01/05/2010|1146
02/05/2010|1700
03/05/2010|2194
04/05/2010|1856
05/05/2010|1867
06/05/2010|1988
07/05/2010|1162
08/05/2010|664
09/05/2010|864
10/05/2010|1235
11/05/2010|1900
12/05/2010|968
13/05/2010|2487
14/05/2010|1178
15/05/2010|1524
16/05/2010|2660
17/05/2010|2831
18/05/2010|2838
19/05/2010|2880
20/05/2010|2865
21/05/2010|2891
22/05/2010|2850
23/05/2010|2729
24/05/2010|1592
25/05/2010|1034
26/05/2010|1454
27/05/2010|1521
28/05/2010|2513
29/05/2010|1069
30/05/2010|1892
31/05/2010|2674
01/06/2010|1437
02/06/2010|2807
03/06/2010|2901
04/06/2010|1894
05/06/2010|627
06/06/2010|2738
07/06/2010|1256
08/06/2010|584
09/06/2010|901
10/06/2010|608
11/06/2010|586
12/06/2010|2368
13/06/2010|1891
14/06/2010|2018
15/06/2010|2260
16/06/2010|2197
17/06/2010|3011
18/06/2010|3018
19/06/2010|2378
20/06/2010|2851
21/06/2010|3027
22/06/2010|2979
23/06/2010|2861
24/06/2010|2637
25/06/2010|2632
26/06/2010|2266
27/06/2010|2857
28/06/2010|2883
29/06/2010|2865
30/06/2010|2794
01/07/2010|2487
02/07/2010|547
03/07/2010|1636
04/07/2010|2573
05/07/2010|2780
06/07/2010|2769
07/07/2010|2374
08/07/2010|1595
09/07/2010|2587
10/07/2010|2745
11/07/2010|1993
12/07/2010|688
13/07/2010|1072
14/07/2010|2026
15/07/2010|1976
16/07/2010|2029
17/07/2010|2718
18/07/2010|2683
19/07/2010|2287
20/07/2010|1098
21/07/2010|1599
22/07/2010|2231
23/07/2010|2268
24/07/2010|2673
25/07/2010|2650
26/07/2010|2633
27/07/2010|2585
28/07/2010|2552
29/07/2010|2607
30/07/2010|2562
31/07/2010|2253
01/08/2010|1525
02/08/2010|2393
03/08/2010|2549
04/08/2010|2128
05/08/2010|2546
06/08/2010|2532
07/08/2010|2518
08/08/2010|2473
09/08/2010|2475
10/08/2010|2369
11/08/2010|2193
12/08/2010|2034
13/08/2010|1838
14/08/2010|2299
15/08/2010|2447
16/08/2010|2374
17/08/2010|2338
18/08/2010|1343
19/08/2010|2267
20/08/2010|2306
21/08/2010|2210
22/08/2010|767
23/08/2010|333
24/08/2010|2149
25/08/2010|931
26/08/2010|255
27/08/2010|892
28/08/2010|2161
29/08/2010|2176
30/08/2010|2069
31/08/2010|1397
01/09/2010|1356
02/09/2010|1633
03/09/2010|1946
04/09/2010|1903
05/09/2010|1458
06/09/2010|594
07/09/2010|923
08/09/2010|545
09/09/2010|1600
10/09/2010|1795
11/09/2010|1767
12/09/2010|1764
13/09/2010|1928
14/09/2010|1820
15/09/2010|1140
16/09/2010|760
17/09/2010|1322
18/09/2010|1841
19/09/2010|1822
20/09/2010|1747
21/09/2010|1747
22/09/2010|1143
23/09/2010|797
24/09/2010|1083
25/09/2010|1317
26/09/2010|1739
27/09/2010|1540
28/09/2010|1656
29/09/2010|351
30/09/2010|1256
01/10/2010|456
02/10/2010|269
03/10/2010|145
04/10/2010|1222
05/10/2010|132
06/10/2010|1040
07/10/2010|199
08/10/2010|69
09/10/2010|1240
10/10/2010|1317
11/10/2010|1048
12/10/2010|1104
13/10/2010|1420
14/10/2010|1408
15/10/2010|1394
16/10/2010|1326
17/10/2010|1393
18/10/2010|1397
19/10/2010|1379
20/10/2010|1336
21/10/2010|1253
22/10/2010|720
23/10/2010|687
24/10/2010|197
25/10/2010|1124
26/10/2010|1175
27/10/2010|897
28/10/2010|936
29/10/2010|251
30/10/2010|284
31/10/2010|374
01/11/2010|600
02/11/2010|302
03/11/2010|338
04/11/2010|989
05/11/2010|954
06/11/2010|319
07/11/2010|531
08/11/2010|182
09/11/2010|337
10/11/2010|708
11/11/2010|138
12/11/2010|114
13/11/2010|93
14/11/2010|404
15/11/2010|703
16/11/2010|229
17/11/2010|583
18/11/2010|566
19/11/2010|124
20/11/2010|428
21/11/2010|232
22/11/2010|347
23/11/2010|521
24/11/2010|832
25/11/2010|556
26/11/2010|722
27/11/2010|484
28/11/2010|554
29/11/2010|264
30/11/2010|118
01/12/2010|550
02/12/2010|105
03/12/2010|404
04/12/2010|223
05/12/2010|34
06/12/2010|229
07/12/2010|425
08/12/2010|158
09/12/2010|297
10/12/2010|539
11/12/2010|383
12/12/2010|356
13/12/2010|687
14/12/2010|831
15/12/2010|677
16/12/2010|851
17/12/2010|206
18/12/2010|699
19/12/2010|106
20/12/2010|295
21/12/2010|417
22/12/2010|48
23/12/2010|407
24/12/2010|672
25/12/2010|688
26/12/2010|572
27/12/2010|45
28/12/2010|78
29/12/2010|165
30/12/2010|111
31/12/2010|613
01/01/2011|536
02/01/2011|685
03/01/2011|301
04/01/2011|259
05/01/2011|97
06/01/2011|147
07/01/2011|211
08/01/2011|190
09/01/2011|772
10/01/2011|205
11/01/2011|215
12/01/2011|175
13/01/2011|210
14/01/2011|309
15/01/2011|613
16/01/2011|184
17/01/2011|824
18/01/2011|455
19/01/2011|593
20/01/2011|927
21/01/2011|1058
22/01/2011|1047
23/01/2011|952
24/01/2011|1067
25/01/2011|1071
26/01/2011|601
27/01/2011|430
28/01/2011|785
29/01/2011|512
30/01/2011|682
31/01/2011|726
01/02/2011|1147
02/02/2011|1149
03/02/2011|868
04/02/2011|809
05/02/2011|1063
06/02/2011|1186
07/02/2011|1088
08/02/2011|436
09/02/2011|146
10/02/2011|807
11/02/2011|408
12/02/2011|1005
13/02/2011|374
14/02/2011|307
15/02/2011|444
16/02/2011|367
17/02/2011|1160
18/02/2011|145
19/02/2011|1237
20/02/2011|532
21/02/2011|144
22/02/2011|643
23/02/2011|719
24/02/2011|1535
25/02/2011|1272
26/02/2011|515
27/02/2011|1545
28/02/2011|1211
01/03/2011|1050
02/03/2011|640
03/03/2011|1192
04/03/2011|1122
05/03/2011|1583
06/03/2011|1466
07/03/2011|1522
08/03/2011|1437
09/03/2011|1685
10/03/2011|1710
11/03/2011|1332
12/03/2011|329
13/03/2011|717
14/03/2011|490
15/03/2011|733
16/03/2011|294
17/03/2011|739
18/03/2011|1689
19/03/2011|1987
20/03/2011|1984
21/03/2011|2025
22/03/2011|2000
23/03/2011|1618
24/03/2011|1230
25/03/2011|1144
26/03/2011|370
27/03/2011|575
28/03/2011|832
29/03/2011|470
30/03/2011|463
31/03/2011|1826
01/04/2011|2114
02/04/2011|1245
03/04/2011|1526
04/04/2011|2305
05/04/2011|2280
06/04/2011|1770
07/04/2011|1415
08/04/2011|2146
09/04/2011|1098
10/04/2011|1507
11/04/2011|1970
12/04/2011|2340
13/04/2011|2323
14/04/2011|2392
15/04/2011|2473
16/04/2011|2452
17/04/2011|2276
18/04/2011|2082
19/04/2011|568
20/04/2011|1016
21/04/2011|1584
22/04/2011|383
23/04/2011|1754
24/04/2011|2013
25/04/2011|2477
26/04/2011|2375
27/04/2011|2604
28/04/2011|2512
29/04/2011|2301
30/04/2011|1727
01/05/2011|1457
02/05/2011|1926
03/05/2011|1965
04/05/2011|1932
05/05/2011|1382
06/05/2011|2002
07/05/2011|1310
08/05/2011|1585
09/05/2011|2371
10/05/2011|2624
11/05/2011|2735
12/05/2011|2453
13/05/2011|2705
14/05/2011|2550
15/05/2011|2934
16/05/2011|2879
17/05/2011|2078
18/05/2011|2599
19/05/2011|2682
20/05/2011|2273
21/05/2011|2148
22/05/2011|2925
23/05/2011|2816
24/05/2011|2595
25/05/2011|2808
26/05/2011|2552
27/05/2011|2872
28/05/2011|2818
29/05/2011|1388
30/05/2011|1172
31/05/2011|2701
01/06/2011|3010
02/06/2011|3040
03/06/2011|2927
04/06/2011|2919
05/06/2011|2410
06/06/2011|769
07/06/2011|1258
08/06/2011|1424
09/06/2011|1776
10/06/2011|1769
11/06/2011|2178
12/06/2011|1988
13/06/2011|938
14/06/2011|1285
15/06/2011|1386
16/06/2011|1826
17/06/2011|1553
18/06/2011|2061
19/06/2011|2756
20/06/2011|1536
21/06/2011|715
22/06/2011|2359
23/06/2011|2949
24/06/2011|2969
25/06/2011|2893
26/06/2011|2725
27/06/2011|2649
28/06/2011|2067
29/06/2011|3005
30/06/2011|2993
01/07/2011|2892
02/07/2011|2600
03/07/2011|2794
04/07/2011|2864
05/07/2011|1221
06/07/2011|1720
07/07/2011|1346
08/07/2011|322
09/07/2011|986
10/07/2011|2573
11/07/2011|2316
12/07/2011|1863
13/07/2011|2157
14/07/2011|1785
15/07/2011|2430
16/07/2011|597
17/07/2011|1638
18/07/2011|445
19/07/2011|1795
20/07/2011|1134
21/07/2011|2019
22/07/2011|2713
23/07/2011|2815
24/07/2011|1869
25/07/2011|1518
26/07/2011|2436
27/07/2011|2845
28/07/2011|2791
29/07/2011|2274
30/07/2011|2722
31/07/2011|2598
01/08/2011|1905
02/08/2011|1030
03/08/2011|2201
04/08/2011|779
05/08/2011|1452
06/08/2011|1312
07/08/2011|1402
08/08/2011|2601
09/08/2011|2706
10/08/2011|2630
11/08/2011|2685
12/08/2011|2505
13/08/2011|2314
14/08/2011|430
15/08/2011|2239
16/08/2011|2453
17/08/2011|1745
18/08/2011|2069
19/08/2011|2420
20/08/2011|1930
21/08/2011|1255
22/08/2011|323
23/08/2011|975
24/08/2011|1950
25/08/2011|326
26/08/2011|2229
27/08/2011|2436
28/08/2011|2103
29/08/2011|2283
30/08/2011|740
31/08/2011|476
01/09/2011|1764
02/09/2011|1975
03/09/2011|1111
04/09/2011|1688
05/09/2011|1256
06/09/2011|2233
07/09/2011|1200
08/09/2011|1050
09/09/2011|771
10/09/2011|1317
11/09/2011|561
12/09/2011|1325
13/09/2011|1447
14/09/2011|2006
15/09/2011|1797
16/09/2011|1531
17/09/2011|1456
18/09/2011|1669
19/09/2011|1598
20/09/2011|-9999
21/09/2011|1600
22/09/2011|1700
23/09/2011|365
24/09/2011|1145
25/09/2011|1812
26/09/2011|1504
27/09/2011|952
28/09/2011|841
29/09/2011|1402
30/09/2011|1211
01/10/2011|1614
02/10/2011|1610
03/10/2011|1523
04/10/2011|1495
05/10/2011|1567
06/10/2011|973
07/10/2011|1378
08/10/2011|1402
09/10/2011|1625
10/10/2011|1589
11/10/2011|1566
12/10/2011|1533
13/10/2011|1505
14/10/2011|1522
15/10/2011|1500
16/10/2011|1073
17/10/2011|1312
18/10/2011|1038
19/10/2011|806
20/10/2011|1464
21/10/2011|1428
22/10/2011|1257
23/10/2011|161
24/10/2011|915
25/10/2011|878
26/10/2011|117
27/10/2011|659
28/10/2011|1077
29/10/2011|1198
30/10/2011|1186
31/10/2011|190
01/11/2011|964
02/11/2011|346
03/11/2011|265
04/11/2011|712
05/11/2011|915
06/11/2011|939
07/11/2011|1145
08/11/2011|202
09/11/2011|361
10/11/2011|523
11/11/2011|447
12/11/2011|441
13/11/2011|294
14/11/2011|346
15/11/2011|447
16/11/2011|398
17/11/2011|980
18/11/2011|260
19/11/2011|990
20/11/2011|772
21/11/2011|185
22/11/2011|278
23/11/2011|745
24/11/2011|980
25/11/2011|921
26/11/2011|980
27/11/2011|826
28/11/2011|497
29/11/2011|111
30/11/2011|175
01/12/2011|166
02/12/2011|696
03/12/2011|151
04/12/2011|185
05/12/2011|320
06/12/2011|358
07/12/2011|246
08/12/2011|250
09/12/2011|155
10/12/2011|548
11/12/2011|206
12/12/2011|386
13/12/2011|69
14/12/2011|556
15/12/2011|371
16/12/2011|276
17/12/2011|641
18/12/2011|787
19/12/2011|837
20/12/2011|109
21/12/2011|354
22/12/2011|879
23/12/2011|346
24/12/2011|876
25/12/2011|897
26/12/2011|894
27/12/2011|855
28/12/2011|270
29/12/2011|829
30/12/2011|834
31/12/2011|116
01/01/2012|-9999
02/01/2012|-9999
03/01/2012|-9999
04/01/2012|-9999
05/01/2012|-9999
06/01/2012|-9999
07/01/2012|-9999
08/01/2012|848
09/01/2012|865
10/01/2012|807
11/01/2012|837
12/01/2012|917
13/01/2012|560
14/01/2012|353
15/01/2012|318
16/01/2012|881
17/01/2012|599
18/01/2012|279
19/01/2012|240
20/01/2012|412
21/01/2012|285
22/01/2012|798
23/01/2012|499
24/01/2012|1009
25/01/2012|953
26/01/2012|536
27/01/2012|1014
28/01/2012|978
29/01/2012|1049
30/01/2012|921
31/01/2012|409
01/02/2012|441
02/02/2012|935
03/02/2012|971
04/02/2012|1187
05/02/2012|532
06/02/2012|428
07/02/2012|694
08/02/2012|1135
09/02/2012|620
10/02/2012|1263
11/02/2012|1341
12/02/2012|1152
13/02/2012|855
14/02/2012|568
15/02/2012|1164
16/02/2012|1265
17/02/2012|1416
18/02/2012|1138
19/02/2012|837
20/02/2012|1442
21/02/2012|1348
22/02/2012|1445
23/02/2012|1459
24/02/2012|1376
25/02/2012|954
26/02/2012|1158
27/02/2012|1554
28/02/2012|1442
29/02/2012|1358
01/03/2012|1156
02/03/2012|947
03/03/2012|1260
04/03/2012|812
05/03/2012|1503
06/03/2012|979
07/03/2012|707
08/03/2012|1635
09/03/2012|1774
10/03/2012|1756
11/03/2012|1787
12/03/2012|1731
13/03/2012|1812
14/03/2012|1779
15/03/2012|1650
16/03/2012|773
17/03/2012|912
18/03/2012|1426
19/03/2012|1762
20/03/2012|2030
21/03/2012|2015
22/03/2012|1849
23/03/2012|2009
24/03/2012|1411
25/03/2012|1719
26/03/2012|2003
27/03/2012|1974
28/03/2012|2035
29/03/2012|1975
30/03/2012|2044
31/03/2012|1657
01/04/2012|2076
02/04/2012|804
03/04/2012|1274
04/04/2012|1353
05/04/2012|1579
06/04/2012|481
07/04/2012|479
08/04/2012|2363
09/04/2012|2401
10/04/2012|1488
11/04/2012|498
12/04/2012|1804
13/04/2012|733
14/04/2012|1511
15/04/2012|2094
16/04/2012|2137
17/04/2012|703
18/04/2012|375
19/04/2012|1452
20/04/2012|796
21/04/2012|1510
22/04/2012|1460
23/04/2012|888
24/04/2012|990
25/04/2012|957
26/04/2012|1684
27/04/2012|1958
28/04/2012|1502
29/04/2012|1827
30/04/2012|1381
01/05/2012|1346
02/05/2012|597
03/05/2012|1187
04/05/2012|966
05/05/2012|1563
06/05/2012|1485
07/05/2012|414
08/05/2012|359
09/05/2012|1183
10/05/2012|2563
11/05/2012|1774
12/05/2012|2186
13/05/2012|2302
14/05/2012|1321
15/05/2012|2791
16/05/2012|2467
17/05/2012|727
18/05/2012|2029
19/05/2012|1651
20/05/2012|1778
21/05/2012|624
22/05/2012|2097
23/05/2012|2865
24/05/2012|2604
25/05/2012|1236
26/05/2012|1677
27/05/2012|481
28/05/2012|2506
29/05/2012|2156
30/05/2012|2478
31/05/2012|2837
01/06/2012|2340
02/06/2012|931
03/06/2012|2092
04/06/2012|2749
05/06/2012|564
06/06/2012|1426
07/06/2012|1510
08/06/2012|1951
09/06/2012|336
10/06/2012|1046
11/06/2012|1493
12/06/2012|1976
13/06/2012|2532
14/06/2012|927
15/06/2012|368
16/06/2012|2192
17/06/2012|781
18/06/2012|2779
19/06/2012|2078
20/06/2012|678
21/06/2012|2569
22/06/2012|2514
23/06/2012|2855
24/06/2012|2924
25/06/2012|2926
26/06/2012|2639
27/06/2012|2396
28/06/2012|1272
29/06/2012|1589
30/06/2012|2049
01/07/2012|2004
02/07/2012|1914
03/07/2012|851
04/07/2012|1228
05/07/2012|1417
06/07/2012|953
07/07/2012|910
08/07/2012|998
09/07/2012|967
10/07/2012|1757
11/07/2012|1875
12/07/2012|2352
13/07/2012|750
14/07/2012|2106
15/07/2012|2692
16/07/2012|2848
17/07/2012|2818
18/07/2012|2573
19/07/2012|2589
20/07/2012|2696
21/07/2012|2748
22/07/2012|2800
23/07/2012|-9999
24/07/2012|2516
25/07/2012|2323
26/07/2012|1737
27/07/2012|2315
28/07/2012|2385
29/07/2012|2638
30/07/2012|2664
31/07/2012|2409
01/08/2012|733
02/08/2012|2176
03/08/2012|2528
04/08/2012|805
05/08/2012|1329
06/08/2012|1860
07/08/2012|2557
08/08/2012|2505
09/08/2012|-9999
10/08/2012|-9999
11/08/2012|1341
12/08/2012|1200
13/08/2012|539
14/08/2012|578
15/08/2012|1555
16/08/2012|2436
17/08/2012|2409
18/08/2012|2001
19/08/2012|1167
20/08/2012|1852
21/08/2012|1951
22/08/2012|2002
23/08/2012|1346
24/08/2012|813
25/08/2012|1728
26/08/2012|2314
27/08/2012|1065
28/08/2012|2051
29/08/2012|1438
30/08/2012|2116
31/08/2012|2293
01/09/2012|2223
02/09/2012|2266
03/09/2012|2220
04/09/2012|1946
05/09/2012|2112
06/09/2012|1997
07/09/2012|1962
08/09/2012|1966
09/09/2012|1336
10/09/2012|1227
11/09/2012|1198
12/09/2012|1603
13/09/2012|1866
14/09/2012|2067
15/09/2012|2014
16/09/2012|1886
17/09/2012|760
18/09/2012|1708
19/09/2012|1896
20/09/2012|1783
21/09/2012|982
22/09/2012|1276
23/09/2012|480
24/09/2012|801
25/09/2012|211
26/09/2012|1086
27/09/2012|1610
28/09/2012|1690
29/09/2012|1673
30/09/2012|1777
01/10/2012|1597
02/10/2012|454
03/10/2012|1155
04/10/2012|1615
05/10/2012|1613
06/10/2012|230
07/10/2012|844
08/10/2012|342
09/10/2012|666
10/10/2012|205
11/10/2012|633
12/10/2012|1004
13/10/2012|1362
14/10/2012|719
15/10/2012|913
16/10/2012|171
17/10/2012|601
18/10/2012|456
19/10/2012|1226
20/10/2012|1410
21/10/2012|1051
22/10/2012|601
23/10/2012|1281
24/10/2012|289
25/10/2012|721
26/10/2012|1042
27/10/2012|880
28/10/2012|1340
29/10/2012|940
30/10/2012|1082
31/10/2012|773
01/11/2012|477
02/11/2012|721
03/11/2012|577
04/11/2012|951
05/11/2012|795
06/11/2012|1162
07/11/2012|945
08/11/2012|306
09/11/2012|954
10/11/2012|726
11/11/2012|742
12/11/2012|1057
13/11/2012|1074
14/11/2012|906
15/11/2012|807
16/11/2012|733
17/11/2012|129
18/11/2012|1010
19/11/2012|273
20/11/2012|144
21/11/2012|877
22/11/2012|470
23/11/2012|287
24/11/2012|268
25/11/2012|571
26/11/2012|620
27/11/2012|413
28/11/2012|422
29/11/2012|442
30/11/2012|714
01/12/2012|591
02/12/2012|636
03/12/2012|241
04/12/2012|573
05/12/2012|576
06/12/2012|158
07/12/2012|225
08/12/2012|839
09/12/2012|791
10/12/2012|419
11/12/2012|597
12/12/2012|300
13/12/2012|94
14/12/2012|60
15/12/2012|163
16/12/2012|153
17/12/2012|596
18/12/2012|83
19/12/2012|144
20/12/2012|232
21/12/2012|343
22/12/2012|249
23/12/2012|868
24/12/2012|67
25/12/2012|482
26/12/2012|439
27/12/2012|195
28/12/2012|543
29/12/2012|611
30/12/2012|342
31/12/2012|100
01/01/2013|610
02/01/2013|721
03/01/2013|828
04/01/2013|839
05/01/2013|753
06/01/2013|864
07/01/2013|822
08/01/2013|183
09/01/2013|277
10/01/2013|471
11/01/2013|384
12/01/2013|293
13/01/2013|589
14/01/2013|562
15/01/2013|294
16/01/2013|334
17/01/2013|95
18/01/2013|50
19/01/2013|292
20/01/2013|215
21/01/2013|695
22/01/2013|444
23/01/2013|191
24/01/2013|747
25/01/2013|135
26/01/2013|572
27/01/2013|250
28/01/2013|440
29/01/2013|358
30/01/2013|129
31/01/2013|243
01/02/2013|70
02/02/2013|807
03/02/2013|660
04/02/2013|379
05/02/2013|785
06/02/2013|822
07/02/2013|687
08/02/2013|747
09/02/2013|930
10/02/2013|393
11/02/2013|795
12/02/2013|337
13/02/2013|402
14/02/2013|567
15/02/2013|1309
16/02/2013|882
17/02/2013|178
18/02/2013|1059
19/02/2013|450
20/02/2013|913
21/02/2013|560
22/02/2013|262
23/02/2013|596
24/02/2013|705
25/02/2013|981
26/02/2013|1125
27/02/2013|1255
28/02/2013|1568
01/03/2013|1563
02/03/2013|1315
03/03/2013|1362
04/03/2013|522
05/03/2013|781
06/03/2013|391
07/03/2013|211
08/03/2013|983
09/03/2013|711
10/03/2013|1072
11/03/2013|579
12/03/2013|698
13/03/2013|1482
14/03/2013|1353
15/03/2013|1454
16/03/2013|220
17/03/2013|1648
18/03/2013|1154
19/03/2013|968
20/03/2013|1488
21/03/2013|1126
22/03/2013|910
23/03/2013|954
24/03/2013|1038
25/03/2013|243
26/03/2013|418
27/03/2013|527
28/03/2013|440
29/03/2013|405
30/03/2013|1346
31/03/2013|1000
01/04/2013|1011
02/04/2013|1473
03/04/2013|483
04/04/2013|878
05/04/2013|1306
06/04/2013|1696
07/04/2013|467
08/04/2013|566
09/04/2013|934
10/04/2013|262
11/04/2013|1192
12/04/2013|1583
13/04/2013|1565
14/04/2013|1935
15/04/2013|2148
16/04/2013|2219
17/04/2013|1965
18/04/2013|2273
19/04/2013|2599
20/04/2013|2322
21/04/2013|2336
22/04/2013|2371
23/04/2013|2517
24/04/2013|2467
25/04/2013|2454
26/04/2013|751
27/04/2013|2086
28/04/2013|2245
29/04/2013|2678
30/04/2013|966
01/05/2013|820
02/05/2013|2663
03/05/2013|2719
04/05/2013|2663
05/05/2013|2674
06/05/2013|569
07/05/2013|812
08/05/2013|833
09/05/2013|1457
10/05/2013|2874
11/05/2013|1900
12/05/2013|2831
13/05/2013|2840
14/05/2013|1392
15/05/2013|1983
16/05/2013|658
17/05/2013|1354
18/05/2013|1805
19/05/2013|1760
20/05/2013|2752
21/05/2013|1783
22/05/2013|2551
23/05/2013|2850
24/05/2013|3019
25/05/2013|2927
26/05/2013|1597
27/05/2013|1712
28/05/2013|2157
29/05/2013|809
30/05/2013|1539
31/05/2013|2452
01/06/2013|1876
02/06/2013|3067
03/06/2013|3006
04/06/2013|2939
05/06/2013|2744
06/06/2013|884
07/06/2013|1129
08/06/2013|402
09/06/2013|849
10/06/2013|433
11/06/2013|478
12/06/2013|1389
13/06/2013|2351
14/06/2013|3059
15/06/2013|2506
16/06/2013|655
17/06/2013|923
18/06/2013|1529
19/06/2013|787
20/06/2013|1130
21/06/2013|2307
22/06/2013|1416
23/06/2013|2742
24/06/2013|3071
25/06/2013|3050
26/06/2013|2952
27/06/2013|2863
28/06/2013|2967
29/06/2013|3019
30/06/2013|2935
01/07/2013|1893
02/07/2013|2457
03/07/2013|2274
04/07/2013|2850
05/07/2013|2887
06/07/2013|2738
07/07/2013|2676
08/07/2013|2735
09/07/2013|2681
10/07/2013|2775
11/07/2013|2651
12/07/2013|2412
13/07/2013|2163
14/07/2013|2689
15/07/2013|2472
16/07/2013|2468
17/07/2013|2778
18/07/2013|2767
19/07/2013|1732
20/07/2013|1366
21/07/2013|1742
22/07/2013|1444
23/07/2013|2759
24/07/2013|892
25/07/2013|1514
26/07/2013|2248
27/07/2013|1574
28/07/2013|1262
29/07/2013|1296
30/07/2013|2745
31/07/2013|2514
01/08/2013|2201
02/08/2013|1735
03/08/2013|2331
04/08/2013|2638
05/08/2013|1613
06/08/2013|1504
07/08/2013|1488
08/08/2013|2580
09/08/2013|2568
10/08/2013|-9999
11/08/2013|2480
12/08/2013|1710
13/08/2013|2160
14/08/2013|2438
15/08/2013|2475
16/08/2013|2152
17/08/2013|2130
18/08/2013|1731
19/08/2013|2508
20/08/2013|2416
21/08/2013|2436
22/08/2013|1078
23/08/2013|1887
24/08/2013|2102
25/08/2013|1612
26/08/2013|2237
27/08/2013|2326
28/08/2013|2301
29/08/2013|2301
30/08/2013|2288
31/08/2013|2255
01/09/2013|2232
02/09/2013|2182
03/09/2013|2032
04/09/2013|1719
05/09/2013|328
06/09/2013|1082
07/09/2013|1903
08/09/2013|2205
09/09/2013|1902
10/09/2013|1538
11/09/2013|2169
12/09/2013|2088
13/09/2013|2053
14/09/2013|988
15/09/2013|1972
16/09/2013|1081
17/09/2013|1881
18/09/2013|712
19/09/2013|1806
20/09/2013|1599
21/09/2013|1733
22/09/2013|1754
23/09/2013|1757
24/09/2013|1184
25/09/2013|408
26/09/2013|1088
27/09/2013|313
28/09/2013|589
29/09/2013|658
30/09/2013|681
01/10/2013|-9999
02/10/2013|-9999
03/10/2013|-9999
04/10/2013|-9999
05/10/2013|-9999
06/10/2013|-9999
07/10/2013|-9999
08/10/2013|-9999
09/10/2013|-9999
10/10/2013|-9999
11/10/2013|-9999
12/10/2013|-9999
13/10/2013|-9999
14/10/2013|-9999
15/10/2013|-9999
16/10/2013|-9999
17/10/2013|-9999
18/10/2013|-9999
19/10/2013|-9999
20/10/2013|-9999
21/10/2013|-9999
22/10/2013|-9999
23/10/2013|-9999
24/10/2013|-9999
25/10/2013|-9999
26/10/2013|-9999
27/10/2013|-9999
28/10/2013|-9999
29/10/2013|-9999
30/10/2013|-9999
31/10/2013|-9999
01/11/2013|22
02/11/2013|2
03/11/2013|485
04/11/2013|215
05/11/2013|152
06/11/2013|353
07/11/2013|257
08/11/2013|583
09/11/2013|252
10/11/2013|552
11/11/2013|460
12/11/2013|518
13/11/2013|757
14/11/2013|1071
15/11/2013|664
16/11/2013|1006
17/11/2013|537
18/11/2013|522
19/11/2013|770
20/11/2013|905
21/11/2013|290
22/11/2013|968
23/11/2013|1000
24/11/2013|723
25/11/2013|971
26/11/2013|817
27/11/2013|961
28/11/2013|968
29/11/2013|912
30/11/2013|563
01/12/2013|925
02/12/2013|939
03/12/2013|873
04/12/2013|898
05/12/2013|866
06/12/2013|885
07/12/2013|876
08/12/2013|847
09/12/2013|853
10/12/2013|710
11/12/2013|468
12/12/2013|197
13/12/2013|164
14/12/2013|783
15/12/2013|799
16/12/2013|509
17/12/2013|504
18/12/2013|98
19/12/2013|459
20/12/2013|784
21/12/2013|184
22/12/2013|171
23/12/2013|286
24/12/2013|95
25/12/2013|268
26/12/2013|213
27/12/2013|194
28/12/2013|482
29/12/2013|564
30/12/2013|142
31/12/2013|169
01/01/2014|63
02/01/2014|120
03/01/2014|365
04/01/2014|498
05/01/2014|102
06/01/2014|203
07/01/2014|414
08/01/2014|184
09/01/2014|111
10/01/2014|394
11/01/2014|866
12/01/2014|201
13/01/2014|194
14/01/2014|277
15/01/2014|159
16/01/2014|437
17/01/2014|276
18/01/2014|319
19/01/2014|637
20/01/2014|602
21/01/2014|107
22/01/2014|558
23/01/2014|605
24/01/2014|149
25/01/2014|268
26/01/2014|150
27/01/2014|505
28/01/2014|487
29/01/2014|659
30/01/2014|301
31/01/2014|203
01/02/2014|838
02/02/2014|558
03/02/2014|470
04/02/2014|85
05/02/2014|596
06/02/2014|152
07/02/2014|397
08/02/2014|536
09/02/2014|133
10/02/2014|1003
11/02/2014|628
12/02/2014|177
13/02/2014|465
14/02/2014|81
15/02/2014|518
16/02/2014|1183
17/02/2014|296
18/02/2014|645
19/02/2014|351
20/02/2014|1032
21/02/2014|816
22/02/2014|898
23/02/2014|993
24/02/2014|740
25/02/2014|710
26/02/2014|1049
27/02/2014|1162
28/02/2014|411
01/03/2014|154
02/03/2014|209
03/03/2014|839
04/03/2014|210
05/03/2014|800
06/03/2014|1737
07/03/2014|1753
08/03/2014|1700
09/03/2014|1115
10/03/2014|1785
11/03/2014|1885
12/03/2014|1721
13/03/2014|1785
14/03/2014|1203
15/03/2014|1893
16/03/2014|1888
17/03/2014|1842
18/03/2014|834
19/03/2014|1929
20/03/2014|1504
21/03/2014|880
22/03/2014|1620
23/03/2014|1637
24/03/2014|1186
25/03/2014|664
26/03/2014|1555
27/03/2014|962
28/03/2014|1335
29/03/2014|1431
30/03/2014|611
31/03/2014|797
01/04/2014|411
02/04/2014|1418
03/04/2014|1106
04/04/2014|358
05/04/2014|339
06/04/2014|727
07/04/2014|492
08/04/2014|2331
09/04/2014|-9999
10/04/2014|1830
11/04/2014|2338
12/04/2014|2357
13/04/2014|2045
14/04/2014|1521
15/04/2014|1456
16/04/2014|2265
17/04/2014|2327
18/04/2014|576
19/04/2014|895
20/04/2014|1009
21/04/2014|670
22/04/2014|1263
23/04/2014|1555
24/04/2014|904
25/04/2014|651
26/04/2014|1956
27/04/2014|1217
28/04/2014|1237
29/04/2014|548
30/04/2014|951
01/05/2014|1870
02/05/2014|2589
03/05/2014|2718
04/05/2014|2533
05/05/2014|1812
06/05/2014|706
07/05/2014|1838
08/05/2014|2257
09/05/2014|2447
10/05/2014|987
11/05/2014|2528
12/05/2014|2437
13/05/2014|2748
14/05/2014|2782
15/05/2014|2838
16/05/2014|2892
17/05/2014|2935
18/05/2014|2765
19/05/2014|1358
20/05/2014|907
21/05/2014|730
22/05/2014|1300
23/05/2014|1599
24/05/2014|1392
25/05/2014|1570
26/05/2014|1227
27/05/2014|1356
28/05/2014|1188
29/05/2014|676
30/05/2014|2055
31/05/2014|2658
01/06/2014|2989
02/06/2014|2505
03/06/2014|2218
04/06/2014|1761
05/06/2014|1072
06/06/2014|870
07/06/2014|1338
08/06/2014|1792
09/06/2014|1339
10/06/2014|2585
11/06/2014|2952
12/06/2014|2909
13/06/2014|2962
14/06/2014|3029
15/06/2014|2994
16/06/2014|3057
17/06/2014|3013
18/06/2014|2848
19/06/2014|2211
20/06/2014|1608
21/06/2014|1733
22/06/2014|2352
23/06/2014|1795
24/06/2014|1637
25/06/2014|1002
26/06/2014|1162
27/06/2014|2580
28/06/2014|1728
29/06/2014|1768
30/06/2014|781
01/07/2014|960
02/07/2014|2265
03/07/2014|2920
04/07/2014|2047
05/07/2014|586
06/07/2014|2202
07/07/2014|2103
08/07/2014|1769
09/07/2014|2896
10/07/2014|2969
11/07/2014|2934
12/07/2014|2891
13/07/2014|2326
14/07/2014|2757
15/07/2014|2767
16/07/2014|2784
17/07/2014|1366
18/07/2014|801
19/07/2014|1451
20/07/2014|1829
21/07/2014|2851
22/07/2014|2769
23/07/2014|2518
24/07/2014|1934
25/07/2014|1652
26/07/2014|2318
27/07/2014|2670
28/07/2014|2553
29/07/2014|2714
30/07/2014|2736
31/07/2014|2295
01/08/2014|1206
02/08/2014|1327
03/08/2014|1331
04/08/2014|2662
05/08/2014|1635
06/08/2014|1140
07/08/2014|1221
08/08/2014|642
09/08/2014|1302
10/08/2014|694
11/08/2014|2107
12/08/2014|816
13/08/2014|1917
14/08/2014|1730
15/08/2014|2508
16/08/2014|2616
17/08/2014|2563
18/08/2014|2510
19/08/2014|2227
20/08/2014|2344
21/08/2014|2400
22/08/2014|2431
23/08/2014|2324
24/08/2014|2427
25/08/2014|584
26/08/2014|340
27/08/2014|827
28/08/2014|1242
29/08/2014|2289
30/08/2014|2312
31/08/2014|2305
01/09/2014|2228
02/09/2014|1979
03/09/2014|1345
04/09/2014|737
05/09/2014|2109
06/09/2014|1120
07/09/2014|774
08/09/2014|2058
09/09/2014|1938
10/09/2014|1716
11/09/2014|1910
12/09/2014|1208
13/09/2014|1804
14/09/2014|1159
15/09/2014|1117
16/09/2014|991
17/09/2014|658
18/09/2014|450
19/09/2014|413
20/09/2014|952
21/09/2014|1760
22/09/2014|985
23/09/2014|823
24/09/2014|1833
25/09/2014|1880
26/09/2014|1860
27/09/2014|1643
28/09/2014|1444
29/09/2014|1579
30/09/2014|1785
01/10/2014|1743
02/10/2014|1713
03/10/2014|1587
04/10/2014|510
05/10/2014|1553
06/10/2014|285
07/10/2014|394
08/10/2014|270
09/10/2014|581
10/10/2014|971
11/10/2014|837
12/10/2014|807
13/10/2014|361
14/10/2014|948
15/10/2014|177
16/10/2014|195
17/10/2014|340
18/10/2014|672
19/10/2014|909
20/10/2014|1304
21/10/2014|1204
22/10/2014|1355
23/10/2014|975
24/10/2014|704
25/10/2014|1220
26/10/2014|1246
27/10/2014|1151
28/10/2014|1072
29/10/2014|895
30/10/2014|1137
31/10/2014|604
01/11/2014|1150
02/11/2014|300
03/11/2014|75
04/11/2014|629
05/11/2014|704
06/11/2014|185
07/11/2014|991
08/11/2014|292
09/11/2014|795
10/11/2014|195
11/11/2014|568
12/11/2014|564
13/11/2014|526
14/11/2014|372
15/11/2014|364
16/11/2014|196
17/11/2014|615
18/11/2014|234
19/11/2014|356
20/11/2014|343
21/11/2014|565
22/11/2014|83
23/11/2014|209
24/11/2014|442
25/11/2014|262
26/11/2014|621
27/11/2014|476
28/11/2014|384
29/11/2014|633
30/11/2014|852
01/12/2014|224
02/12/2014|435
03/12/2014|635
04/12/2014|399
05/12/2014|864
06/12/2014|591
07/12/2014|270
08/12/2014|405
09/12/2014|291
10/12/2014|315
11/12/2014|529
12/12/2014|193
13/12/2014|210
14/12/2014|567
15/12/2014|332
16/12/2014|248
17/12/2014|229
18/12/2014|366
19/12/2014|283
20/12/2014|217
21/12/2014|839
22/12/2014|466
23/12/2014|209
24/12/2014|291
25/12/2014|608
26/12/2014|384
27/12/2014|358
28/12/2014|614
29/12/2014|853
30/12/2014|897
31/12/2014|656
01/01/2015|867
02/01/2015|706
03/01/2015|417
04/01/2015|732
05/01/2015|234
06/01/2015|564
07/01/2015|775
08/01/2015|561
09/01/2015|551
10/01/2015|327
11/01/2015|823
12/01/2015|448
13/01/2015|301
14/01/2015|149
15/01/2015|117
16/01/2015|591
17/01/2015|283
18/01/2015|159
19/01/2015|731
20/01/2015|619
21/01/2015|603
22/01/2015|270
23/01/2015|368
24/01/2015|528
25/01/2015|953
26/01/2015|804
27/01/2015|723
28/01/2015|323
29/01/2015|108
30/01/2015|101
31/01/2015|840
01/02/2015|710
02/02/2015|477
03/02/2015|456
04/02/2015|868
05/02/2015|978
06/02/2015|566
07/02/2015|587
08/02/2015|1265
09/02/2015|1338
10/02/2015|1296
11/02/2015|1003
12/02/2015|402
13/02/2015|252
14/02/2015|176
15/02/2015|469
16/02/2015|459
17/02/2015|1294
18/02/2015|1374
19/02/2015|606
20/02/2015|133
21/02/2015|926
22/02/2015|222
23/02/2015|682
24/02/2015|961
25/02/2015|481
26/02/2015|290
27/02/2015|984
28/02/2015|273
01/03/2015|167
02/03/2015|283
03/03/2015|397
04/03/2015|1702
05/03/2015|1787
06/03/2015|1798
07/03/2015|1751
08/03/2015|1742
09/03/2015|1803
10/03/2015|1658
11/03/2015|1044
12/03/2015|283
13/03/2015|1818
14/03/2015|1975
15/03/2015|768
16/03/2015|1869
17/03/2015|1133
18/03/2015|1701
19/03/2015|1420
20/03/2015|1639
21/03/2015|1962
22/03/2015|1872
23/03/2015|1561
24/03/2015|1201
25/03/2015|1464
26/03/2015|371
27/03/2015|645
28/03/2015|819
29/03/2015|1234
30/03/2015|1592
31/03/2015|1049
01/04/2015|2221
02/04/2015|2122
03/04/2015|2153
04/04/2015|2355
05/04/2015|2289
06/04/2015|2196
07/04/2015|2290
08/04/2015|2009
09/04/2015|672
10/04/2015|598
11/04/2015|1920
12/04/2015|2238
13/04/2015|2276
14/04/2015|1451
15/04/2015|404
16/04/2015|342
17/04/2015|912
18/04/2015|1608
19/04/2015|1727
20/04/2015|2133
21/04/2015|2064
22/04/2015|796
23/04/2015|2131
24/04/2015|590
25/04/2015|535
26/04/2015|1448
27/04/2015|1675
28/04/2015|2038
29/04/2015|1917
30/04/2015|457
01/05/2015|580
02/05/2015|502
03/05/2015|2070
04/05/2015|754
05/05/2015|1698
06/05/2015|2112
07/05/2015|1618
08/05/2015|885
09/05/2015|2164
10/05/2015|1918
11/05/2015|2625
12/05/2015|2347
13/05/2015|2087
14/05/2015|2213
15/05/2015|2709
16/05/2015|2516
17/05/2015|2819
18/05/2015|2185
19/05/2015|1260
20/05/2015|1528
21/05/2015|2805
22/05/2015|2868
23/05/2015|2910
24/05/2015|2769
25/05/2015|2861
26/05/2015|2959
27/05/2015|2934
28/05/2015|2944
29/05/2015|2940
30/05/2015|2476
31/05/2015|776
01/06/2015|2339
02/06/2015|2933
03/06/2015|2356
04/06/2015|2748
05/06/2015|2544
06/06/2015|2455
07/06/2015|2719
08/06/2015|2435
09/06/2015|1711
10/06/2015|2856
11/06/2015|2017
12/06/2015|1276
13/06/2015|1151
14/06/2015|1486
15/06/2015|2559
16/06/2015|2873
17/06/2015|2897
18/06/2015|2914
19/06/2015|2919
20/06/2015|2878
21/06/2015|2828
22/06/2015|2319
23/06/2015|776
24/06/2015|1529
25/06/2015|2685
26/06/2015|2713
27/06/2015|2702
28/06/2015|2573
29/06/2015|2868
30/06/2015|2833
01/07/2015|1762
02/07/2015|2496
03/07/2015|2450
04/07/2015|1653
05/07/2015|2820
06/07/2015|2852
07/07/2015|1200
08/07/2015|2988
09/07/2015|2855
10/07/2015|1592
11/07/2015|2525
12/07/2015|2775
13/07/2015|2721
14/07/2015|2843
15/07/2015|2589
16/07/2015|2285
17/07/2015|2456
18/07/2015|894
19/07/2015|830
20/07/2015|1437
21/07/2015|2311
22/07/2015|2691
23/07/2015|2696
24/07/2015|1736
25/07/2015|2779
26/07/2015|1113
27/07/2015|2278
28/07/2015|883
29/07/2015|1368
30/07/2015|1590
31/07/2015|1536
01/08/2015|2681
02/08/2015|2539
03/08/2015|1317
04/08/2015|2688
05/08/2015|872
06/08/2015|2325
07/08/2015|2112
08/08/2015|2250
09/08/2015|2612
10/08/2015|1880
11/08/2015|1594
12/08/2015|887
13/08/2015|431
14/08/2015|607
15/08/2015|1028
16/08/2015|633
17/08/2015|1540
18/08/2015|2380
19/08/2015|2499
20/08/2015|2482
21/08/2015|2354
22/08/2015|533
23/08/2015|505
24/08/2015|1610
25/08/2015|917
26/08/2015|323
27/08/2015|475
28/08/2015|548
29/08/2015|1676
30/08/2015|2077
31/08/2015|429
01/09/2015|1579
02/09/2015|1094
03/09/2015|1561
04/09/2015|1831
05/09/2015|2238
06/09/2015|2176
07/09/2015|2148
08/09/2015|1827
09/09/2015|646
10/09/2015|1390
11/09/2015|1208
12/09/2015|856
13/09/2015|1118
14/09/2015|1107
15/09/2015|183
16/09/2015|639
17/09/2015|1250
18/09/2015|990
19/09/2015|2044
20/09/2015|2015
21/09/2015|1857
22/09/2015|631
23/09/2015|1322
24/09/2015|1851
25/09/2015|1629
26/09/2015|1842
27/09/2015|1839
28/09/2015|1866
29/09/2015|1808
30/09/2015|1155
01/10/2015|1800
02/10/2015|1376
03/10/2015|644
04/10/2015|743
05/10/2015|434
06/10/2015|857
07/10/2015|723
08/10/2015|1562
09/10/2015|1425
10/10/2015|454
11/10/2015|562
12/10/2015|920
13/10/2015|1590
14/10/2015|1577
15/10/2015|1512
16/10/2015|870
17/10/2015|766
18/10/2015|360
19/10/2015|456
20/10/2015|1480
21/10/2015|1419
22/10/2015|1413
23/10/2015|1137
24/10/2015|438
25/10/2015|969
26/10/2015|339
27/10/2015|577
28/10/2015|417
29/10/2015|224
30/10/2015|380
31/10/2015|740
01/11/2015|1151
02/11/2015|898
03/11/2015|263
04/11/2015|344
05/11/2015|127
06/11/2015|542
07/11/2015|1014
08/11/2015|647
09/11/2015|847
10/11/2015|701
11/11/2015|925
12/11/2015|814
13/11/2015|860
14/11/2015|1091
15/11/2015|1027
16/11/2015|726
17/11/2015|90
18/11/2015|152
19/11/2015|427
20/11/2015|403
21/11/2015|678
22/11/2015|388
23/11/2015|945
24/11/2015|221
25/11/2015|444
26/11/2015|229
27/11/2015|486
28/11/2015|734
29/11/2015|935
30/11/2015|926
01/12/2015|887
02/12/2015|426
03/12/2015|376
04/12/2015|608
05/12/2015|572
06/12/2015|611
07/12/2015|177
08/12/2015|561
09/12/2015|836
10/12/2015|409
11/12/2015|838
12/12/2015|693
13/12/2015|364
14/12/2015|323
15/12/2015|82
16/12/2015|597
17/12/2015|174
18/12/2015|127
19/12/2015|454
20/12/2015|505
21/12/2015|153
22/12/2015|132
23/12/2015|105
24/12/2015|179
25/12/2015|232
26/12/2015|712
27/12/2015|623
28/12/2015|92
29/12/2015|404
30/12/2015|99
31/12/2015|334
01/01/2016|207
02/01/2016|600
03/01/2016|49
04/01/2016|85
05/01/2016|483
06/01/2016|112
07/01/2016|28
08/01/2016|114
09/01/2016|112
10/01/2016|104
11/01/2016|400
12/01/2016|722
13/01/2016|69
14/01/2016|638
15/01/2016|892
16/01/2016|1008
17/01/2016|135
18/01/2016|475
19/01/2016|453
20/01/2016|488
21/01/2016|189
22/01/2016|136
23/01/2016|341
24/01/2016|900
25/01/2016|319
26/01/2016|668
27/01/2016|247
28/01/2016|392
29/01/2016|1061
30/01/2016|364
31/01/2016|297
01/02/2016|306
02/02/2016|402
03/02/2016|1013
04/02/2016|1212
05/02/2016|1144
06/02/2016|86
07/02/2016|428
08/02/2016|261
09/02/2016|156
10/02/2016|183
11/02/2016|462
12/02/2016|110
13/02/2016|193
14/02/2016|572
15/02/2016|1116
16/02/2016|1358
17/02/2016|194
18/02/2016|916
19/02/2016|1083
20/02/2016|1155
21/02/2016|1460
22/02/2016|445
23/02/2016|503
24/02/2016|568
25/02/2016|706
26/02/2016|505
27/02/2016|391
28/02/2016|478
29/02/2016|1489
01/03/2016|1478
02/03/2016|586
03/03/2016|455
04/03/2016|576
05/03/2016|1054
06/03/2016|1014
07/03/2016|1095
08/03/2016|954
09/03/2016|958
10/03/2016|1423
11/03/2016|1688
12/03/2016|1921
13/03/2016|1962
14/03/2016|1872
15/03/2016|1679
16/03/2016|2015
17/03/2016|1245
18/03/2016|449
19/03/2016|825
20/03/2016|533
21/03/2016|1815
22/03/2016|1783
23/03/2016|1465
24/03/2016|1952
25/03/2016|295
26/03/2016|316
27/03/2016|823
28/03/2016|1333
29/03/2016|383
30/03/2016|261
31/03/2016|1664
01/04/2016|2088
02/04/2016|477
03/04/2016|920
04/04/2016|1046
05/04/2016|1343
06/04/2016|1961
07/04/2016|1040
08/04/2016|1424
09/04/2016|1182
10/04/2016|643
11/04/2016|1003
12/04/2016|1083
13/04/2016|1122
14/04/2016|1877
15/04/2016|656
16/04/2016|487
17/04/2016|2123
18/04/2016|1772
19/04/2016|718
20/04/2016|2356
21/04/2016|1483
22/04/2016|1439
23/04/2016|1114
24/04/2016|2320
25/04/2016|2281
26/04/2016|2529
27/04/2016|1414
28/04/2016|2614
29/04/2016|2724
30/04/2016|2788
01/05/2016|2742
02/05/2016|2737
03/05/2016|2727
04/05/2016|2667
05/05/2016|653
06/05/2016|555
07/05/2016|562
08/05/2016|1274
09/05/2016|917
10/05/2016|684
11/05/2016|1604
12/05/2016|1370
13/05/2016|404
14/05/2016|333
15/05/2016|2158
16/05/2016|2663
17/05/2016|2683
18/05/2016|1356
19/05/2016|993
20/05/2016|2416
21/05/2016|736
22/05/2016|2402
23/05/2016|2356
24/05/2016|844
25/05/2016|1849
26/05/2016|2496
27/05/2016|1970
28/05/2016|1360
29/05/2016|2158
30/05/2016|1318
31/05/2016|2700
01/06/2016|3037
02/06/2016|2694
03/06/2016|2857
04/06/2016|2099
05/06/2016|1763
06/06/2016|1628
07/06/2016|2707
08/06/2016|2485
09/06/2016|1734
10/06/2016|1795
11/06/2016|2098
12/06/2016|773
13/06/2016|1843
14/06/2016|1115
15/06/2016|935
16/06/2016|1836
17/06/2016|1292
18/06/2016|2240
19/06/2016|2909
20/06/2016|2833
21/06/2016|2960
22/06/2016|2411
23/06/2016|1373
24/06/2016|2594
25/06/2016|2546
26/06/2016|2847
27/06/2016|3012
28/06/2016|2825
29/06/2016|2809
30/06/2016|1706
01/07/2016|1246
02/07/2016|2816
03/07/2016|2958
04/07/2016|2880
05/07/2016|2252
06/07/2016|2151
07/07/2016|2775
08/07/2016|2832
09/07/2016|2895
10/07/2016|2222
11/07/2016|1568
12/07/2016|2455
13/07/2016|2768
14/07/2016|2912
15/07/2016|2866
16/07/2016|2794
17/07/2016|2773
18/07/2016|2589
19/07/2016|2187
20/07/2016|1279
21/07/2016|1939
22/07/2016|2023
23/07/2016|2757
24/07/2016|2755
25/07/2016|2761
26/07/2016|2745
27/07/2016|2741
28/07/2016|2660
29/07/2016|2309
30/07/2016|1880
31/07/2016|2667
01/08/2016|2689
02/08/2016|2703
03/08/2016|2309
04/08/2016|1099
05/08/2016|2649
06/08/2016|2655
07/08/2016|2640
08/08/2016|2438
09/08/2016|2345
10/08/2016|2641
11/08/2016|2592
12/08/2016|2093
13/08/2016|2386
14/08/2016|2234
15/08/2016|2144
16/08/2016|2148
17/08/2016|1680
18/08/2016|2482
19/08/2016|1828
20/08/2016|1593
21/08/2016|2464
22/08/2016|2364
23/08/2016|2310
24/08/2016|1429
25/08/2016|912
26/08/2016|2086
27/08/2016|2099
28/08/2016|2318
29/08/2016|2208
30/08/2016|2186
31/08/2016|2271
01/09/2016|2188
02/09/2016|2061
03/09/2016|2080
04/09/2016|1966
05/09/2016|2179
06/09/2016|1853
07/09/2016|1654
08/09/2016|2071
09/09/2016|2105
10/09/2016|690
11/09/2016|2050
12/09/2016|1054
13/09/2016|1379
14/09/2016|645
15/09/2016|1068
16/09/2016|1117
17/09/2016|1766
18/09/2016|2051
19/09/2016|1783
20/09/2016|1941
21/09/2016|1380
22/09/2016|1030
23/09/2016|1739
24/09/2016|443
25/09/2016|1515
26/09/2016|1144
27/09/2016|786
28/09/2016|1867
29/09/2016|1784
30/09/2016|533
01/10/2016|1346
02/10/2016|1813
03/10/2016|1754
04/10/2016|883
05/10/2016|690
06/10/2016|1661
07/10/2016|1399
08/10/2016|1123
09/10/2016|1626
10/10/2016|1575
11/10/2016|317
12/10/2016|887
13/10/2016|625
14/10/2016|984
15/10/2016|327
16/10/2016|666
17/10/2016|560
18/10/2016|1137
19/10/2016|978
20/10/2016|1196
21/10/2016|1250
22/10/2016|445
23/10/2016|645
24/10/2016|1107
25/10/2016|1074
26/10/2016|1333
27/10/2016|1152
28/10/2016|1160
29/10/2016|982
30/10/2016|1216
31/10/2016|1084
01/11/2016|957
02/11/2016|849
03/11/2016|896
04/11/2016|445
05/11/2016|975
06/11/2016|844
07/11/2016|875
08/11/2016|550
09/11/2016|475
10/11/2016|464
11/11/2016|397
12/11/2016|114
13/11/2016|789
14/11/2016|1006
15/11/2016|1056
16/11/2016|1000
17/11/2016|831
18/11/2016|-9999
19/11/2016|249
20/11/2016|421
21/11/2016|231
22/11/2016|962
23/11/2016|876
24/11/2016|66
25/11/2016|756
26/11/2016|256
27/11/2016|735
28/11/2016|901
29/11/2016|897
30/11/2016|712
01/12/2016|415
02/12/2016|863
03/12/2016|385
04/12/2016|777
05/12/2016|840
06/12/2016|790
07/12/2016|608
08/12/2016|616
09/12/2016|800
10/12/2016|322
11/12/2016|829
12/12/2016|826
13/12/2016|711
14/12/2016|531
15/12/2016|117
16/12/2016|625
17/12/2016|817
18/12/2016|834
19/12/2016|780
20/12/2016|306
21/12/2016|144
22/12/2016|156
23/12/2016|258
24/12/2016|431
25/12/2016|800
26/12/2016|360
27/12/2016|859
28/12/2016|858
29/12/2016|848
30/12/2016|862
31/12/2016|846
01/01/2017|238
02/01/2017|300
03/01/2017|241
04/01/2017|471
05/01/2017|785
06/01/2017|910
07/01/2017|915
08/01/2017|927
09/01/2017|732
10/01/2017|346
11/01/2017|312
12/01/2017|132
13/01/2017|692
14/01/2017|857
15/01/2017|636
16/01/2017|788
17/01/2017|859
18/01/2017|1030
19/01/2017|557
20/01/2017|965
21/01/2017|929
22/01/2017|1032
23/01/2017|1051
24/01/2017|1074
25/01/2017|1022
26/01/2017|410
27/01/2017|427
28/01/2017|438
29/01/2017|174
30/01/2017|226
31/01/2017|152
01/02/2017|250
02/02/2017|358
03/02/2017|175
04/02/2017|61
05/02/2017|603
06/02/2017|135
07/02/2017|837
08/02/2017|1104
09/02/2017|732
10/02/2017|1006
11/02/2017|678
12/02/2017|245
13/02/2017|540
14/02/2017|266
15/02/2017|1004
16/02/2017|1359
17/02/2017|1355
18/02/2017|869
19/02/2017|1469
20/02/2017|1473
21/02/2017|1502
22/02/2017|1553
23/02/2017|680
24/02/2017|1463
25/02/2017|1485
26/02/2017|392
27/02/2017|731
28/02/2017|554
01/03/2017|343
02/03/2017|540
03/03/2017|431
04/03/2017|1185
05/03/2017|301
06/03/2017|1330
07/03/2017|494
08/03/2017|1403
09/03/2017|1818
10/03/2017|1813
11/03/2017|494
12/03/2017|1405
13/03/2017|1597
14/03/2017|1913
15/03/2017|1979
16/03/2017|1842
17/03/2017|1969
18/03/2017|2024
19/03/2017|1931
20/03/2017|496
21/03/2017|1255
22/03/2017|739
23/03/2017|928
24/03/2017|1339
25/03/2017|1017
26/03/2017|907
27/03/2017|881
28/03/2017|1410
29/03/2017|2371
30/03/2017|1072
31/03/2017|814
01/04/2017|1269
02/04/2017|2041
03/04/2017|2230
04/04/2017|2345
05/04/2017|2370
06/04/2017|2368
07/04/2017|2293
08/04/2017|2351
09/04/2017|2142
10/04/2017|2304
11/04/2017|2418
12/04/2017|2478
13/04/2017|2072
14/04/2017|1190
15/04/2017|2090
16/04/2017|2080
17/04/2017|2335
18/04/2017|1326
19/04/2017|1652
20/04/2017|2418
21/04/2017|2538
22/04/2017|2341
23/04/2017|2470
24/04/2017|2429
25/04/2017|564
26/04/2017|2433
27/04/2017|2555
28/04/2017|2760
29/04/2017|2250
30/04/2017|1750
01/05/2017|872
02/05/2017|2661
03/05/2017|2503
04/05/2017|1794
05/05/2017|1030
06/05/2017|2172
07/05/2017|2549
08/05/2017|1929
09/05/2017|1898
10/05/2017|1052
11/05/2017|894
12/05/2017|1325
13/05/2017|961
14/05/2017|1524
15/05/2017|1737
16/05/2017|2245
17/05/2017|854
18/05/2017|1940
19/05/2017|1917
20/05/2017|2789
21/05/2017|1536
22/05/2017|2761
23/05/2017|2831
24/05/2017|2749
25/05/2017|1379
26/05/2017|1036
27/05/2017|1271
28/05/2017|1288
29/05/2017|2243
30/05/2017|2122
31/05/2017|2525
01/06/2017|2365
02/06/2017|1371
03/06/2017|2054
04/06/2017|2480
05/06/2017|963
06/06/2017|2445
07/06/2017|2929
08/06/2017|1750
09/06/2017|2740
10/06/2017|2571
11/06/2017|1918
12/06/2017|2805
13/06/2017|1238
14/06/2017|2531
15/06/2017|3024
16/06/2017|2837
17/06/2017|2910
18/06/2017|2858
19/06/2017|2369
20/06/2017|2642
21/06/2017|2674
22/06/2017|1105
23/06/2017|2268
24/06/2017|2365
25/06/2017|2323
26/06/2017|955
27/06/2017|934
28/06/2017|1317
29/06/2017|1849
30/06/2017|1903
01/07/2017|1843
02/07/2017|2915
03/07/2017|2848
04/07/2017|2619
05/07/2017|1228
06/07/2017|2320
07/07/2017|1825
08/07/2017|1794
09/07/2017|1300
10/07/2017|1847
11/07/2017|2552
12/07/2017|2765
13/07/2017|2541
14/07/2017|2894
15/07/2017|2872
16/07/2017|2747
17/07/2017|2697
18/07/2017|821
19/07/2017|1558
20/07/2017|1945
21/07/2017|2250
22/07/2017|1823
23/07/2017|1306
24/07/2017|1789
25/07/2017|2585
26/07/2017|2645
27/07/2017|874
28/07/2017|1993
29/07/2017|869
30/07/2017|1416
31/07/2017|1672
01/08/2017|2413
02/08/2017|1867
03/08/2017|2623
04/08/2017|767
05/08/2017|2113
06/08/2017|2556
07/08/2017|1590
08/08/2017|2177
09/08/2017|2274
10/08/2017|2606
11/08/2017|2554
12/08/2017|2558
13/08/2017|2434
14/08/2017|1906
15/08/2017|1694
16/08/2017|2325
17/08/2017|2377
18/08/2017|1591
19/08/2017|2365
20/08/2017|2440
21/08/2017|2119
22/08/2017|2230
23/08/2017|2258
24/08/2017|1625
25/08/2017|1669
26/08/2017|1598
27/08/2017|1775
28/08/2017|1546
29/08/2017|968
30/08/2017|498
31/08/2017|2061
01/09/2017|2183
02/09/2017|2105
03/09/2017|1132
04/09/2017|930
05/09/2017|1660
06/09/2017|2052
07/09/2017|1991
08/09/2017|1953
09/09/2017|1370
10/09/2017|1022
11/09/2017|1904
12/09/2017|601
13/09/2017|691
14/09/2017|1896
15/09/2017|1531
16/09/2017|1310
17/09/2017|946
18/09/2017|967
19/09/2017|1603
20/09/2017|1938
21/09/2017|661
22/09/2017|1535
23/09/2017|1051
24/09/2017|480
25/09/2017|1477
26/09/2017|1775
27/09/2017|943
28/09/2017|1320
29/09/2017|672
30/09/2017|1183
01/10/2017|1125
02/10/2017|1743
03/10/2017|1688
04/10/2017|1701
05/10/2017|1713
06/10/2017|1746
07/10/2017|1732
08/10/2017|1717
09/10/2017|1714
10/10/2017|1687
11/10/2017|1605
12/10/2017|1564
13/10/2017|1272
14/10/2017|1440
15/10/2017|819
16/10/2017|222
17/10/2017|924
18/10/2017|999
19/10/2017|247
20/10/2017|541
21/10/2017|1051
22/10/2017|1327
23/10/2017|1432
24/10/2017|1371
25/10/2017|1286
26/10/2017|1252
27/10/2017|1263
28/10/2017|1267
29/10/2017|1298
30/10/2017|1098
31/10/2017|1142
01/11/2017|331
02/11/2017|786
03/11/2017|533
04/11/2017|680
05/11/2017|790
06/11/2017|1153
07/11/2017|407
08/11/2017|797
09/11/2017|242
10/11/2017|534
11/11/2017|500
12/11/2017|335
13/11/2017|1046
14/11/2017|1076
15/11/2017|1065
16/11/2017|1003
17/11/2017|955
18/11/2017|1022
19/11/2017|1035
20/11/2017|823
21/11/2017|788
22/11/2017|294
23/11/2017|436
24/11/2017|165
25/11/2017|897
26/11/2017|980
27/11/2017|947
28/11/2017|821
29/11/2017|735
30/11/2017|829
01/12/2017|443
02/12/2017|847
03/12/2017|838
04/12/2017|888
05/12/2017|875
06/12/2017|623
07/12/2017|65
08/12/2017|144
09/12/2017|109
10/12/2017|25
11/12/2017|554
12/12/2017|470
13/12/2017|116
14/12/2017|348
15/12/2017|552
16/12/2017|710
17/12/2017|838
18/12/2017|525
19/12/2017|606
20/12/2017|810
21/12/2017|821
22/12/2017|831
23/12/2017|669
24/12/2017|812
25/12/2017|120
26/12/2017|89
27/12/2017|315
28/12/2017|222
29/12/2017|285
30/12/2017|294
31/12/2017|426
01/01/2018|72
02/01/2018|106
03/01/2018|98
04/01/2018|250
05/01/2018|404
06/01/2018|680
07/01/2018|494
08/01/2018|500
09/01/2018|455
10/01/2018|559
11/01/2018|719
12/01/2018|452
13/01/2018|460
14/01/2018|941
15/01/2018|208
16/01/2018|146
17/01/2018|602
18/01/2018|242
19/01/2018|701
20/01/2018|156
21/01/2018|160
22/01/2018|208
23/01/2018|388
24/01/2018|168
25/01/2018|491
26/01/2018|632
27/01/2018|252
28/01/2018|1146
29/01/2018|1146
30/01/2018|1166
31/01/2018|524
01/02/2018|724
02/02/2018|942
03/02/2018|313
04/02/2018|904
05/02/2018|1055
06/02/2018|721
07/02/2018|1125
08/02/2018|884
09/02/2018|820
10/02/2018|545
11/02/2018|270
12/02/2018|914
13/02/2018|179
14/02/2018|198
15/02/2018|200
16/02/2018|129
17/02/2018|1312
18/02/2018|1068
19/02/2018|620
20/02/2018|1317
21/02/2018|1532
22/02/2018|1557
23/02/2018|1523
24/02/2018|1593
25/02/2018|1574
26/02/2018|1382
27/02/2018|1213
28/02/2018|304
01/03/2018|249
02/03/2018|306
03/03/2018|724
04/03/2018|763
05/03/2018|921
06/03/2018|942
07/03/2018|736
08/03/2018|259
09/03/2018|416
10/03/2018|689
11/03/2018|588
12/03/2018|1154
13/03/2018|1042
14/03/2018|468
15/03/2018|567
16/03/2018|980
17/03/2018|1295
18/03/2018|1355
19/03/2018|1501
20/03/2018|1169
21/03/2018|1753
22/03/2018|1944
23/03/2018|647
24/03/2018|1079
25/03/2018|1524
26/03/2018|797
27/03/2018|1106
28/03/2018|626
29/03/2018|776
30/03/2018|514
31/03/2018|1167
01/04/2018|940
02/04/2018|790
03/04/2018|975
04/04/2018|1132
05/04/2018|1914
06/04/2018|262
07/04/2018|1668
08/04/2018|986
09/04/2018|1153
10/04/2018|1173
11/04/2018|1206
12/04/2018|708
13/04/2018|634
14/04/2018|1167
15/04/2018|839
16/04/2018|1828
17/04/2018|1681
18/04/2018|2464
19/04/2018|2265
20/04/2018|2101
21/04/2018|1343
22/04/2018|2060
23/04/2018|2299
24/04/2018|2514
25/04/2018|1716
26/04/2018|2654
27/04/2018|1592
28/04/2018|1806
29/04/2018|667
30/04/2018|1838
01/05/2018|2258
02/05/2018|409
03/05/2018|2281
04/05/2018|2738
05/05/2018|2691
06/05/2018|2410
07/05/2018|2559
08/05/2018|2068
09/05/2018|1445
10/05/2018|2766
11/05/2018|552
12/05/2018|2100
13/05/2018|941
14/05/2018|1443
15/05/2018|2493
16/05/2018|2733
17/05/2018|2806
18/05/2018|2743
19/05/2018|2469
20/05/2018|2809
21/05/2018|2351
22/05/2018|2313
23/05/2018|1710
24/05/2018|1642
25/05/2018|1061
26/05/2018|1794
27/05/2018|1872
28/05/2018|1962
29/05/2018|1026
30/05/2018|650
31/05/2018|950
01/06/2018|1675
02/06/2018|2276
03/06/2018|1000
04/06/2018|670
05/06/2018|469
06/06/2018|726
07/06/2018|625
08/06/2018|1185
09/06/2018|323
10/06/2018|1381
11/06/2018|654
12/06/2018|1217
13/06/2018|2430
14/06/2018|2722
15/06/2018|2282
16/06/2018|2447
17/06/2018|2958
18/06/2018|2788
19/06/2018|2913
20/06/2018|2321
21/06/2018|2545
22/06/2018|2786
23/06/2018|2709
24/06/2018|2677
25/06/2018|729
26/06/2018|641
27/06/2018|1173
28/06/2018|1604
29/06/2018|2442
30/06/2018|916
01/07/2018|1017
02/07/2018|829
03/07/2018|2058
04/07/2018|1722
05/07/2018|864
06/07/2018|2352
07/07/2018|2632
08/07/2018|2792
09/07/2018|2815
10/07/2018|2739
11/07/2018|2147
12/07/2018|1888
13/07/2018|2347
14/07/2018|2079
15/07/2018|790
16/07/2018|2003
17/07/2018|2069
18/07/2018|1889
19/07/2018|1442
20/07/2018|2248
21/07/2018|1153
22/07/2018|2536
23/07/2018|2650
24/07/2018|1369
25/07/2018|2212
26/07/2018|2368
27/07/2018|1255
28/07/2018|1450
29/07/2018|471
30/07/2018|703
31/07/2018|2059
01/08/2018|2699
02/08/2018|2475
03/08/2018|2143
04/08/2018|2386
05/08/2018|2237
06/08/2018|746
07/08/2018|1328
08/08/2018|1116
09/08/2018|2211
10/08/2018|2628
11/08/2018|2567
12/08/2018|826
13/08/2018|1427
14/08/2018|2578
15/08/2018|2468
16/08/2018|1990
17/08/2018|1895
18/08/2018|2359
19/08/2018|2315
20/08/2018|2320
21/08/2018|2264
22/08/2018|2227
23/08/2018|2193
24/08/2018|1905
25/08/2018|2302
26/08/2018|2337
27/08/2018|1975
28/08/2018|1312
29/08/2018|1635
30/08/2018|2230
31/08/2018|2250
01/09/2018|2185
02/09/2018|1955
03/09/2018|1854
04/09/2018|827
05/09/2018|1740
06/09/2018|1718
07/09/2018|2113
08/09/2018|2051
09/09/2018|1971
10/09/2018|2002
11/09/2018|2057
12/09/2018|1895
13/09/2018|2056
14/09/2018|1975
15/09/2018|2019
16/09/2018|1488
17/09/2018|1913
18/09/2018|1071
19/09/2018|1835
20/09/2018|1299
21/09/2018|459
22/09/2018|1900
23/09/2018|1622
24/09/2018|1925
25/09/2018|1875
26/09/2018|1798
27/09/2018|1433
28/09/2018|1466
29/09/2018|1688
30/09/2018|1758
01/10/2018|1824
02/10/2018|1838
03/10/2018|1794
04/10/2018|1715
05/10/2018|1736
06/10/2018|829
07/10/2018|1603
08/10/2018|1712
09/10/2018|1657
10/10/2018|1513
11/10/2018|1331
12/10/2018|231
13/10/2018|870
14/10/2018|949
15/10/2018|769
16/10/2018|1476
17/10/2018|372
18/10/2018|872
19/10/2018|1315
20/10/2018|1419
21/10/2018|838
22/10/2018|1441
23/10/2018|1419
24/10/2018|1407
25/10/2018|1364
26/10/2018|1011
27/10/2018|932
28/10/2018|992
29/10/2018|694
30/10/2018|504
31/10/2018|444
01/11/2018|397
02/11/2018|473
03/11/2018|228
04/11/2018|176
05/11/2018|834
06/11/2018|97
07/11/2018|975
08/11/2018|186
09/11/2018|148
10/11/2018|520
11/11/2018|246
12/11/2018|952
13/11/2018|1084
14/11/2018|1030
15/11/2018|939
16/11/2018|994
17/11/2018|633
18/11/2018|504
19/11/2018|660
20/11/2018|344
21/11/2018|502
22/11/2018|380
23/11/2018|557
24/11/2018|129
25/11/2018|558
26/11/2018|717
27/11/2018|107
28/11/2018|118
29/11/2018|599
30/11/2018|595
01/12/2018|106
02/12/2018|224
03/12/2018|123
04/12/2018|657
05/12/2018|178
06/12/2018|549
07/12/2018|125
08/12/2018|436
09/12/2018|840
10/12/2018|712
11/12/2018|243
12/12/2018|248
13/12/2018|531
14/12/2018|161
15/12/2018|70
16/12/2018|367
17/12/2018|288
18/12/2018|177
19/12/2018|404
20/12/2018|126
21/12/2018|87
22/12/2018|179
23/12/2018|586
24/12/2018|599
25/12/2018|675
26/12/2018|704
27/12/2018|126
28/12/2018|644
29/12/2018|838
30/12/2018|896
31/12/2018|900
01/01/2019|875
02/01/2019|874
03/01/2019|905
04/01/2019|880
05/01/2019|942
06/01/2019|944
07/01/2019|907
08/01/2019|880
09/01/2019|719
10/01/2019|916
11/01/2019|920
12/01/2019|940
13/01/2019|777
14/01/2019|762
15/01/2019|816
16/01/2019|358
17/01/2019|644
18/01/2019|122
19/01/2019|95
20/01/2019|682
21/01/2019|516
22/01/2019|248
23/01/2019|267
24/01/2019|276
25/01/2019|471
26/01/2019|1077
27/01/2019|734
28/01/2019|446
29/01/2019|395
30/01/2019|137
31/01/2019|147
01/02/2019|340
02/02/2019|879
03/02/2019|1063
04/02/2019|269
05/02/2019|446
06/02/2019|401
07/02/2019|1235
08/02/2019|314
09/02/2019|326
10/02/2019|796
11/02/2019|1343
12/02/2019|1361
13/02/2019|1370
14/02/2019|1368
15/02/2019|1124
16/02/2019|1367
17/02/2019|294
18/02/2019|700
19/02/2019|1422
20/02/2019|1222
21/02/2019|1005
22/02/2019|1254
23/02/2019|1109
24/02/2019|1323
25/02/2019|1557
26/02/2019|1221
27/02/2019|892
28/02/2019|1048
01/03/2019|614
02/03/2019|896
03/03/2019|329
04/03/2019|1019
05/03/2019|524
06/03/2019|556
07/03/2019|510
08/03/2019|897
09/03/2019|560
10/03/2019|297
11/03/2019|1899
12/03/2019|376
13/03/2019|1396
14/03/2019|1385
15/03/2019|2022
16/03/2019|1835
17/03/2019|1524
18/03/2019|1388
19/03/2019|1534
20/03/2019|2042
21/03/2019|1976
22/03/2019|2014
23/03/2019|2011
24/03/2019|2002
25/03/2019|2070
26/03/2019|2171
27/03/2019|2182
28/03/2019|2121
29/03/2019|2026
30/03/2019|2118
31/03/2019|1672
01/04/2019|1814
02/04/2019|1137
03/04/2019|1910
04/04/2019|445
05/04/2019|887
06/04/2019|960
07/04/2019|625
08/04/2019|1438
09/04/2019|1055
10/04/2019|1494
11/04/2019|2039
12/04/2019|2150
13/04/2019|867
14/04/2019|721
15/04/2019|1019
16/04/2019|2048
17/04/2019|749
18/04/2019|1547
19/04/2019|2074
20/04/2019|2164
21/04/2019|2490
22/04/2019|1579
23/04/2019|1323
24/04/2019|747
25/04/2019|1135
26/04/2019|1326
27/04/2019|1512
28/04/2019|2567
29/04/2019|2608
30/04/2019|2534
01/05/2019|2351
02/05/2019|2595
03/05/2019|2725
04/05/2019|2725
05/05/2019|2529
06/05/2019|1426
07/05/2019|1056
08/05/2019|1425
09/05/2019|321
10/05/2019|1178
11/05/2019|2645
12/05/2019|2762
13/05/2019|2778
14/05/2019|2739
15/05/2019|2500
16/05/2019|839
17/05/2019|1799
18/05/2019|2217
19/05/2019|2126
20/05/2019|1830
21/05/2019|2541
22/05/2019|2739
23/05/2019|2265
24/05/2019|2541
25/05/2019|2870
26/05/2019|2787
27/05/2019|2430
28/05/2019|2907
29/05/2019|2910
30/05/2019|2804
31/05/2019|2864
01/06/2019|2942
02/06/2019|1935
03/06/2019|1126
04/06/2019|1722
05/06/2019|1985
06/06/2019|582
07/06/2019|1811
08/06/2019|1597
09/06/2019|1816
10/06/2019|1735
11/06/2019|2401
12/06/2019|1235
13/06/2019|1718
14/06/2019|2273
15/06/2019|1378
16/06/2019|2908
17/06/2019|1385
18/06/2019|768
19/06/2019|895
20/06/2019|1726
21/06/2019|2590
22/06/2019|1271
23/06/2019|2181
24/06/2019|2293
25/06/2019|2283
26/06/2019|1406
27/06/2019|2043
28/06/2019|2963
29/06/2019|2100
30/06/2019|641
01/07/2019|1423
02/07/2019|1821
03/07/2019|2631
04/07/2019|2298
05/07/2019|2183
06/07/2019|1919
07/07/2019|1457
08/07/2019|1685
09/07/2019|2825
10/07/2019|2898
11/07/2019|3018
12/07/2019|2604
13/07/2019|1642
14/07/2019|2300
15/07/2019|2433
16/07/2019|2474
17/07/2019|2205
18/07/2019|2805
19/07/2019|2753
20/07/2019|2213
21/07/2019|2831
22/07/2019|2703
23/07/2019|2345
24/07/2019|2800
25/07/2019|993
26/07/2019|1716
27/07/2019|1761
28/07/2019|2820
29/07/2019|1746
30/07/2019|2006
31/07/2019|2268
01/08/2019|2305
02/08/2019|2448
03/08/2019|2168
04/08/2019|2462
05/08/2019|2170
06/08/2019|640
07/08/2019|448
08/08/2019|356
09/08/2019|1006
10/08/2019|2345
11/08/2019|1473
12/08/2019|1745
13/08/2019|2551
14/08/2019|1414
15/08/2019|2550
16/08/2019|2490
17/08/2019|743
18/08/2019|1509
19/08/2019|2084
20/08/2019|2484
21/08/2019|2504
22/08/2019|2434
23/08/2019|2418
24/08/2019|2350
25/08/2019|1917
26/08/2019|2180
27/08/2019|1864
28/08/2019|2061
29/08/2019|1987
30/08/2019|2247
31/08/2019|2300
01/09/2019|2016
02/09/2019|2316
03/09/2019|2267
04/09/2019|2305
05/09/2019|2208
06/09/2019|2285
07/09/2019|2206
08/09/2019|2239
09/09/2019|1605
10/09/2019|1866
11/09/2019|2149
12/09/2019|2153
13/09/2019|2100
14/09/2019|2017
15/09/2019|1904
16/09/2019|1567
17/09/2019|1124
18/09/2019|1414
19/09/2019|2030
20/09/2019|659
21/09/2019|499
22/09/2019|1171
23/09/2019|287
24/09/2019|1348
25/09/2019|644
26/09/2019|1447
27/09/2019|771
28/09/2019|1869
29/09/2019|250
30/09/2019|824
01/10/2019|1548
02/10/2019|1068
03/10/2019|581
04/10/2019|944
05/10/2019|1122
06/10/2019|1360
07/10/2019|1444
08/10/2019|513
09/10/2019|1448
10/10/2019|1646
11/10/2019|1573
12/10/2019|610
13/10/2019|358
14/10/2019|909
15/10/2019|343
16/10/2019|216
17/10/2019|689
18/10/2019|573
19/10/2019|182
20/10/2019|793
21/10/2019|980
22/10/2019|1399
23/10/2019|633
24/10/2019|168
25/10/2019|1136
26/10/2019|1089
27/10/2019|631
28/10/2019|192
29/10/2019|388
30/10/2019|537
31/10/2019|139
01/11/2019|145
02/11/2019|370
03/11/2019|255
04/11/2019|637
05/11/2019|629
06/11/2019|162
07/11/2019|563
08/11/2019|781
09/11/2019|472
10/11/2019|169
11/11/2019|527
12/11/2019|100
13/11/2019|708
14/11/2019|423
15/11/2019|593
16/11/2019|421
17/11/2019|474
18/11/2019|610
19/11/2019|111
20/11/2019|239
21/11/2019|686
22/11/2019|299
23/11/2019|547
24/11/2019|140
25/11/2019|269
26/11/2019|239
27/11/2019|138
28/11/2019|94
29/11/2019|609
30/11/2019|512
01/12/2019|707
02/12/2019|678
03/12/2019|903
04/12/2019|855
05/12/2019|686
06/12/2019|517
07/12/2019|155
08/12/2019|170
09/12/2019|383
10/12/2019|433
11/12/2019|431
12/12/2019|46
13/12/2019|165
14/12/2019|129
15/12/2019|280
16/12/2019|114
17/12/2019|500
18/12/2019|65
19/12/2019|78
20/12/2019|95
21/12/2019|241
22/12/2019|404
23/12/2019|124
24/12/2019|469
25/12/2019|603
26/12/2019|745
27/12/2019|825
28/12/2019|811
29/12/2019|833
30/12/2019|819
31/12/2019|585
01/01/2020|792
02/01/2020|117
03/01/2020|500
04/01/2020|810
05/01/2020|835
06/01/2020|560
07/01/2020|572
08/01/2020|191
09/01/2020|273
10/01/2020|693
11/01/2020|846
12/01/2020|643
13/01/2020|261
14/01/2020|269
15/01/2020|855
16/01/2020|28
17/01/2020|491
18/01/2020|311
19/01/2020|975
20/01/2020|974
21/01/2020|777
22/01/2020|623
23/01/2020|850
24/01/2020|868
25/01/2020|1009
26/01/2020|177
27/01/2020|105
28/01/2020|207
29/01/2020|59
30/01/2020|235
31/01/2020|213
01/02/2020|336
02/02/2020|987
03/02/2020|1147
04/02/2020|529
05/02/2020|1190
06/02/2020|1027
07/02/2020|281
08/02/2020|886
09/02/2020|143
10/02/2020|347
11/02/2020|241
12/02/2020|978
13/02/2020|389
14/02/2020|550
15/02/2020|158
16/02/2020|160
17/02/2020|1127
18/02/2020|1047
19/02/2020|1427
20/02/2020|932
21/02/2020|1542
22/02/2020|1516
23/02/2020|1595
24/02/2020|1601
25/02/2020|609
26/02/2020|615
27/02/2020|906
28/02/2020|1352
29/02/2020|762
01/03/2020|644
02/03/2020|1130
03/03/2020|454
04/03/2020|426
05/03/2020|1017
06/03/2020|1338
07/03/2020|963
08/03/2020|958
09/03/2020|1401
10/03/2020|570
11/03/2020|1033
12/03/2020|647
13/03/2020|1141
14/03/2020|1933
15/03/2020|522
16/03/2020|1304
17/03/2020|1966
18/03/2020|1848
19/03/2020|1436
20/03/2020|504
21/03/2020|1111
22/03/2020|1288
23/03/2020|1625
24/03/2020|2009
25/03/2020|1920
26/03/2020|2225
27/03/2020|2160
28/03/2020|2080
29/03/2020|2108
30/03/2020|2157
31/03/2020|682
01/04/2020|1446
02/04/2020|1837
03/04/2020|2321
04/04/2020|1536
05/04/2020|542
06/04/2020|915
07/04/2020|1356
08/04/2020|1948
09/04/2020|502
10/04/2020|440
11/04/2020|676
12/04/2020|1476
13/04/2020|1445
14/04/2020|1457
15/04/2020|933
16/04/2020|699
17/04/2020|1432
18/04/2020|1479
19/04/2020|1312
20/04/2020|1078
21/04/2020|1323
22/04/2020|677
23/04/2020|2282
24/04/2020|2043
25/04/2020|552
26/04/2020|1161
27/04/2020|1347
28/04/2020|1484
29/04/2020|702
30/04/2020|733
01/05/2020|466
02/05/2020|1010
03/05/2020|2633
04/05/2020|1219
05/05/2020|1411
06/05/2020|2146
07/05/2020|2483
08/05/2020|1659
09/05/2020|1169
10/05/2020|1866
11/05/2020|2072
12/05/2020|960
13/05/2020|1704
14/05/2020|1027
15/05/2020|2330
16/05/2020|2876
17/05/2020|2788
18/05/2020|2698
19/05/2020|2876
20/05/2020|2649
21/05/2020|2764
22/05/2020|1134
23/05/2020|2887
24/05/2020|2819
25/05/2020|2906
26/05/2020|2928
27/05/2020|2590
28/05/2020|2667
29/05/2020|2865
30/05/2020|2786
31/05/2020|2352
01/06/2020|1772
02/06/2020|2133
03/06/2020|1126
04/06/2020|1853
05/06/2020|2334
06/06/2020|942
07/06/2020|2511
08/06/2020|2411
09/06/2020|2536
10/06/2020|2757
11/06/2020|1467
12/06/2020|1291
13/06/2020|1051
14/06/2020|1650
15/06/2020|1806
16/06/2020|1469
17/06/2020|1316
18/06/2020|2322
19/06/2020|2917
20/06/2020|2187
21/06/2020|1078
22/06/2020|2974
23/06/2020|2919
24/06/2020|2042
25/06/2020|1788
26/06/2020|942
27/06/2020|842
28/06/2020|960
29/06/2020|2981
30/06/2020|2969
01/07/2020|1813
02/07/2020|1321
03/07/2020|2933
04/07/2020|2807
05/07/2020|2599
06/07/2020|2648
07/07/2020|2872
08/07/2020|2716
09/07/2020|2922
10/07/2020|2562
11/07/2020|2870
12/07/2020|2799
13/07/2020|2930
14/07/2020|2756
15/07/2020|2849
16/07/2020|2908
17/07/2020|2891
18/07/2020|2800
19/07/2020|2578
20/07/2020|2477
21/07/2020|2642
22/07/2020|2686
23/07/2020|2687
24/07/2020|2743
25/07/2020|2629
26/07/2020|2551
27/07/2020|2502
28/07/2020|2311
29/07/2020|2713
30/07/2020|2720
31/07/2020|2021
01/08/2020|2593
02/08/2020|2252
03/08/2020|1576
04/08/2020|2509
05/08/2020|2644
06/08/2020|2508
07/08/2020|2307
08/08/2020|2463
09/08/2020|2095
10/08/2020|787
11/08/2020|1807
12/08/2020|1023
13/08/2020|1367
14/08/2020|1891
15/08/2020|1338
16/08/2020|979
17/08/2020|478
18/08/2020|753
19/08/2020|363
20/08/2020|2274
21/08/2020|828
22/08/2020|2329
23/08/2020|2398
24/08/2020|2384
25/08/2020|991
26/08/2020|2246
27/08/2020|832
28/08/2020|1825
29/08/2020|1995
30/08/2020|2068
31/08/2020|1774
01/09/2020|2302
02/09/2020|2310
03/09/2020|2260
04/09/2020|2271
05/09/2020|1502
06/09/2020|2303
07/09/2020|2233
08/09/2020|2162
09/09/2020|2160
10/09/2020|2078
11/09/2020|2079
12/09/2020|2032
13/09/2020|1792
14/09/2020|1607
15/09/2020|1369
16/09/2020|1415
17/09/2020|1318
18/09/2020|1298
19/09/2020|1468
20/09/2020|946
21/09/2020|1822
22/09/2020|1399
23/09/2020|758
24/09/2020|897
25/09/2020|1387
26/09/2020|286
27/09/2020|1411
28/09/2020|1365
29/09/2020|1802
30/09/2020|982
01/10/2020|781
02/10/2020|1207
03/10/2020|823
04/10/2020|1267
05/10/2020|243
06/10/2020|386
07/10/2020|1368
08/10/2020|1475
09/10/2020|937
10/10/2020|1368
11/10/2020|1565
12/10/2020|518
13/10/2020|608
14/10/2020|908
15/10/2020|939
16/10/2020|1490
17/10/2020|795
18/10/2020|942
19/10/2020|282
20/10/2020|417
21/10/2020|604
22/10/2020|598
23/10/2020|914
24/10/2020|371
25/10/2020|638
26/10/2020|786
27/10/2020|230
28/10/2020|780
29/10/2020|1011
30/10/2020|1221
31/10/2020|179
01/11/2020|160
02/11/2020|348
03/11/2020|938
04/11/2020|1010
05/11/2020|226
06/11/2020|145
07/11/2020|335
08/11/2020|373
09/11/2020|701
10/11/2020|1053
11/11/2020|339
12/11/2020|948
13/11/2020|894
14/11/2020|142
15/11/2020|206
16/11/2020|921
17/11/2020|932
18/11/2020|348
19/11/2020|949
20/11/2020|977
21/11/2020|954
22/11/2020|929
23/11/2020|849
24/11/2020|272
25/11/2020|213
26/11/2020|426
27/11/2020|856
28/11/2020|790
29/11/2020|470
30/11/2020|793
01/12/2020|755
02/12/2020|479
03/12/2020|243
04/12/2020|238
05/12/2020|377
06/12/2020|182
07/12/2020|209
08/12/2020|687
09/12/2020|203
10/12/2020|87
11/12/2020|209
12/12/2020|521
13/12/2020|216
14/12/2020|301
15/12/2020|428
16/12/2020|430
17/12/2020|329
18/12/2020|118
19/12/2020|390
20/12/2020|173
21/12/2020|139
22/12/2020|82
23/12/2020|493
24/12/2020|643
25/12/2020|802
26/12/2020|806
27/12/2020|208
28/12/2020|466
29/12/2020|581
30/12/2020|310
31/12/2020|362
01/01/2021|250
02/01/2021|570
03/01/2021|351
04/01/2021|629
05/01/2021|731
06/01/2021|797
07/01/2021|826
08/01/2021|852
09/01/2021|712
10/01/2021|682
11/01/2021|856
12/01/2021|885
13/01/2021|912
14/01/2021|383
15/01/2021|693
16/01/2021|971
17/01/2021|391
18/01/2021|944
19/01/2021|428
20/01/2021|169
21/01/2021|386
22/01/2021|612
23/01/2021|235
24/01/2021|362
25/01/2021|155
26/01/2021|182
27/01/2021|230
28/01/2021|239
29/01/2021|255
30/01/2021|430
31/01/2021|241
01/02/2021|175
02/02/2021|129
03/02/2021|559
04/02/2021|660
05/02/2021|611
06/02/2021|753
07/02/2021|190
08/02/2021|462
09/02/2021|480
10/02/2021|1140
11/02/2021|116
12/02/2021|869
13/02/2021|230
14/02/2021|1073
15/02/2021|1169
16/02/2021|1135
17/02/2021|584
18/02/2021|1170
19/02/2021|248
20/02/2021|147
21/02/2021|732
22/02/2021|1456
23/02/2021|179
24/02/2021|1135
25/02/2021|410
26/02/2021|1344
27/02/2021|1435
28/02/2021|1655
01/03/2021|317
02/03/2021|690
03/03/2021|1497
04/03/2021|704
05/03/2021|1561
06/03/2021|1702
07/03/2021|1631
08/03/2021|1655
09/03/2021|1603
10/03/2021|-9999
11/03/2021|-9999
12/03/2021|1321
13/03/2021|1050
14/03/2021|999
15/03/2021|1926
16/03/2021|1972
17/03/2021|2034
18/03/2021|1854
19/03/2021|1120
20/03/2021|2103
21/03/2021|2102
22/03/2021|2039
23/03/2021|2092
24/03/2021|1659
25/03/2021|2012
26/03/2021|971
27/03/2021|2188
28/03/2021|2154
29/03/2021|1133
30/03/2021|912
31/03/2021|1728
01/04/2021|799
02/04/2021|741
03/04/2021|1895
04/04/2021|2329
05/04/2021|2304
06/04/2021|2335
07/04/2021|2102
08/04/2021|2023
09/04/2021|1303
10/04/2021|680
11/04/2021|1819
12/04/2021|1752
13/04/2021|1491
14/04/2021|2319
15/04/2021|2479
16/04/2021|2525
17/04/2021|2495
18/04/2021|1937
19/04/2021|1955
20/04/2021|939
21/04/2021|810
22/04/2021|1561
23/04/2021|727
24/04/2021|1407
25/04/2021|714
26/04/2021|1399
27/04/2021|1556
28/04/2021|2221
29/04/2021|1956
30/04/2021|1478
01/05/2021|1792
02/05/2021|2519
03/05/2021|2740
04/05/2021|2475
05/05/2021|1440
06/05/2021|1252
07/05/2021|2003
08/05/2021|2367
09/05/2021|1819
10/05/2021|1315
11/05/2021|1461
12/05/2021|1407
13/05/2021|1060
14/05/2021|1167
15/05/2021|268
16/05/2021|1760
17/05/2021|2384
18/05/2021|1898
19/05/2021|2872
20/05/2021|2798
21/05/2021|1798
22/05/2021|2318
23/05/2021|1918
24/05/2021|1912
25/05/2021|2783
26/05/2021|2651
27/05/2021|2463
28/05/2021|2739
29/05/2021|2912
30/05/2021|2870
31/05/2021|2960
01/06/2021|1055
02/06/2021|759
03/06/2021|2582
04/06/2021|3014
05/06/2021|3000
06/06/2021|2851
07/06/2021|2843
08/06/2021|2652
09/06/2021|2820
10/06/2021|2896
11/06/2021|2879
12/06/2021|2930
13/06/2021|2584
14/06/2021|2934
15/06/2021|2680
16/06/2021|1694
17/06/2021|768
18/06/2021|865
19/06/2021|828
20/06/2021|464
21/06/2021|997
22/06/2021|2172
23/06/2021|2279
24/06/2021|3006
25/06/2021|2969
26/06/2021|1185
27/06/2021|2109
28/06/2021|1585
29/06/2021|2082
30/06/2021|2481
01/07/2021|2697
02/07/2021|844
03/07/2021|1532
04/07/2021|659
05/07/2021|683
06/07/2021|1120
07/07/2021|1335
08/07/2021|2630
09/07/2021|2899
10/07/2021|2802
11/07/2021|1770
12/07/2021|1660
13/07/2021|1118
14/07/2021|2559
15/07/2021|2883
16/07/2021|2857
17/07/2021|2795
18/07/2021|2346
19/07/2021|2123
20/07/2021|845
21/07/2021|1918
22/07/2021|898
23/07/2021|1259
24/07/2021|1141
25/07/2021|1671
26/07/2021|2475
27/07/2021|1308
28/07/2021|2622
29/07/2021|2712
30/07/2021|1204
31/07/2021|1700
01/08/2021|878
02/08/2021|2546
03/08/2021|1089
04/08/2021|2233
05/08/2021|749
06/08/2021|1116
07/08/2021|2162
08/08/2021|2088
09/08/2021|-9999
10/08/2021|2510
11/08/2021|2315
12/08/2021|2419
13/08/2021|2598
14/08/2021|1925
15/08/2021|2526
16/08/2021|2448
17/08/2021|2565
18/08/2021|2497
19/08/2021|2493
20/08/2021|2269
21/08/2021|1048
22/08/2021|1940
23/08/2021|2179
24/08/2021|2319
25/08/2021|2256
26/08/2021|1270
27/08/2021|2275
28/08/2021|889
29/08/2021|973
30/08/2021|1995
31/08/2021|2152
01/09/2021|1419
02/09/2021|1062
03/09/2021|701
04/09/2021|2220
05/09/2021|1952
06/09/2021|1384
07/09/2021|1618
08/09/2021|985
09/09/2021|638
10/09/2021|1145
11/09/2021|1833
12/09/2021|1516
13/09/2021|1088
14/09/2021|1303
15/09/2021|1544
16/09/2021|1836
17/09/2021|927
18/09/2021|1504
19/09/2021|1020
20/09/2021|1766
21/09/2021|2000
22/09/2021|1567
23/09/2021|1923
24/09/2021|1382
25/09/2021|1107
26/09/2021|417
27/09/2021|1693
28/09/2021|1276
29/09/2021|1455
30/09/2021|1706
01/10/2021|483
02/10/2021|277
03/10/2021|1652
04/10/2021|869
05/10/2021|763
06/10/2021|1700
07/10/2021|1683
08/10/2021|1657
09/10/2021|1573
10/10/2021|1681
11/10/2021|1502
12/10/2021|1640
13/10/2021|1625
14/10/2021|1047
15/10/2021|1168
16/10/2021|306
17/10/2021|816
18/10/2021|1113
19/10/2021|1412
20/10/2021|1123
21/10/2021|793
22/10/2021|1013
23/10/2021|869
24/10/2021|291
25/10/2021|988
26/10/2021|1307
27/10/2021|1340
28/10/2021|446
29/10/2021|350
30/10/2021|575
31/10/2021|471
01/11/2021|794
02/11/2021|437
03/11/2021|811
04/11/2021|1004
05/11/2021|790
06/11/2021|1198
07/11/2021|1157
08/11/2021|564
09/11/2021|1110
10/11/2021|1108
11/11/2021|1102
12/11/2021|738
13/11/2021|1079
14/11/2021|1093
15/11/2021|752
16/11/2021|729
17/11/2021|980
18/11/2021|1011
19/11/2021|974
20/11/2021|901
21/11/2021|857
22/11/2021|668
23/11/2021|546
24/11/2021|241
25/11/2021|796
26/11/2021|514
27/11/2021|698
28/11/2021|230
29/11/2021|362
30/11/2021|579
01/12/2021|270
02/12/2021|586
03/12/2021|119
04/12/2021|489
05/12/2021|469
06/12/2021|81
07/12/2021|120
08/12/2021|414
09/12/2021|112
10/12/2021|562
11/12/2021|304
12/12/2021|746
13/12/2021|734
14/12/2021|778
15/12/2021|803
16/12/2021|759
17/12/2021|781
18/12/2021|714
19/12/2021|716
20/12/2021|260
21/12/2021|535
22/12/2021|422
23/12/2021|556
24/12/2021|132
25/12/2021|274
26/12/2021|84
27/12/2021|136
28/12/2021|250
29/12/2021|229
30/12/2021|681
31/12/2021|752
01/01/2022|577
02/01/2022|322
03/01/2022|285
04/01/2022|374
05/01/2022|305
06/01/2022|260
07/01/2022|615
08/01/2022|272
09/01/2022|128
10/01/2022|330
11/01/2022|312
12/01/2022|879
13/01/2022|923
14/01/2022|891
15/01/2022|807
16/01/2022|654
17/01/2022|836
18/01/2022|918
19/01/2022|903
20/01/2022|984
21/01/2022|987
22/01/2022|1025
23/01/2022|1023
24/01/2022|914
25/01/2022|995
26/01/2022|1048
27/01/2022|1018
28/01/2022|1128
29/01/2022|1153
30/01/2022|1079
31/01/2022|972
01/02/2022|1140
02/02/2022|1162
03/02/2022|283
04/02/2022|593
05/02/2022|1155
06/02/2022|1205
07/02/2022|1243
08/02/2022|1277
09/02/2022|1212
10/02/2022|476
11/02/2022|708
12/02/2022|965
13/02/2022|234
14/02/2022|825
15/02/2022|491
16/02/2022|226
17/02/2022|303
18/02/2022|424
19/02/2022|1224
20/02/2022|670
21/02/2022|1041
22/02/2022|1590
23/02/2022|1250
24/02/2022|1088
25/02/2022|1618
26/02/2022|1209
27/02/2022|973
28/02/2022|899
01/03/2022|214
02/03/2022|432
03/03/2022|1020
04/03/2022|1394
05/03/2022|1641
06/03/2022|1467
07/03/2022|1552
08/03/2022|1398
09/03/2022|330
10/03/2022|622
11/03/2022|1119
12/03/2022|524
13/03/2022|478
14/03/2022|1307
15/03/2022|928
16/03/2022|731
17/03/2022|2038
18/03/2022|1880
19/03/2022|1066
20/03/2022|1026
21/03/2022|1223
22/03/2022|639
23/03/2022|1190
24/03/2022|2107
25/03/2022|864
26/03/2022|1046
27/03/2022|1746
28/03/2022|1398
29/03/2022|1444
30/03/2022|1515
31/03/2022|1105
01/04/2022|1725
02/04/2022|2279
03/04/2022|1878
04/04/2022|2149
05/04/2022|2392
06/04/2022|1310
07/04/2022|475
08/04/2022|1435
09/04/2022|2240
10/04/2022|1888
11/04/2022|961
12/04/2022|1070
13/04/2022|1406
14/04/2022|2278
15/04/2022|2366
16/04/2022|2465
17/04/2022|2084
18/04/2022|744
19/04/2022|1635
20/04/2022|2229
21/04/2022|792
22/04/2022|1379
23/04/2022|1498
24/04/2022|1338
25/04/2022|2189
26/04/2022|1272
27/04/2022|1624
28/04/2022|1997
29/04/2022|2516
30/04/2022|2625
01/05/2022|1015
02/05/2022|1264
03/05/2022|2432
04/05/2022|2690
05/05/2022|2690
06/05/2022|2636
07/05/2022|2427
08/05/2022|2644
09/05/2022|2752
10/05/2022|2639
11/05/2022|1745
12/05/2022|2023
13/05/2022|2704
14/05/2022|2399
15/05/2022|817
16/05/2022|1476
17/05/2022|371
18/05/2022|1694
19/05/2022|2434
20/05/2022|2796
21/05/2022|1010
22/05/2022|489
23/05/2022|1483
24/05/2022|1509
25/05/2022|2205
26/05/2022|2900
27/05/2022|2400
28/05/2022|2880
29/05/2022|1926
30/05/2022|819
31/05/2022|620
01/06/2022|1264
02/06/2022|2271
03/06/2022|1776
04/06/2022|1637
05/06/2022|1721
06/06/2022|1169
07/06/2022|1835
08/06/2022|685
09/06/2022|2800
10/06/2022|2710
11/06/2022|2278
12/06/2022|2674
13/06/2022|2832
14/06/2022|2888
15/06/2022|1112
16/06/2022|1622
17/06/2022|1698
18/06/2022|1769
19/06/2022|1072
20/06/2022|776
21/06/2022|913
22/06/2022|1297
23/06/2022|1089
24/06/2022|589
25/06/2022|1599
26/06/2022|1547
27/06/2022|2614
28/06/2022|2791
29/06/2022|1341
30/06/2022|1362
01/07/2022|2926
02/07/2022|2702
03/07/2022|1677
04/07/2022|2563
05/07/2022|2766
06/07/2022|2893
07/07/2022|2967
08/07/2022|2900
09/07/2022|2870
10/07/2022|2808
11/07/2022|2500
12/07/2022|2722
13/07/2022|2476
14/07/2022|2219
15/07/2022|1821
16/07/2022|2598
17/07/2022|2533
18/07/2022|2695
19/07/2022|996
20/07/2022|2306
21/07/2022|2668
22/07/2022|2019
23/07/2022|2755
24/07/2022|2669
25/07/2022|2155
26/07/2022|2125
27/07/2022|2524
28/07/2022|1774
29/07/2022|2100
30/07/2022|2711
31/07/2022|2689
01/08/2022|2649
02/08/2022|2536
03/08/2022|2109
04/08/2022|2074
05/08/2022|2502
06/08/2022|2519
07/08/2022|2477
08/08/2022|2380
09/08/2022|2451
10/08/2022|1891
11/08/2022|2330
12/08/2022|2436
13/08/2022|2491
14/08/2022|1576
15/08/2022|1118
16/08/2022|1381
17/08/2022|1978
18/08/2022|2517
19/08/2022|2482
20/08/2022|2396
21/08/2022|2301
22/08/2022|1989
23/08/2022|2385
24/08/2022|747
25/08/2022|2188
26/08/2022|2217
27/08/2022|2137
28/08/2022|2232
29/08/2022|2080
30/08/2022|1348
31/08/2022|1415
01/09/2022|1191
02/09/2022|1309
03/09/2022|1357
04/09/2022|511
05/09/2022|1067
06/09/2022|634
07/09/2022|1220
08/09/2022|1517
09/09/2022|2171
10/09/2022|2102
11/09/2022|1921
12/09/2022|828
13/09/2022|663
14/09/2022|943
15/09/2022|1739
16/09/2022|1338
17/09/2022|1364
18/09/2022|1795
19/09/2022|1944
20/09/2022|1936
21/09/2022|1995
22/09/2022|1860
23/09/2022|1191
24/09/2022|1685
25/09/2022|1564
26/09/2022|1532
27/09/2022|1736
28/09/2022|795
29/09/2022|1276
30/09/2022|1144
01/10/2022|903
02/10/2022|1797
03/10/2022|1658
04/10/2022|1609
05/10/2022|915
06/10/2022|1451
07/10/2022|1439
08/10/2022|1605
09/10/2022|903
10/10/2022|817
11/10/2022|1513
12/10/2022|1576
13/10/2022|468
14/10/2022|439
15/10/2022|167
16/10/2022|405
17/10/2022|507
18/10/2022|711
19/10/2022|1059
20/10/2022|721
21/10/2022|798
22/10/2022|321
23/10/2022|468
24/10/2022|5
