"Fecha","P"
2006-01-01,997.6
2006-01-02,1002.8
2006-01-03,1002.9
2006-01-04,997.1
2006-01-05,986.7
2006-01-06,982.3
2006-01-07,988
2006-01-08,990.4
2006-01-09,998.2
2006-01-10,999
2006-01-14,994.2
2006-01-15,985.2
2006-01-18,997.4
2006-01-19,993.8
2006-01-21,997.5
2006-01-22,996.2
2006-01-23,996
2006-01-24,992.3
2006-01-25,987
2006-01-26,983.6
2006-01-27,986
2006-01-29,985.3
2006-01-30,991.8
2006-01-31,994.1
2006-02-01,992.6
2006-02-02,986.4
2006-02-03,986.4
2006-02-04,991.3
2006-02-05,995.2
2006-02-09,984.1
2006-02-10,983.6
2006-02-11,988.1
2006-02-12,991.2
2006-02-13,989.8
2006-02-14,991.5
2006-02-15,986.2
2006-02-16,979.1
2006-02-17,974.7
2006-02-18,969.4
2006-02-19,973.9
2006-02-20,979.9
2006-02-21,983.6
2006-02-22,985
2006-02-23,986.3
2006-02-24,979.5
2006-02-25,971.4
2006-02-26,977
2006-02-27,983.1
2006-02-28,983.6
2006-03-01,983.6
2006-03-02,982.3
2006-03-03,977.8
2006-03-04,968.7
2006-03-05,990.4
2006-03-06,995.9
2006-03-07,996.7
2006-03-08,993.1
2006-03-09,990.2
2006-03-10,994.7
2006-03-11,995.6
2006-03-12,991.4
2006-03-13,985.4
2006-03-14,983.6
2006-03-15,982.1
2006-03-16,980.2
2006-03-17,969.8
2006-03-18,965.3
2006-03-19,965.6
2006-03-20,968.5
2006-03-21,974.3
2006-03-22,978.2
2006-03-23,967.4
2006-03-24,973.8
2006-03-25,982.1
2006-03-26,977.5
2006-03-27,982.4
2006-03-28,986.8
2006-03-29,983.3
2006-03-30,983.6
2006-03-31,985.7
2006-04-01,985.9
2006-04-02,990
2006-04-03,985.2
2006-04-04,973.8
2006-04-05,971.8
2006-04-06,975.1
2006-04-07,982.4
2006-04-08,981.7
2006-04-09,977.8
2006-04-10,986.1
2006-04-11,988.8
2006-04-12,989.2
2006-04-13,986.8
2006-04-14,977.8
2006-04-15,980.3
2006-04-16,986.1
2006-04-17,988.6
2006-04-18,986.6
2006-04-19,985.2
2006-04-20,981.4
2006-04-21,975.1
2006-04-22,981.6
2006-04-23,982.7
2006-04-24,982.7
2006-04-25,987
2006-04-26,989.5
2006-04-27,990.3
2006-04-28,988.4
2006-04-29,985
2006-04-30,980.9
2006-05-01,978.7
2006-05-02,977.8
2006-05-03,979
2006-05-04,983.7
2006-05-05,989.4
2006-05-06,989.8
2006-05-07,985.7
2006-05-08,987.3
2006-05-09,985.9
2006-05-10,981.2
2006-05-11,980.6
2006-05-12,986.1
2006-05-13,988.7
2006-05-14,985.3
2006-05-15,985.1
2006-05-16,985.8
2006-05-17,985.8
2006-05-18,991.7
2006-05-19,991.6
2006-05-20,983.8
2006-05-21,975.4
2006-05-22,983.1
2006-05-23,992.7
2006-05-24,995.9
2006-05-25,996.5
2006-05-26,994.4
2006-05-27,993.1
2006-05-28,990.5
2006-05-29,987.1
2006-05-30,984.2
2006-05-31,985.7
2006-06-01,988.9
2006-06-02,992.4
2006-06-03,991.2
2006-06-04,989.2
2006-06-05,985.8
2006-06-06,984.5
2006-06-07,985.3
2006-06-08,984.6
2006-06-09,983
2006-06-10,986.2
2006-06-11,987.8
2006-06-12,988.3
2006-06-13,986.3
2006-06-14,983.1
2006-06-15,984.1
2006-06-16,985.5
2006-06-17,987.2
2006-06-18,986.7
2006-06-19,988.5
2006-06-20,989.7
2006-06-21,989.6
2006-06-22,988
2006-06-23,985.4
2006-06-24,985.9
2006-06-25,987
2006-06-26,988.6
2006-06-29,991
2006-06-30,988.6
2006-07-01,988.4
2006-07-02,987.2
2006-07-03,986.9
2006-07-04,987.1
2006-07-05,991.4
2006-07-06,994.4
2006-07-07,992.1
2006-07-08,989
2006-07-09,990.5
2006-07-10,991.3
2006-07-11,993.4
2006-07-12,989.9
2006-07-13,987.7
2006-07-14,986.3
2006-07-15,986.6
2006-07-17,985.7
2006-07-18,985.6
2006-07-19,985.9
2006-07-20,989.5
2006-07-21,990
2006-07-22,991.3
2006-07-23,988.9
2006-07-24,987.7
2006-07-25,988.1
2006-07-26,987.4
2006-07-27,989.6
2006-07-28,987.5
2006-07-29,984.4
2006-07-30,986.6
2006-07-31,989.5
2006-08-01,990
2006-08-02,988.2
2006-08-03,986.7
2006-08-04,987.6
2006-08-05,987.1
2006-08-06,988.3
2006-08-07,987.5
2006-08-08,985.6
2006-08-09,985.6
2006-08-10,985.7
2006-08-11,985.7
2006-08-12,986.3
2006-08-13,985
2006-08-14,983.3
2006-08-15,982
2006-08-16,974.5
2006-08-17,974.3
2006-08-18,980
2006-08-19,989.3
2006-08-20,995.7
2006-08-21,992.5
2006-08-22,987
2006-08-23,987.6
2006-08-24,989.9
2006-08-25,990.1
2006-08-26,991.4
2006-08-27,991.8
2006-08-28,991.9
2006-08-29,991.8
2006-08-30,989.7
2006-08-31,987.6
2006-09-01,989.1
2006-09-02,989.1
2006-09-03,991.5
2006-09-04,992
2006-09-05,987.9
2006-09-06,984.4
2006-09-07,984.4
2006-09-08,985.9
2006-09-09,987.8
2006-09-10,989.6
2006-09-11,987.8
2006-09-12,985.1
2006-09-13,979.7
2006-09-14,983.4
2006-09-15,987.6
2006-09-16,989.2
2006-09-17,988.8
2006-09-18,990.1
2006-09-19,987.1
2006-09-20,979.8
2006-09-21,970.4
2006-09-22,975.5
2006-09-23,973.8
2006-09-24,977
2006-09-25,988.5
2006-09-26,989
2006-09-27,984.8
2006-09-28,981.9
2006-09-29,981.7
2006-09-30,979.4
2006-10-01,984
2006-10-02,979.9
2006-10-03,986.2
2006-10-04,990.8
2006-10-05,996
2006-10-06,991
2006-10-07,988.8
2006-10-08,984.7
2006-10-09,985.1
2006-10-10,981.2
2006-10-11,986.2
2006-10-12,992.7
2006-10-13,990.2
2006-10-14,986.9
2006-10-15,980
2006-10-16,974.8
2006-10-17,972.5
2006-10-18,965.2
2006-10-19,967.9
2006-10-20,970.8
2006-10-21,975.1
2006-10-22,967.5
2006-10-23,969.9
2006-10-24,971.5
2006-10-25,962.7
2006-10-26,974.2
2006-10-27,990.3
2006-10-28,994
2006-10-29,990
2006-10-30,983.7
2006-10-31,986.5
2006-11-01,987.9
2006-11-02,985.7
2006-11-03,983.6
2006-11-04,986.9
2006-11-05,989.8
2006-11-06,989.1
2006-11-07,987.3
2006-11-08,991.9
2006-11-09,995
2006-11-10,997.2
2006-11-11,999
2006-11-12,997.4
2006-11-13,992.2
2006-11-14,986.1
2006-11-15,972.3
2006-11-16,975.3
2006-11-17,979.8
2006-11-18,984.2
2006-11-19,992.3
2006-11-20,994.4
2006-11-21,990.3
2006-11-22,984.1
2006-11-23,972.2
2006-11-25,972.4
2006-11-26,982.8
2006-11-27,983.5
2006-11-28,991.8
2006-11-29,998.9
2006-11-30,994
2006-12-01,990.6
2006-12-02,989.7
2006-12-03,987.5
2006-12-04,990.1
2006-12-05,981.8
2006-12-06,991.1
2006-12-07,979.5
2006-12-08,982.6
2006-12-09,995.3
2006-12-10,1002.6
2006-12-11,998.2
2006-12-12,997.2
2006-12-13,997.6
2006-12-14,997
2006-12-15,995.2
2006-12-16,997
2006-12-17,998.9
2006-12-18,997.5
2006-12-19,996
2006-12-20,998.9
2006-12-21,1002.6
2006-12-22,1001.3
2006-12-23,1000.1
2006-12-24,1001.1
2006-12-25,997.8
2006-12-26,997.4
2006-12-27,996.9
2006-12-28,993.2
2006-12-29,991
2006-12-30,995.5
2006-12-31,1002.2
2007-01-01,1005.8
2007-01-02,1009
2007-01-03,1003.4
2007-01-04,1000.6
2007-01-05,999.9
2007-01-06,997.5
2007-01-07,994.5
2007-01-08,993.1
2007-01-09,989.8
2007-01-10,994.5
2007-01-11,1003.9
2007-01-12,1002.9
2007-01-13,999.3
2007-01-14,998.9
2007-01-15,993.9
2007-01-16,992.7
2007-01-17,994
2007-01-18,999.3
2007-01-19,1001.5
2007-01-20,998.3
2007-01-21,993.5
2007-01-22,985.9
2007-01-23,987.5
2007-01-24,988.6
2007-01-25,985.5
2007-01-26,992.3
2007-01-27,998.1
2007-01-28,995.3
2007-01-29,988.8
2007-01-30,989.8
2007-01-31,994
2007-02-01,997
2007-02-02,994.2
2007-02-03,992.5
2007-02-04,992.1
2007-02-05,989.6
2007-02-06,981.2
2007-02-07,974.5
2007-02-08,973.2
2007-02-09,980.8
2007-02-10,985.6
2007-02-11,982.9
2007-02-12,987.4
2007-02-13,981.7
2007-02-14,984
2007-02-15,982.3
2007-02-16,971.5
2007-02-17,984.3
2007-02-18,990.5
2007-02-19,979.9
2007-02-20,980.3
2007-02-21,982.5
2007-02-22,979.1
2007-02-23,982.9
2007-02-24,987.5
2007-02-25,992
2007-02-26,998.1
2007-02-27,994.7
2007-02-28,990.2
2007-03-01,987.5
2007-03-02,987.2
2007-03-03,986.8
2007-03-04,983.4
2007-03-05,992.5
2007-03-06,985
2007-03-07,989.4
2007-03-08,1001
2007-03-09,1003.9
2007-03-10,1003.1
2007-03-11,997.2
2007-03-12,992
2007-03-13,995.7
2007-03-14,995.5
2007-03-15,993.6
2007-03-16,995.7
2007-03-17,998.4
2007-03-18,995.2
2007-03-19,990.1
2007-03-20,990.6
2007-03-21,991.1
2007-03-22,994
2007-03-23,990.6
2007-03-25,980.9
2007-03-26,980.7
2007-03-27,984.1
2007-03-28,985.9
2007-03-29,992.9
2007-03-30,987.5
2007-04-01,980.7
2007-04-02,980.1
2007-04-03,983.9
2007-04-04,986.1
2007-04-05,987.2
2007-04-06,986.6
2007-04-07,985.9
2007-04-10,986.4
2007-04-11,984.9
2007-04-12,984.8
2007-04-13,986.9
2007-04-14,989.8
2007-04-15,989.1
2007-04-16,989.1
2007-04-17,986.8
2007-04-18,984.8
2007-04-19,983
2007-04-20,983.4
2007-04-21,985.8
2007-04-22,988.4
2007-04-23,989.5
2007-04-24,986.9
2007-04-25,985.8
2007-04-26,986.8
2007-04-27,985.7
2007-04-28,987.4
2007-04-29,986.2
2007-04-30,983.2
2007-05-01,979.4
2007-05-02,974
2007-05-03,981
2007-05-04,985.3
2007-05-05,992
2007-05-06,996.5
2007-05-07,998.4
2007-05-08,997.5
2007-05-09,992.8
2007-05-10,989.6
2007-05-11,987.9
2007-05-12,982.5
2007-05-13,980.1
2007-05-14,992.7
2007-05-15,996.3
2007-05-20,982
2007-05-21,984.3
2007-05-22,983.5
2007-05-23,983.5
2007-05-24,980.4
2007-05-25,981
2007-05-26,983.3
2007-05-27,984.1
2007-05-28,989.5
2007-05-29,987.1
2007-05-30,983.8
2007-05-31,986
2007-09-01,989.2
2007-09-02,988.2
2007-09-03,989.7
2007-09-04,989
2007-09-05,988.2
2007-09-06,988.9
2007-09-07,989
2007-09-08,987.7
2007-09-09,986.9
2007-09-10,988.1
2007-09-11,988.1
2007-09-12,986.1
2007-09-13,987.8
2007-09-14,990.5
2007-09-15,989.8
2007-09-16,986.9
2007-09-17,987.3
2007-09-18,992
2007-09-19,991.5
2007-09-20,989.9
2007-09-21,990.4
2007-09-22,993.8
2007-09-23,992.2
2007-09-24,993.9
2007-09-25,994.4
2007-09-26,992.2
2007-09-27,986.6
2007-09-28,980
2007-09-29,980.5
2007-09-30,981.1
2007-10-01,985.3
2007-10-02,985.8
2007-10-03,984.3
2007-10-04,987.2
2007-10-05,989
2007-10-06,990.3
2007-10-07,991.7
2007-10-08,995.9
2007-10-09,997.3
2007-10-10,996.1
2007-10-11,991.8
2007-10-12,989.8
2007-10-13,988
2007-10-14,987.3
2007-10-15,987.8
2007-10-16,989.4
2007-10-17,992.7
2007-10-18,993.5
2007-10-19,993
2007-10-20,992.6
2007-10-21,991.6
2007-10-22,990.2
2007-10-23,986.1
2007-10-24,984.3
2007-10-25,986.7
2007-10-26,990.1
2007-10-27,994.6
2007-10-28,994.4
2007-10-29,993.9
2007-10-30,996
2007-10-31,995.5
2007-11-01,996.4
2007-11-02,995.8
2007-11-03,992.6
2007-11-04,990.2
2007-11-05,994.2
2007-11-06,998.4
2007-11-07,996.9
2007-11-08,994.8
2007-11-09,996
2007-11-10,996
2007-11-11,994.5
2007-11-12,991.8
2007-11-13,992
2007-11-14,991.7
2007-11-15,989.8
2007-11-16,989.8
2007-11-17,991
2007-11-18,983
2007-11-19,972.2
2007-11-20,969.3
2007-11-22,981.3
2007-11-23,989.1
2007-11-24,995.6
2007-11-25,998.6
2007-11-26,998.5
2007-11-27,993.8
2007-11-30,989.5
2007-12-03,995.5
2007-12-04,995.2
2007-12-05,997
2007-12-06,1001.3
2007-12-07,998.2
2007-12-08,993.6
2007-12-09,992.1
2007-12-10,997.6
2007-12-11,998.9
2007-12-12,997.7
2007-12-13,997.5
2007-12-14,995.7
2007-12-15,991.9
2007-12-16,990.2
2007-12-17,988
2007-12-18,984.1
2007-12-20,985.8
2007-12-21,985.5
2007-12-22,991.9
2007-12-23,994.8
2007-12-24,995.7
2007-12-25,993.1
2007-12-26,1000
2007-12-27,1000.7
2007-12-28,999.6
2007-12-29,999.6
2007-12-30,999.4
2007-12-31,995.6
2008-01-01,985
2008-01-02,972.6
2008-01-03,963.6
2008-01-04,980.4
2008-01-05,987.7
2008-01-06,993.9
2008-01-07,996
2008-01-08,990.1
2008-01-09,990.1
2008-01-10,985
2008-01-11,982.4
2008-01-12,990.8
2008-01-13,977.2
2008-01-14,982.9
2008-01-15,978.4
2008-01-16,985.6
2008-01-17,993.2
2008-01-18,999.8
2008-01-19,999.9
2008-01-20,997.7
2008-01-21,1000
2008-01-22,1001.6
2008-01-23,997.8
2008-01-24,1000.4
2008-01-25,1002.7
2008-01-26,1002.3
2008-01-27,1004.2
2008-01-28,1001.1
2008-01-29,997.6
2008-01-30,1002.8
2008-01-31,998.9
2008-02-01,987.5
2008-02-02,987.7
2008-02-03,974.3
2008-02-04,985.7
2008-02-05,992
2008-02-06,1000
2008-02-07,997.9
2008-02-08,995.5
2008-02-09,994
2008-02-10,993.8
2008-02-11,991.2
2008-02-12,990.5
2008-02-13,992.2
2008-02-14,990.3
2008-02-15,993.5
2008-02-16,995.4
2008-02-17,992.5
2008-02-18,987.6
2008-02-19,985.5
2008-02-20,989.6
2008-02-21,995.8
2008-02-22,997.2
2008-02-23,992.1
2008-02-24,989.3
2008-02-25,991.8
2008-02-26,992.9
2008-02-27,990.9
2008-02-28,992.7
2008-02-29,998.2
2008-03-01,997.4
2008-03-02,993
2008-03-03,996.4
2008-03-04,1001.4
2008-03-05,1003.2
2008-03-06,997.8
2008-03-07,992.4
2008-03-08,987.7
2008-03-09,985.1
2008-03-10,978.6
2008-03-11,988.4
2008-03-12,993.5
2008-03-13,990.4
2008-03-14,983
2008-03-15,983
2008-03-16,989.3
2008-03-17,982
2008-03-18,982.6
2008-03-19,984.4
2008-03-20,990.5
2008-03-21,988.2
2008-03-22,977.8
2008-03-23,985.9
2008-03-24,988.9
2008-03-25,989.9
2008-03-26,987.6
2008-03-27,984.5
2008-03-28,988.7
2008-03-29,986.8
2008-03-30,986
2008-03-31,997.2
2008-04-01,1000.2
2008-04-02,996.8
2008-04-03,992.4
2008-04-04,988.5
2008-04-05,982.5
2008-04-06,977.3
2008-04-07,967.6
2008-04-08,965.2
2008-04-09,963.6
2008-04-10,968.6
2008-04-11,983.6
2008-04-12,988.3
2008-04-13,989.6
2008-04-14,993.3
2008-04-15,987.8
2008-04-16,978.1
2008-04-17,968.2
2008-04-18,961.2
2008-04-19,961.7
2008-04-20,969.2
2008-04-21,983.3
2008-04-22,986.5
2008-04-23,991.9
2008-04-24,997.3
2008-05-07,980.9
2008-05-08,981.4
2008-05-09,982
2008-05-10,985.2
2008-05-11,986
2008-05-12,985
2008-05-13,982.2
2008-05-14,979.3
2008-05-15,978.4
2008-05-16,980.1
2008-05-17,982.4
2008-05-18,981.6
2008-05-19,982.3
2008-05-20,983.2
2008-05-21,983.8
2008-05-22,982.3
2008-05-23,977.9
2008-05-24,977.1
2008-05-25,976.7
2008-05-26,974.2
2008-05-27,977.7
2008-05-28,979
2008-05-29,980.3
2008-05-30,983.5
2008-05-31,985.3
2008-06-01,986.4
2008-06-02,988.8
2008-06-03,991.2
2008-06-04,990.7
2008-06-05,989.1
2008-06-06,991.8
2008-06-07,992.2
2008-06-08,990.8
2008-06-09,991.1
2008-06-10,990.8
2008-06-11,992.3
2008-06-12,991.5
2008-06-13,989.2
2008-06-14,988
2008-06-15,982.7
2008-06-16,980.8
2008-06-17,987.7
2008-06-18,988.5
2008-06-19,990.3
2008-06-20,990.8
2008-06-21,988.2
2008-06-22,987.6
2008-06-23,986.2
2008-06-24,988.9
2008-06-25,990.3
2008-06-26,991.2
2008-06-27,993.6
2008-06-28,991.1
2008-06-29,990.5
2008-06-30,988.3
2008-07-01,986.9
2008-07-02,985.4
2008-07-03,988.1
2008-07-04,985.2
2008-07-05,988.8
2008-07-06,988.7
2008-07-07,989.6
2008-07-08,989.9
2008-07-09,989.3
2008-07-10,986.9
2008-07-11,986.9
2008-07-12,988.9
2008-07-13,990
2008-07-14,992.2
2008-07-15,994.3
2008-07-16,992.9
2008-07-17,989.9
2008-07-18,985.8
2008-07-19,984.7
2008-07-20,989.2
2008-07-21,990.8
2008-07-22,988.2
2008-07-23,986.3
2008-07-24,985.3
2008-07-25,984.2
2008-07-26,987
2008-07-27,987.1
2008-07-28,988.2
2008-07-29,987.6
2008-07-30,987.3
2008-07-31,987.1
2008-08-01,992.6
2008-08-02,993.4
2008-08-03,989.9
2008-08-04,988.3
2008-08-05,986.2
2008-08-06,984.4
2008-08-07,988.1
2008-08-08,990.6
2008-08-09,988.6
2008-08-10,985.7
2008-08-11,977.9
2008-08-12,982.5
2008-08-13,988.9
2008-08-14,990
2008-08-15,991.2
2008-08-16,982
2008-08-17,984
2008-08-18,986.2
2008-08-19,990.2
2008-08-20,990.6
2008-08-21,989.7
2008-08-22,991.8
2008-08-23,989.3
2008-08-24,988.4
2008-08-25,989.9
2008-08-26,988.4
2008-08-27,987.7
2008-09-02,986.7
2008-09-03,982.6
2008-09-04,979.6
2008-09-05,974.5
2008-09-06,985.1
2008-09-07,985.6
2008-09-08,981.7
2008-09-09,983.8
2008-09-10,986.6
2008-09-11,988.6
2008-09-12,993.2
2008-09-13,992.7
2008-09-14,990.4
2008-09-15,987.9
2008-09-16,982.6
2008-09-17,983.4
2008-09-18,987.4
2008-09-19,991
2008-09-20,988
2008-09-21,983.9
2008-09-22,982.5
2008-09-23,983.7
2008-09-24,987.5
2008-09-25,992
2008-09-26,991.7
2008-09-27,989.8
2008-09-28,990.3
2008-09-29,991.5
2008-09-30,991.6
2008-10-02,990.8
2008-10-03,995.1
2008-10-04,993.5
2008-10-05,988.7
2008-10-06,988.1
2008-10-07,986.7
2008-10-08,993.1
2008-10-09,996.9
2008-10-10,994.2
2008-10-11,988.9
2008-10-12,990.7
2008-10-13,992.9
2008-10-14,993.1
2008-10-15,993.3
2008-10-16,991.7
2008-10-17,988.6
2008-10-18,987.7
2008-10-19,988.2
2008-10-20,988.5
2008-10-21,988.9
2008-10-22,995.4
2008-10-23,993.5
2008-10-24,993.4
2008-10-25,997.9
2008-10-26,996.4
2008-10-27,989.3
2008-10-28,987.7
2008-10-29,987
2008-10-30,973.4
2008-10-31,967.6
2008-11-01,975.3
2008-11-02,983.1
2008-11-03,984.3
2008-11-04,982.6
2008-11-05,990.4
2008-11-06,990.4
2008-11-07,988.9
2008-11-08,992.2
2008-11-09,995.8
2008-11-10,992.3
2008-11-11,993.4
2008-11-12,996.4
2008-11-13,999.3
2008-11-14,998.2
2008-11-15,997
2008-11-16,998.2
2008-11-17,999.7
2008-11-18,994.6
2008-11-19,995.6
2008-11-20,997.2
2008-11-21,999.5
2008-11-22,997.2
2008-11-23,991.7
2008-11-24,982.3
2008-11-25,989.9
2008-11-26,996.1
2008-11-27,990.5
2008-11-28,973.3
2008-11-29,966.6
2008-11-30,974.5
2008-12-01,983
2008-12-02,993.4
2008-12-03,985.5
2008-12-04,981.8
2008-12-05,985.5
2008-12-06,984
2008-12-07,983.8
2008-12-08,992.5
2008-12-09,994.4
2008-12-10,993.5
2008-12-11,987.5
2008-12-12,988.7
2008-12-13,974.7
2008-12-14,975.9
2008-12-15,987.5
2008-12-17,993.3
2008-12-18,997.8
2008-12-19,1001
2008-12-20,1002.3
2008-12-21,1000.9
2008-12-22,996.9
2008-12-23,996
2008-12-24,994.7
2008-12-25,990.9
2008-12-26,985.8
2008-12-27,978.3
2008-12-28,980.6
2008-12-29,986.5
2008-12-30,988.1
2008-12-31,984.9
2009-01-01,988.2
2009-01-02,986.4
2009-01-03,985.1
2009-01-04,990
2009-01-05,988.7
2009-01-06,987.8
2009-01-07,989.5
2009-01-08,989.7
2009-01-09,988.7
2009-01-10,993.3
2009-01-11,998.3
2009-01-12,994
2009-01-13,990.3
2009-01-14,987.4
2009-01-15,981.6
2009-01-16,990.3
2009-01-17,992.2
2009-01-18,987.1
2009-01-19,977.1
2009-01-20,978.4
2009-01-21,985.5
2009-01-22,978
2009-01-23,971.5
2009-01-24,968.3
2009-01-25,970
2009-01-26,984.7
2009-01-27,989.1
2009-01-28,985.8
2009-01-29,981.2
2009-01-30,974.5
2009-01-31,973.3
2009-02-02,965.9
2009-02-03,966.5
2009-02-05,963.1
2009-02-06,972
2009-02-07,980.5
2009-02-08,984.5
2009-02-09,982.3
2009-02-10,995.3
2009-02-11,999.9
2009-02-12,995.3
2009-02-13,990.5
2009-02-14,989.1
2009-02-15,989.4
2009-02-16,991.7
2009-02-17,993.8
2009-02-18,993
2009-02-19,991.5
2009-02-20,992.1
2009-02-21,999.1
2009-02-22,1000.1
2009-02-23,992.1
2009-02-24,988.1
2009-02-25,991.3
2009-02-26,993.1
2009-02-27,987.2
2009-02-28,982
2009-03-01,984.6
2009-03-02,989.9
2009-03-03,987.1
2009-03-04,973.8
2009-03-05,979.3
2009-03-06,987.5
2009-03-07,993.3
2009-03-08,992.8
2009-03-09,993.6
2009-03-10,993.4
2009-03-11,992.8
2009-03-12,991.3
2009-03-13,991.1
2009-03-14,993.4
2009-03-15,992.7
2009-03-16,990.9
2009-03-17,990.7
2009-03-18,989
2009-03-19,987.1
2009-03-20,988.8
2009-03-21,989.8
2009-03-22,993.4
2009-03-23,990.8
2009-03-24,988.7
2009-03-25,988
2009-03-26,986.9
2009-03-27,983.8
2009-03-28,980.4
2009-03-29,984.7
2009-03-30,987
2009-03-31,985.9
2009-04-01,986.2
2009-04-02,988.1
2009-04-03,991.1
2009-04-04,993.2
2009-04-05,989.9
2009-04-06,984.2
2009-04-07,988.6
2009-04-08,988.4
2009-04-09,978.7
2009-04-10,979.4
2009-04-11,984.2
2009-04-12,987.6
2009-04-13,983.3
2009-04-14,976.5
2009-04-15,973.7
2009-04-16,978.1
2009-04-17,983.6
2009-04-18,984.3
2009-04-19,991.8
2009-04-20,995.1
2009-04-21,996.1
2009-04-22,993.2
2009-04-23,988.6
2009-04-24,986
2009-04-25,983.9
2009-04-26,986.9
2009-04-27,985.2
2009-04-28,987
2009-04-29,988.4
2009-04-30,990.4
2009-05-01,997.3
2009-05-02,995.4
2009-05-03,994.5
2009-05-04,994.9
2009-05-05,993.6
2009-05-06,990.4
2009-05-07,989
2009-05-08,986.9
2009-05-09,983.4
2009-05-10,979.3
2009-05-11,978
2009-05-12,983
2009-05-13,984.8
2009-05-14,989.4
2009-05-15,988.8
2009-05-16,984.3
2009-05-17,987.4
2009-05-18,991.2
2009-05-19,990.2
2009-05-20,987.5
2009-05-21,984.2
2009-05-22,983.3
2009-05-23,984.6
2009-05-24,987.4
2009-05-25,990
2009-05-26,997.1
2009-05-27,996.9
2009-05-28,991.6
2009-05-29,986.6
2009-05-30,984.8
2009-05-31,984.5
2009-06-01,986.3
2009-06-02,986
2009-06-03,986.9
2009-06-04,984.4
2009-06-05,979.6
2009-06-06,977.9
2009-06-07,979.1
2009-06-08,975.7
2009-06-09,984.2
2009-06-10,987.2
2009-06-11,993.2
2009-06-12,990.7
2009-06-13,989.1
2009-06-14,988.8
2009-06-15,990.4
2009-06-16,989.2
2009-06-17,990.1
2009-06-18,990.7
2009-06-19,992.3
2009-06-20,991.7
2009-06-21,990
2009-06-22,988.1
2009-06-23,988
2009-06-24,984.7
2009-06-25,983.5
2009-06-26,986.4
2009-06-27,983.7
2009-06-28,983.6
2009-06-29,985.6
2009-06-30,989.8
2009-07-01,990.9
2009-07-02,990.7
2009-07-03,988.1
2009-07-04,987.2
2009-07-05,986.6
2009-07-06,988.9
2009-07-07,989.6
2009-07-08,990.7
2009-07-09,991
2009-07-10,990.5
2009-07-11,988.5
2009-07-12,986.7
2009-07-13,985.8
2009-07-14,986.7
2009-07-15,989.7
2009-07-16,992.1
2009-07-17,998.4
2009-07-18,996.4
2009-07-19,991.5
2009-07-20,986.9
2009-07-21,982.2
2009-07-22,977
2009-07-23,984.5
2009-07-24,992.7
2009-07-25,994.4
2009-07-26,989.8
2009-07-27,991.2
2009-07-28,990
2009-07-29,992.7
2009-07-30,994.6
2009-07-31,991.1
2009-08-01,987
2009-08-02,989.8
2009-08-03,988.5
2009-08-04,987.6
2009-08-05,988.4
2009-08-06,991.4
2009-08-07,992
2009-08-08,989.7
2009-08-09,989.1
2009-08-10,990
2009-08-11,990.3
2009-08-12,988.4
2009-08-13,986.4
2009-08-14,985.1
2009-08-15,986.1
2009-08-16,988.5
2009-08-17,988.9
2009-08-18,988
2009-08-19,989.2
2009-08-20,993
2009-08-21,994.7
2009-08-22,991.3
2009-08-23,984.9
2009-08-24,983.6
2009-08-25,986.1
2009-08-26,987
2009-08-27,990.1
2009-08-28,992.9
2009-08-29,990.8
2009-08-30,986.6
2009-08-31,982
2009-09-01,989.3
2009-09-02,989
2009-09-03,989.1
2009-09-04,992.3
2009-09-05,991.4
2009-09-06,989.1
2009-09-07,988.4
2009-09-08,987.8
2009-09-09,990
2009-09-10,989.8
2009-09-11,988.5
2009-09-12,985.7
2009-09-13,987
2009-09-14,986.2
2009-09-15,986.8
2009-09-16,984.5
2009-09-17,982.9
2009-09-18,985.1
2009-09-19,992.9
2009-09-20,996.3
2009-09-21,995.2
2009-09-22,993.4
2009-09-23,992.2
2009-09-24,992
2009-09-25,990.9
2009-09-26,988.8
2009-09-27,989.8
2009-09-28,989.4
2009-09-29,987.1
2009-09-30,986.1
2009-10-01,989.6
2009-10-02,991.5
2009-10-03,989.2
2009-10-04,984.9
2009-10-05,981.9
2009-10-06,981.7
2009-10-07,980.6
2009-10-08,987.2
2009-10-09,991.1
2009-10-10,993.9
2009-10-11,994.1
2009-10-12,992.8
2009-10-13,990.2
2009-10-14,988.2
2009-10-15,988.7
2009-10-16,991
2009-10-17,989.6
2009-10-18,985.8
2009-10-19,979
2009-10-20,969.4
2009-10-21,967.9
2009-10-22,977.7
2009-10-23,987.7
2009-10-24,989.5
2009-10-25,989.7
2009-10-26,987.1
2009-10-27,985.9
2009-10-28,986
2009-10-29,988.5
2009-10-30,990.8
2009-10-31,995.2
2009-11-01,990.7
2009-11-02,992.4
2009-11-03,986.4
2009-11-04,983.9
2009-11-05,986.5
2009-11-06,987.3
2009-11-07,990.3
2009-11-08,991.1
2009-11-09,992.1
2009-11-10,989.6
2009-11-11,982.8
2009-11-12,981.1
2009-11-13,976.6
2009-11-14,982.3
2009-11-15,976.5
2009-11-16,981
2009-11-17,988.9
2009-11-18,992.6
2009-11-19,988.5
2009-11-20,988
2009-11-21,987.5
2009-11-22,997
2009-11-23,999.8
2009-11-24,992.9
2009-11-25,988
2009-11-26,990.2
2009-11-27,989.4
2009-11-28,981.2
2009-12-01,987.7
2009-12-02,983
2009-12-03,989.9
2009-12-04,991.1
2009-12-05,982.1
2009-12-06,980.9
2009-12-07,986.2
2009-12-08,990.4
2009-12-09,994
2009-12-10,994.1
2009-12-11,988
2009-12-12,984.5
2009-12-13,983
2009-12-14,983.8
2009-12-15,984.1
2009-12-16,974.5
2009-12-17,981.4
2009-12-18,979.6
2009-12-19,983.7
2009-12-20,980.5
2009-12-22,964.6
2009-12-23,961.4
2009-12-25,976.6
2009-12-26,980.4
2009-12-27,981.8
2009-12-28,968.6
2009-12-29,969.4
2009-12-30,965.7
2009-12-31,967
2010-01-01,978.2
2010-01-02,982.9
2010-01-03,980.7
2010-01-04,975.1
2010-01-05,977.3
2010-01-06,976.8
2010-01-07,979.4
2010-01-08,987.7
2010-01-09,989.6
2010-01-10,981.4
2010-01-11,983.8
2010-01-12,975.5
2010-01-13,971.9
2010-01-14,979.9
2010-01-15,987.2
2010-01-16,986
2010-01-17,991.5
2010-01-18,985.7
2010-01-19,985.5
2010-01-20,990.7
2010-01-21,989.8
2010-01-22,987.5
2010-01-23,987
2010-01-24,996.1
2010-01-25,996.8
2010-01-26,995.8
2010-01-27,996
2010-01-28,993.9
2010-01-29,984.3
2010-01-30,982.2
2010-01-31,982.1
2010-02-01,991.4
2010-02-02,991
2010-02-03,985
2010-02-04,975.6
2010-02-05,984.9
2010-02-06,991.8
2010-02-07,982.2
2010-02-08,974
2010-02-09,977.9
2010-02-10,979.2
2010-02-11,985.3
2010-02-12,984.1
2010-02-13,983.1
2010-02-14,978.9
2010-02-15,967
2010-02-16,960.2
2010-02-17,964
2010-02-18,969.9
2010-02-19,976.1
2010-02-20,977.1
2010-02-21,961.1
2010-02-22,961
2010-02-23,967.4
2010-02-24,973.9
2010-02-25,967.9
2010-02-26,978.3
2010-02-28,973.9
2010-03-01,982
2010-03-02,978.8
2010-03-03,976.7
2010-03-04,985.5
2010-03-05,983
2010-03-06,979
2010-03-07,981.3
2010-03-08,981.1
2010-03-09,986.2
2010-03-10,987.4
2010-03-11,986.4
2010-03-12,992.5
2010-03-13,998.5
2010-03-14,998.8
2010-03-15,994.4
2010-03-16,991.7
2010-03-17,991.6
2010-03-18,988
2010-03-19,983.9
2010-03-20,984.6
2010-03-21,990.6
2010-03-22,991.8
2010-03-23,982.8
2010-03-24,973.7
2010-03-25,972.2
2010-03-26,982.9
2010-03-27,993.8
2010-03-28,987.3
2010-03-29,973.2
2010-03-30,984.4
2010-03-31,986.3
2010-04-01,989.5
2010-04-02,985.7
2010-04-03,986.1
2010-04-04,996.2
2010-04-05,992.6
2010-04-06,986.6
2010-04-07,993.7
2010-04-08,994.1
2010-04-09,991.4
2010-04-10,989.1
2010-04-11,982.7
2010-04-12,979.2
2010-04-13,980.1
2010-04-14,977.5
2010-04-15,975
2010-04-16,978.2
2010-04-17,980.4
2010-04-18,981.7
2010-04-19,986.7
2010-04-20,985.9
2010-04-21,981.9
2010-04-22,980.9
2010-04-23,984.2
2010-04-24,988
2010-04-25,994.2
2010-04-26,993.8
2010-04-27,991.8
2010-04-28,988.5
2010-04-29,987.8
2010-04-30,986
2010-05-01,986.5
2010-05-02,988.5
2010-05-03,991.7
2010-05-04,993
2010-05-05,988.7
2010-05-06,982.6
2010-05-07,976.8
2010-05-08,974.3
2010-05-09,969.7
2010-05-10,976.1
2010-05-11,980.2
2010-05-12,982.2
2010-05-13,985.8
2010-05-14,987.8
2010-05-15,993.3
2010-05-16,995.8
2010-05-17,996.1
2010-05-18,996.3
2010-05-19,995
2010-05-20,992.2
2010-05-21,988.5
2010-05-22,984.9
2010-05-23,983.1
2010-05-24,983.3
2010-05-25,981.7
2010-05-26,984.1
2010-05-27,985.3
2010-05-28,989.7
2010-05-29,994.3
2010-05-30,996.9
2010-05-31,993.4
2010-06-01,989.9
2010-06-02,985.8
2010-06-03,984.4
2010-06-04,989.5
2010-06-05,989.7
2010-06-06,990.9
2010-06-07,985.7
2010-06-08,978.3
2010-06-09,970.1
2010-06-10,974.6
2010-06-11,984
2010-06-12,987.9
2010-06-13,990.4
2010-06-14,990.4
2010-06-15,991.3
2010-06-16,991.5
2010-06-17,989.1
2010-06-18,987.7
2010-06-19,990.3
2010-06-20,988.9
2010-06-21,988.6
2010-06-22,988.7
2010-06-23,986.1
2010-06-24,984.5
2010-06-25,984.4
2010-06-26,985.9
2010-06-27,988
2010-06-28,990
2010-06-29,991.2
2010-06-30,989.3
2010-07-01,986.5
2010-07-02,986.4
2010-07-03,990
2010-07-04,992.6
2010-07-05,993.9
2010-07-06,991.2
2010-07-07,986.6
2010-07-08,985.9
2010-07-09,991.5
2010-07-10,990.9
2010-07-11,989.3
2010-07-12,988.5
2010-07-13,984.9
2010-07-14,985.6
2010-07-15,988
2010-07-16,990.9
2010-07-17,993.4
2010-07-18,990.2
2010-07-19,990.9
2010-07-20,987.1
2010-07-21,985.4
2010-07-22,989.3
2010-07-23,994.5
2010-07-24,994.2
2010-07-25,991
2010-07-26,988.2
2010-07-27,986.6
2010-07-28,988.1
2010-07-29,988.5
2010-07-30,985.8
2010-07-31,985.9
2010-08-01,988.6
2010-08-02,990.5
2010-08-03,991.2
2010-08-04,989.8
2010-08-05,988.5
2010-08-06,986.9
2010-08-07,988.2
2010-08-08,987.5
2010-08-09,988.3
2010-08-10,989
2010-08-11,990.9
2010-08-12,990.9
2010-08-13,991
2010-08-14,989.4
2010-08-15,989.2
2010-08-16,989.7
2010-08-17,989.5
2010-08-18,986.5
2010-08-19,985.6
2010-08-20,990.9
2010-08-21,992.2
2010-08-22,989.5
2010-08-23,984.3
2010-08-24,988.8
2010-08-25,987.8
2010-08-26,984.5
2010-08-27,989.5
2010-08-28,990.5
2010-08-29,988.8
2010-08-30,986.1
2010-08-31,979.7
2010-09-01,980.7
2010-09-02,986.2
2010-09-03,988.3
2010-09-04,987.4
2010-09-05,985.8
2010-09-06,981.9
2010-09-07,978.2
2010-09-08,986.2
2010-09-09,993.5
2010-09-10,990.8
2010-09-11,987.4
2010-09-12,992.3
2010-09-13,993.7
2010-09-14,992.7
2010-09-15,989.3
2010-09-16,985.2
2010-09-17,985
2010-09-18,987.2
2010-09-19,985.9
2010-09-20,983.7
2010-09-21,987.6
2010-09-22,987.5
2010-09-23,987
2010-09-24,987.9
2010-09-25,987.7
2010-09-26,985.3
2010-09-27,985.1
2010-09-28,988.5
2010-09-29,990.9
2010-09-30,990.8
2010-10-01,984.8
2010-10-02,978.6
2010-10-03,966.2
2010-10-04,981.7
2010-10-05,978.9
2010-10-06,980.8
2010-10-07,977.6
2010-10-08,972.3
2010-10-09,974.8
2010-10-10,974.7
2010-10-11,975
2010-10-12,977.6
2010-10-13,982.5
2010-10-14,985.2
2010-10-15,985
2010-10-16,986.2
2010-10-17,991
2010-10-18,992.9
2010-10-19,989.8
2010-10-20,987.7
2010-10-21,988.8
2010-10-22,990
2010-10-23,990.4
2010-10-24,989.2
2010-10-25,993
2010-10-26,996.3
2010-10-27,995.9
2010-10-28,989.1
2010-10-29,976.8
2010-10-30,968.8
2010-10-31,974.5
2010-11-01,992.2
2010-11-02,995.1
2010-11-03,996.9
2010-11-04,998.9
2010-11-05,996.7
2010-11-06,993.6
2010-11-07,987.1
2010-11-08,968.7
2010-11-09,964
2010-11-10,980.8
2010-11-11,989.9
2010-11-12,989.3
2010-11-13,975.8
2010-11-14,977.8
2010-11-15,990.9
2010-11-16,990.2
2010-11-17,983.3
2010-11-18,986.4
2010-11-19,979.9
2010-11-20,980.3
2010-11-21,981.3
2010-11-22,981.8
2010-11-23,982.8
2010-11-24,985.3
2010-11-25,986.2
2010-11-26,983
2010-11-27,975.5
2010-11-28,977
2010-11-29,969.7
2010-11-30,964
2010-12-01,975.6
2010-12-02,982.1
2010-12-03,990.5
2010-12-04,982.5
2010-12-05,968.5
2010-12-06,965.8
2010-12-07,964.5
2010-12-08,975.5
2010-12-09,990
2010-12-10,992.4
2010-12-11,989.7
2010-12-12,985.9
2010-12-13,985.5
2010-12-14,993.3
2010-12-15,999.8
2010-12-16,994.6
2010-12-17,981
2010-12-18,971.8
2010-12-19,972.9
2010-12-20,974.7
2010-12-21,964.9
2010-12-22,963.6
2010-12-23,980.3
2010-12-24,988.1
2010-12-25,988.6
2010-12-26,990.4
2010-12-27,984.7
2010-12-28,983.8
2010-12-29,980.3
2010-12-30,978.2
2010-12-31,984.3
2011-01-01,990.7
2011-01-02,991.5
2011-01-03,989.4
2011-01-04,983.7
2011-01-05,975.4
2011-01-06,972.4
2011-01-07,974.8
2011-01-08,978.2
2011-01-09,988.7
2011-01-10,988.5
2011-01-11,994.8
2011-01-12,998.3
2011-01-13,994
2011-01-14,993.2
2011-01-15,994.8
2011-01-16,993
2011-01-17,995.8
2011-01-18,995.7
2011-01-19,991.6
2011-01-20,992.5
2011-01-21,995.1
2011-01-22,993.7
2011-01-23,991.2
2011-01-24,990.1
2011-01-25,988.2
2011-01-26,978.9
2011-01-27,970.1
2011-01-28,975.9
2011-01-29,982.3
2011-01-30,987.5
2011-01-31,993.7
2011-02-01,1000.5
2011-02-02,1002.4
2011-02-03,1003.8
2011-02-04,1005
2011-02-05,1002.8
2011-02-06,998
2011-02-07,993.7
2011-02-08,988.1
2011-02-09,987.3
2011-02-10,989.1
2011-02-11,987
2011-02-12,990
2011-02-13,978.8
2011-02-14,977.8
2011-02-15,970.8
2011-02-17,975.4
2011-02-18,982.4
2011-02-19,984.5
2011-02-20,987.7
2011-02-21,993.5
2011-02-22,995.6
2011-02-23,996
2011-02-24,997.3
2011-02-25,998.4
2011-02-26,998.7
2011-02-27,1000.6
2011-02-28,999.6
2011-03-01,999.5
2011-03-02,997.5
2011-03-03,993.2
2011-03-04,987.1
2011-03-05,986.9
2011-03-06,987.3
2011-03-07,986.9
2011-03-08,986.7
2011-03-09,990.8
2011-03-10,990.3
2011-03-11,981.2
2011-03-12,971.8
2011-03-13,973
2011-03-14,969.9
2011-03-15,975.3
2011-03-16,985
2011-03-17,994.2
2011-03-18,998.4
2011-03-19,996.9
2011-03-20,993.3
2011-03-21,992.2
2011-03-22,993.2
2011-03-23,992.9
2011-03-24,990
2011-03-25,987.1
2011-03-26,981.6
2011-03-27,984.2
2011-03-28,987.7
2011-03-29,990.7
2011-03-30,994.8
2011-03-31,995.6
2011-04-01,986.8
2011-04-02,986.3
2011-04-03,989.2
2011-04-04,993.8
2011-04-05,992
2011-04-06,989.5
2011-04-07,992.3
2011-04-08,989.5
2011-04-09,993.5
2011-04-10,998.5
2011-04-11,998.5
2011-04-12,995.8
2011-04-13,989.4
2011-04-14,985
2011-04-15,983.8
2011-04-16,983.9
2011-04-17,984
2011-04-18,981.3
2011-04-19,976.9
2011-04-20,976.7
2011-04-21,975.9
2011-04-22,973.8
2011-04-23,980.5
2011-04-24,988.2
2011-04-25,990.7
2011-04-26,989.3
2011-04-27,985.5
2011-04-28,979.5
2011-04-29,972
2011-04-30,970.1
2011-05-01,971.5
2011-05-02,975.8
2011-05-03,985
2011-05-04,988.7
2011-05-05,986.5
2011-05-06,980.4
2011-05-07,978.7
2011-05-08,986.8
2011-05-09,992.1
2011-05-10,992.7
2011-05-11,990.5
2011-05-12,989
2011-05-13,986.8
2011-05-14,993.7
2011-05-15,996
2011-05-16,992.9
2011-05-17,989.3
2011-05-18,984.4
2011-05-19,986
2011-05-20,989.5
2011-05-21,991
2011-05-22,993.4
2011-05-23,993.5
2011-05-24,994.1
2011-05-25,990.9
2011-05-26,992
2011-05-27,989.5
2011-05-28,986.3
2011-05-29,984.6
2011-05-30,987.3
2011-05-31,995.7
2011-06-01,996.5
2011-06-02,993.8
2011-06-03,989
2011-06-04,984.8
2011-06-05,980.6
2011-06-06,981
2011-06-07,984.4
2011-06-08,988
2011-06-09,988.6
2011-06-10,991.1
2011-06-11,991
2011-06-12,988.8
2011-06-13,990.2
2011-06-14,991.8
2011-06-15,992.2
2011-06-16,991.3
2011-06-17,987.4
2011-06-18,991.6
2011-06-19,991.2
2011-06-20,990.1
2011-06-21,989.8
2011-06-22,992.5
2011-06-23,994.2
2011-06-24,992.9
2011-06-25,989.2
2011-06-26,986.6
2011-06-27,986.5
2011-06-28,992.5
2011-06-29,993.8
2011-06-30,991.6
2011-07-01,987.6
2011-07-02,983.2
2011-07-03,983.7
2011-07-04,988.1
2011-07-05,989.3
2011-07-06,988.5
2011-07-07,986.4
2011-07-08,985.5
2011-07-09,988.1
2011-07-10,988.5
2011-07-11,984.7
2011-07-12,988.6
2011-07-13,993.8
2011-07-14,992.6
2011-07-15,991.7
2011-07-16,988.7
2011-07-17,988.9
2011-07-18,985.6
2011-07-19,990.1
2011-07-20,990.5
2011-07-21,988.6
2011-07-22,987.6
2011-07-23,989.9
2011-07-24,992
2011-07-25,990.2
2011-07-26,988.7
2011-07-27,989.3
2011-07-28,988.9
2011-07-29,987.3
2011-07-30,988.9
2011-07-31,985.6
2011-08-01,981.3
2011-08-02,985.5
2011-08-03,991.5
2011-08-04,990.6
2011-08-05,986.8
2011-08-06,982.3
2011-08-07,985.7
2011-08-08,992.8
2011-08-09,994.3
2011-08-10,990.2
2011-08-11,989
2011-08-12,987.4
2011-08-13,984.6
2011-08-14,984.3
2011-08-15,987.6
2011-08-16,986.5
2011-08-17,985.1
2011-08-18,983.2
2011-08-19,986.3
2011-08-20,985.9
2011-08-21,985.2
2011-08-22,986.3
2011-08-23,988.4
2011-08-24,988.7
2011-08-25,983.8
2011-08-26,988.2
2011-08-27,991.8
2011-08-28,988.3
2011-08-29,987.5
2011-08-30,983.2
2011-08-31,977.8
2011-09-01,978.2
2011-09-02,984
2011-09-03,985.1
2011-09-04,989.5
2011-09-05,995.5
2011-09-06,996.5
2011-09-07,995.2
2011-09-08,989
2011-09-09,981.4
2011-09-10,983.4
2011-09-11,988.6
2011-09-12,990.3
2011-09-13,989.5
2011-09-14,984.9
2011-09-15,984.1
2011-09-16,988.6
2011-09-17,991.3
2011-09-18,992.3
2011-09-19,993.8
2011-09-20,990.5
2011-09-21,990.2
2011-09-22,989.6
2011-09-23,986.5
2011-09-24,986.4
2011-09-25,988.6
2011-09-26,991.9
2011-09-27,993.4
2011-09-28,991.6
2011-09-29,989.7
2011-09-30,988.8
2011-10-01,987.9
2011-10-02,992.3
2011-10-03,995.6
2011-10-04,996.3
2011-10-05,994.7
2011-10-06,996.8
2011-10-07,999
2011-10-08,998.7
2011-10-09,995.9
2011-10-10,995
2011-10-11,995
2011-10-12,993.2
2011-10-13,991.4
2011-10-14,989.6
2011-10-15,989.8
2011-10-16,991.3
2011-10-17,991.5
2011-10-18,992.3
2011-10-19,994
2011-10-20,994.2
2011-10-21,987.4
2011-10-22,982.5
2011-10-23,970.5
2011-10-24,967.2
2011-10-25,975.3
2011-10-26,968.3
2011-10-27,978.8
2011-10-28,993.1
2011-10-29,994
2011-10-30,991.7
2011-10-31,984.8
2011-11-01,983.5
2011-11-02,967.3
2011-11-03,963.1
2011-11-04,968.5
2011-11-05,984.3
2011-11-06,993.2
2011-11-07,988.1
2011-11-08,983.2
2011-11-09,983.9
2011-11-10,981.4
2011-11-11,982.1
2011-11-12,981.4
2011-11-13,980.8
2011-11-14,977.8
2011-11-15,979.9
2011-11-16,988.8
2011-11-17,991.4
2011-11-18,982.5
2011-11-19,978.4
2011-11-20,981.8
2011-11-21,982.1
2011-11-22,988.5
2011-11-23,996.1
2011-11-24,997.3
2011-11-25,1001.6
2011-11-26,1000.9
2011-11-27,997
2011-11-28,993
2011-11-29,991.9
2011-11-30,993.7
2011-12-01,990
2011-12-02,994.7
2011-12-03,997.3
2011-12-04,993.8
2011-12-05,994
2011-12-06,998.4
2011-12-07,1000.3
2011-12-08,998.2
2011-12-09,992.2
2011-12-10,985.8
2011-12-11,988.9
2011-12-12,991.9
2011-12-13,985.8
2011-12-14,990.2
2011-12-15,994.5
2011-12-16,990.5
2011-12-17,997.1
2011-12-18,997.3
2011-12-19,999.1
2011-12-20,1000.6
2011-12-21,1003
2011-12-22,1000.5
2011-12-23,1002
2011-12-24,1004.8
2011-12-25,1002.2
2011-12-26,1001.9
2011-12-27,1003
2011-12-28,1005.8
2011-12-29,1008.1
2011-12-30,1006.2
2011-12-31,1001.8
2012-01-01,993.3
2012-01-02,998.7
2012-01-03,1001.6
2012-01-04,1005.5
2012-01-05,1005.5
2012-01-06,1003.8
2012-01-07,1001.6
2012-01-08,998.8
2012-01-09,997.7
2012-01-10,998.3
2012-01-11,999.4
2012-01-12,999.3
2012-01-13,996.7
2012-01-14,990.6
2012-01-15,986.2
2012-01-16,989.6
2012-01-17,998.7
2012-01-18,1004.5
2012-01-19,1007.4
2012-01-20,1006.6
2012-01-21,1002.8
2012-01-22,996.8
2012-01-23,994.1
2012-01-24,994.3
2012-01-25,989.7
2012-01-26,991
2012-01-27,996
2012-01-28,999.7
2012-01-29,997.8
2012-01-30,995.1
2012-01-31,992.7
2012-02-01,988.4
2012-02-02,993.3
2012-02-03,1002.4
2012-02-04,1008.5
2012-02-05,1006.4
2012-02-06,1005.8
2012-02-07,1002
2012-02-08,1001.6
2012-02-09,1001.7
2012-02-10,997.1
2012-02-11,995
2012-02-12,999.5
2012-02-13,1003
2012-02-14,998.9
2012-02-15,1001.8
2012-02-16,998.5
2012-02-17,994.8
2012-02-18,993.6
2012-02-19,996.7
2012-02-20,997.9
2012-02-21,998
2012-02-22,999.1
2012-02-23,998.9
2012-02-24,997
2012-02-25,995
2012-02-26,995.4
2012-02-27,992.8
2012-02-28,990.8
2012-02-29,992.5
2012-03-01,991.5
2012-03-02,994.2
2012-03-03,996.3
2012-03-04,998.2
2012-03-05,1000.5
2012-03-06,998.4
2012-03-07,999.8
2012-03-08,1002.3
2012-03-09,1000.6
2012-03-10,1001
2012-03-11,996.8
2012-03-12,994.4
2012-03-13,994.2
2012-03-14,994.1
2012-03-15,994
2012-03-16,993.5
2012-03-17,991.7
2012-03-18,997.7
2012-03-19,1003.5
2012-03-20,1000.5
2012-03-21,993
2012-03-22,991.1
2012-03-23,986.3
2012-03-24,988.6
2012-03-25,991.7
2012-03-26,989.9
2012-03-27,992.3
2012-03-28,992.4
2012-03-29,989.4
2012-03-30,986.5
2012-03-31,981.7
2012-04-01,979.3
2012-04-02,978.3
2012-04-03,979.3
2012-04-04,980.9
2012-04-05,979.3
2012-04-06,978.8
2012-04-07,986
2012-04-08,989.3
2012-04-09,982
2012-04-10,978.1
2012-04-11,979
2012-04-12,981.3
2012-04-13,981.9
2012-04-14,980.6
2012-04-15,990.7
2012-04-16,997
2012-04-17,990.6
2012-04-18,979.7
2012-04-19,977.2
2012-04-20,981
2012-04-21,985
2012-04-22,988.8
2012-04-23,986.1
2012-04-24,984.3
2012-04-25,969.7
2012-04-26,976.4
2012-04-27,981.1
2012-04-28,978.2
2012-04-29,980.8
2012-04-30,982.9
2012-05-01,979.8
2012-05-02,980
2012-05-03,977.5
2012-05-04,974.7
2012-05-05,979.6
2012-05-06,985.4
2012-05-07,983.2
2012-05-08,983.1
2012-05-09,984.8
2012-05-10,987.5
2012-05-11,991.3
2012-05-12,994.9
2012-05-13,992
2012-05-14,990.6
2012-05-15,991.8
2012-05-16,985
2012-05-17,982.3
2012-05-18,981.1
2012-05-19,980
2012-05-20,983.3
2012-05-21,990.5
2012-05-22,992.6
2012-05-23,992
2012-05-24,988.1
2012-05-25,984
2012-05-26,987.3
2012-05-27,989.6
2012-05-28,987.7
2012-05-29,987.6
2012-05-30,990.5
2012-05-31,987.1
2012-06-01,983.1
2012-06-02,985.3
2012-06-03,989.1
2012-06-04,989.6
2012-06-05,987.4
2012-06-06,981
2012-06-07,979.1
2012-06-08,988.2
2012-06-09,988.5
2012-06-10,987.1
2012-06-11,984.9
2012-06-12,989.9
2012-06-13,988.8
2012-06-14,984.6
2012-06-15,986.8
2012-06-16,990.8
2012-06-17,988.8
2012-06-18,989.2
2012-06-19,985.2
2012-06-20,982.8
2012-06-21,988.8
2012-06-22,994.4
2012-06-23,994.4
2012-06-24,994.3
2012-06-25,991.8
2012-06-26,988.2
2012-06-27,984.3
2012-06-28,983.9
2012-06-29,984.3
2012-06-30,989.4
2012-07-01,993.6
2012-07-02,990.4
2012-07-03,988.6
2012-07-04,986.3
2012-07-05,986.9
2012-07-06,986.4
2012-07-07,984.4
2012-07-08,988
2012-07-09,988
2012-07-10,990
2012-07-11,993.8
2012-07-12,993.4
2012-07-13,987.9
2012-07-14,990.8
2012-07-15,994.9
2012-07-16,996.2
2012-07-17,995.4
2012-07-18,993.3
2012-07-19,989.7
2012-07-20,989
2012-07-21,991.7
2012-07-22,991.6
2012-07-25,983.4
2012-07-26,984
2012-07-27,985.8
2012-07-28,988
2012-07-29,989.6
2012-07-30,990.5
2012-07-31,987.9
2012-08-01,987.6
2012-08-02,990.3
2012-08-03,990.2
2012-08-04,987.3
2012-08-05,985.8
2012-08-06,991
2012-08-07,990.1
2012-08-08,987.8
2012-08-11,990.8
2012-08-12,988.5
2012-08-13,984.5
2012-08-14,978.6
2012-08-15,982.7
2012-08-16,985.6
2012-08-17,984.5
2012-08-18,985.8
2012-08-19,988.8
2012-08-20,990.9
2012-08-21,990.2
2012-08-22,988.4
2012-08-23,985.8
2012-08-24,983.6
2012-08-25,990.6
2012-08-26,991.1
2012-08-27,987.8
2012-08-28,990
2012-08-29,992.3
2012-08-30,997.1
2012-08-31,997.6
2012-09-01,994
2012-09-02,993.5
2012-09-03,992.8
2012-09-04,990.3
2012-09-05,988.2
2012-09-06,988.3
2012-09-07,989.4
2012-09-08,989.7
2012-09-09,988.3
2012-09-10,987
2012-09-11,989.9
2012-09-12,993.3
2012-09-13,993.2
2012-09-14,989.4
2012-09-15,985.1
2012-09-16,984.3
2012-09-17,986.1
2012-09-18,986.7
2012-09-19,987.3
2012-09-20,984
2012-09-21,985
2012-09-22,980.4
2012-09-23,975
2012-09-24,984.3
2012-09-25,974.9
2012-09-26,978.2
2012-09-27,985.4
2012-09-28,985.6
2012-09-29,989.7
2012-09-30,991.6
2012-10-01,992.1
2012-10-02,992.4
2012-10-03,990.4
2012-10-04,987.7
2012-10-05,985.7
2012-10-06,988.4
2012-10-07,990.8
2012-10-08,989.3
2012-10-15,985.3
2012-10-19,979.7
2012-10-20,982.8
2012-10-21,982.4
2012-10-22,986.3
2012-10-23,985.3
2012-10-24,977.7
2012-10-25,973.5
2012-10-26,972.9
2012-10-27,983.2
2012-10-28,989.2
2012-10-29,981.2
2012-10-30,973.1
2012-10-31,970.6
2012-11-01,972.8
2012-11-02,977.9
2012-11-03,975.9
2012-11-04,979.7
2012-11-05,987.6
2012-11-06,995
2012-11-07,992
2012-11-08,985.2
2012-11-09,983.3
2012-11-10,981.2
2012-11-11,989.6
2012-11-12,996.3
2012-11-13,991.6
2012-11-14,986.2
2012-11-15,984.3
2012-11-16,981.1
2012-11-17,979.2
2012-11-18,985.9
2012-11-19,984.9
2012-11-20,981.4
2012-11-21,990.9
2012-11-22,990
2012-11-23,984
2012-11-24,982.7
2012-11-25,987.7
2012-11-26,987
2012-11-27,985
2012-11-28,987
2012-11-29,988.1
2012-11-30,981
2012-12-01,988.7
2012-12-02,997.3
2012-12-03,998.3
2012-12-04,995.7
2012-12-05,992
2012-12-06,985.3
2012-12-07,987.8
2012-12-08,995.9
2012-12-09,995.2
2012-12-10,992.5
2012-12-11,990.3
2012-12-12,983.3
2012-12-13,974.4
2012-12-14,970.1
2012-12-15,982.6
2012-12-16,987.8
2012-12-17,992.2
2012-12-18,989.7
2012-12-19,984.8
2012-12-20,984.6
2012-12-21,989.7
2012-12-22,991.5
2012-12-23,987.3
2012-12-24,979.6
2012-12-25,986.5
2012-12-26,997.2
2012-12-27,1000.2
2012-12-28,996.7
2012-12-29,992
2012-12-30,999
2012-12-31,989
2013-01-01,993
2013-01-02,1000.3
2013-01-03,1003.9
2013-01-04,1006.4
2013-01-05,1004.2
2013-01-06,999.9
2013-01-07,997.1
2013-01-08,996.3
2013-01-09,992.6
2013-01-10,994.7
2013-01-11,991.7
2013-01-12,987.1
2013-01-13,990.3
2013-01-14,996.5
2013-01-15,993.7
2013-01-16,985.3
2013-01-17,986.1
2013-01-18,971
2013-01-20,973
2013-01-21,980.2
2013-01-22,976.2
2013-01-23,985.4
2013-01-24,987.3
2013-01-25,985.5
2013-01-26,991.3
2013-01-27,987.1
2013-01-28,994.9
2013-01-29,993.8
2013-01-30,995.5
2013-01-31,998.4
2013-02-01,990.5
2013-02-02,997.1
2013-02-03,1002.6
2013-02-04,1002.4
2013-02-05,999.6
2013-02-06,996.9
2013-02-07,999.7
2013-02-08,996.6
2013-02-09,997
2013-02-10,984.2
2013-02-11,985.2
2013-02-12,991.1
2013-02-13,995.9
2013-02-14,995.5
2013-02-15,991.5
2013-02-16,987.2
2013-02-17,980.1
2013-02-18,979
2013-02-19,979.2
2013-02-20,982
2013-02-21,977.3
2013-02-22,973
2013-02-23,987.3
2013-02-24,994.3
2013-02-25,995.6
2013-02-26,993.5
2013-02-27,988.6
2013-02-28,987.7
2013-03-01,988.6
2013-03-02,986
2013-03-03,979
2013-03-04,966.1
2013-03-05,961.7
2013-03-06,963.7
2013-03-07,965.5
2013-03-08,971.2
2013-03-09,969.2
2013-03-10,970.5
2013-03-11,973.9
2013-03-12,975.1
2013-03-13,986.3
2013-03-14,992.1
2013-03-15,987.6
2013-03-16,976.7
2013-03-17,973
2013-03-18,977.8
2013-03-19,974.5
2013-03-20,982.8
2013-03-21,976.7
2013-03-22,971.7
2013-03-23,970.3
2013-03-24,974
2013-03-25,974.8
2013-03-26,972.5
2013-03-27,970.8
2013-03-28,976.1
2013-03-29,976.2
2013-03-30,982.5
2013-03-31,972.4
2013-04-01,973.2
2013-04-02,977.8
2013-04-03,970.5
2013-04-04,974.8
2013-04-05,986.3
2013-04-06,992.7
2013-04-07,985.5
2013-04-08,979.7
2013-04-09,981.5
2013-04-10,981.2
2013-04-11,980.1
2013-04-12,984.5
2013-04-13,987
2013-04-14,987.9
2013-04-15,992.7
2013-04-16,992.3
2013-04-17,991.5
2013-04-18,996.9
2013-04-19,997.1
2013-04-20,993
2013-04-21,991.7
2013-04-22,992.6
2013-04-23,990.1
2013-04-24,990.3
2013-04-25,990
2013-04-26,990.6
2013-04-27,987.8
2013-04-28,988.4
2013-04-29,986.8
2013-04-30,987.3
2013-05-01,990.4
2013-05-02,991.9
2013-05-03,990
2013-05-04,990.1
2013-05-05,990.7
2013-05-06,988.8
2013-05-07,986.2
2013-05-08,987.1
2013-05-09,989.5
2013-05-10,993.2
2013-05-11,994.8
2013-05-12,994.4
2013-05-13,991.2
2013-05-14,983.7
2013-05-15,979.7
2013-05-16,974.5
2013-05-17,971.9
2013-05-18,983.1
2013-05-19,989.2
2013-05-20,991.4
2013-05-21,991.4
2013-05-22,993.1
2013-05-23,992.7
2013-05-24,992.3
2013-05-25,991
2013-05-26,987.3
2013-05-27,983.3
2013-05-28,986.8
2013-05-29,988.3
2013-05-30,994
2013-05-31,996
2013-06-01,996.3
2013-06-02,993.3
2013-06-03,988.6
2013-06-04,983.8
2013-06-05,983.1
2013-06-06,985.3
2013-06-07,986.4
2013-06-08,986.3
2013-06-09,987.1
2013-06-10,988
2013-06-11,989.9
2013-06-12,991.8
2013-06-13,991.7
2013-06-14,989.4
2013-06-15,989.2
2013-06-16,983.2
2013-06-17,980.9
2013-06-18,985.6
2013-06-19,990.2
2013-06-20,991.3
2013-06-21,993.1
2013-06-22,995.2
2013-06-23,997.4
2013-06-24,995.1
2013-06-25,994.1
2013-06-26,993.3
2013-06-27,994.2
2013-06-28,995.2
2013-06-29,995.2
2013-07-03,991.8
2013-07-04,992
2013-07-05,990.2
2013-07-06,990
2013-07-07,990
2013-07-08,988.3
2013-07-09,986.3
2013-07-10,983.9
2013-07-11,982
2013-07-12,984.4
2013-07-13,987.9
2013-07-14,989.5
2013-07-15,989.4
2013-07-16,989.8
2013-07-17,991.4
2013-07-18,988.2
2013-07-19,986
2013-07-20,985.7
2013-07-21,987.3
2013-07-22,987.8
2013-07-23,987.6
2013-07-24,988.2
2013-07-25,987.2
2013-07-26,983.8
2013-07-27,980.5
2013-07-28,984.5
2013-07-29,993.8
2013-07-30,993.6
2013-07-31,986.4
2013-08-01,982.7
2013-08-02,986.5
2013-08-03,992.5
2013-08-04,991.4
2013-08-05,989.2
2013-08-06,988.2
2013-08-07,986.8
2013-08-08,994
2013-08-09,995.4
2013-08-10,991.5
2013-08-11,987.2
2013-08-12,987.4
2013-08-13,989.5
2013-08-14,988.6
2013-08-15,988.4
2013-08-16,991.1
2013-08-17,990.3
2013-08-18,989.9
2013-08-19,992.4
2013-08-20,989.2
2013-08-21,987.6
2013-08-22,987.9
2013-08-23,989.1
2013-08-24,992
2013-08-25,988.9
2013-08-26,985
2013-08-27,986.9
2013-08-28,988.5
2013-08-29,990.5
2013-08-30,991.7
2013-08-31,993.1
2013-09-01,992.5
2013-09-02,991.6
2013-09-03,990.9
2013-09-04,987.5
2013-09-05,985.4
2013-09-06,986.8
2013-09-07,988.1
2013-09-08,993.7
2013-09-09,995.7
2013-09-10,993.4
2013-09-11,991.7
2013-09-12,991.4
2013-09-13,992
2013-09-14,992.1
2013-09-15,990
2013-09-16,988.7
2013-09-17,990.1
2013-09-18,990.3
2013-09-19,991.4
2013-09-20,991.9
2013-09-21,991.4
2013-09-22,990.1
2013-09-23,986.6
2013-09-24,984.6
2013-09-25,981.7
2013-09-26,980.2
2013-09-27,975.3
2013-09-28,972
2013-09-29,977.2
2013-09-30,976.3
2013-11-03,991.5
2013-11-05,990.8
2013-11-06,989.9
2013-11-07,987.1
2013-11-08,990.7
2013-11-09,995.8
2013-11-10,1001
2013-11-11,1000.8
2013-11-12,997.8
2013-11-13,998.9
2013-11-14,1003
2013-11-20,992.8
2013-11-21,985.6
2013-11-22,984.7
2013-11-23,988.2
2013-11-24,993.7
2013-11-25,998.1
2013-11-26,997.8
2013-11-27,996.3
2013-11-28,997.6
2013-11-29,1000.1
2013-11-30,995.8
2013-12-01,993.6
2013-12-02,992.6
2013-12-03,995.2
2013-12-04,998.6
2013-12-05,999.2
2013-12-06,996.9
2013-12-07,994.7
2013-12-08,996.2
2013-12-09,997.1
2013-12-10,995.8
2013-12-11,992.7
2013-12-12,994.9
2013-12-13,997
2013-12-14,1001
2013-12-15,998.7
2013-12-16,993.8
2013-12-17,994.3
2013-12-18,989.5
2013-12-19,988.5
2013-12-20,1001.6
2013-12-21,999.5
2013-12-22,997.6
2013-12-23,986.7
2013-12-24,967.3
2013-12-25,969
2013-12-26,982.3
2013-12-27,976.3
2013-12-28,986.7
2013-12-29,997
2013-12-30,990.6
2013-12-31,984.9
2014-01-01,978.8
2014-01-02,978.4
2014-01-03,983.4
2014-01-04,980.3
2014-01-05,983.8
2014-01-06,980.3
2014-01-07,983.1
2014-01-08,983.9
2014-01-09,987.3
2014-01-10,986
2014-01-11,987.1
2014-01-12,987.9
2014-01-13,988.3
2014-01-14,986.9
2014-01-15,980.7
2014-01-16,975.2
2014-01-17,965.2
2014-01-18,965
2014-01-19,975.6
2014-01-20,987.5
2014-01-21,983.8
2014-01-22,989.5
2014-01-23,999.5
2014-01-24,1001.1
2014-01-25,1000.4
2014-01-26,994.9
2014-01-27,988
2014-01-28,974.7
2014-01-29,973.9
2014-01-30,983.1
2014-01-31,980.5
2014-02-01,984.5
2014-02-02,985.6
2014-02-03,975.7
2014-02-04,970.9
2014-02-05,975.3
2014-02-06,968.9
2014-02-07,979.5
2014-02-08,976.4
2014-02-09,966.5
2014-02-10,983
2014-02-11,981.9
2014-02-12,982.8
2014-02-13,982.4
2014-02-14,973
2014-02-15,981.6
2014-02-16,985.9
2014-02-17,978.4
2014-02-18,987.6
2014-02-19,992.3
2014-02-20,988.7
2014-02-21,991.4
2014-02-22,991
2014-02-23,981.4
2014-02-24,982.4
2014-02-25,986.7
2014-02-26,996
2014-02-27,996.9
2014-02-28,993.3
2014-03-01,979.4
2014-03-02,978.8
2014-03-03,983.5
2014-03-04,987.7
2014-03-05,992.3
2014-03-06,992.5
2014-03-07,991.6
2014-03-08,988.1
2014-03-09,988.3
2014-03-10,991.8
2014-03-11,991.1
2014-03-12,992.1
2014-03-13,993.7
2014-03-14,996.9
2014-03-15,1000
2014-03-16,995.8
2014-03-17,992.7
2014-03-18,996
2014-03-19,991.5
2014-03-20,989.2
2014-03-21,988.1
2014-03-22,989.2
2014-03-23,992
2014-03-24,990.2
2014-03-25,994.4
2014-03-26,993
2014-03-27,980.7
2014-03-28,975.9
2014-03-29,974.9
2014-03-30,976.3
2014-03-31,976.4
2014-04-01,969.3
2014-04-02,968.2
2014-04-03,976.7
2014-04-04,984
2014-04-05,989.5
2014-04-06,988.5
2014-04-07,989
2014-04-08,993.3
2014-04-09,988.4
2014-04-10,985.7
2014-04-11,986.7
2014-04-12,988.2
2014-04-13,989.2
2014-04-14,985.8
2014-04-15,985.5
2014-04-16,988.8
2014-04-17,989.1
2014-04-18,986
2014-04-19,980.2
2014-04-20,974.9
2014-04-21,976
2014-04-22,982.9
2014-04-23,989
2014-04-24,988.3
2014-04-25,989.5
2014-04-26,988.4
2014-04-27,991.8
2014-04-28,990
2014-04-29,988.6
2014-04-30,988.4
2014-05-01,991.4
2014-05-02,993.1
2014-05-03,989.5
2014-05-04,984.6
2014-05-05,983.1
2014-05-06,986.7
2014-05-07,991.1
2014-05-08,992.7
2014-05-09,993.2
2014-05-10,992.9
2014-05-11,992.5
2014-05-12,991.1
2014-05-13,995.4
2014-05-14,993.8
2014-05-15,989.7
2014-05-16,987
2014-05-17,985
2014-05-18,978.9
2014-05-19,974.4
2014-05-20,974.7
2014-05-21,970.2
2014-05-22,980.2
2014-05-23,987.2
2014-05-24,988
2014-05-25,989.6
2014-05-26,993.2
2014-05-27,988.9
2014-05-28,988.8
2014-05-29,989.5
2014-05-30,994.2
2014-05-31,994.3
2014-06-01,993.4
2014-06-02,992.4
2014-06-03,989.8
2014-06-04,987.8
2014-06-05,980.1
2014-06-06,976.2
2014-06-07,982.2
2014-06-08,987.3
2014-06-09,987.8
2014-06-10,990.2
2014-06-11,990.9
2014-06-12,991.4
2014-06-13,990.8
2014-06-14,989.3
2014-06-15,987.9
2014-06-16,986.5
2014-06-17,985.2
2014-06-18,985.7
2014-06-19,985.9
2014-06-20,984.6
2014-06-21,984.4
2014-06-22,988
2014-06-23,988.5
2014-06-24,988.2
2014-06-25,988.5
2014-06-26,988.9
2014-06-27,988.2
2014-06-28,986.4
2014-06-29,992.3
2014-06-30,988.4
2014-07-01,985.1
2014-07-02,989
2014-07-03,989.7
2014-07-04,988.9
2014-07-05,985.7
2014-07-06,986.1
2014-07-07,991.5
2014-07-08,993.6
2014-07-09,993.2
2014-07-10,992.5
2014-07-11,992.1
2014-07-12,990.7
2014-07-13,990.3
2014-07-14,990
2014-07-15,988.7
2014-07-16,987.2
2014-07-17,986.9
2014-07-18,983.8
2014-07-19,981.2
2014-07-20,990.2
2014-07-21,992.5
2014-07-22,987.2
2014-07-23,984.5
2014-07-24,985
2014-07-25,984.7
2014-07-26,986.1
2014-07-27,988.1
2014-07-28,989.7
2014-07-29,989.1
2014-07-30,986
2014-07-31,984.8
2014-08-01,984.2
2014-08-02,981.3
2014-08-03,985.4
2014-08-04,989.4
2014-08-05,991.7
2014-08-06,990.8
2014-08-07,988.2
2014-08-08,984.2
2014-08-09,982.5
2014-08-10,985
2014-08-11,990.7
2014-08-12,987.7
2014-08-13,990.8
2014-08-14,992.3
2014-08-15,992.8
2014-08-16,992.8
2014-08-17,986.3
2014-08-18,983.6
2014-08-19,986.5
2014-08-20,988.7
2014-08-21,987.4
2014-08-22,988.7
2014-08-23,990.7
2014-08-24,990
2014-08-25,987.9
2014-08-26,986.4
2014-08-27,987.5
2014-08-28,989.3
2014-08-29,990.8
2014-08-30,988.2
2014-08-31,987.1
2014-09-01,986
2014-09-02,983
2014-09-03,984.6
2014-09-04,986.1
2014-09-05,985.6
2014-09-06,982.6
2014-09-07,982
2014-09-08,985.1
2014-09-09,985.6
2014-09-10,983.3
2014-09-11,984.6
2014-09-12,986.4
2014-09-13,987.4
2014-09-14,983.8
2014-09-15,981.1
2014-09-16,972.4
2014-09-17,971.3
2014-09-18,972.3
2014-09-19,977.4
2014-09-20,985.5
2014-09-21,988.1
2014-09-22,986
2014-09-23,986.6
2014-09-24,989.8
2014-09-25,991.2
2014-09-26,991.5
2014-09-27,989.5
2014-09-28,990.7
2014-09-29,993.8
2014-09-30,995.5
2014-10-01,995.2
2014-10-02,993.3
2014-10-03,991.4
2014-10-04,991.6
2014-10-05,988.4
2014-10-06,981.9
2014-10-07,980
2014-10-08,976.9
2014-10-09,981.7
2014-10-10,983.7
2014-10-11,979.5
2014-10-12,975.4
2014-10-13,976.6
2014-10-14,978
2014-10-15,976.6
2014-10-16,978.6
2014-10-17,980.2
2014-10-18,984.5
2014-10-19,989
2014-10-20,991.1
2014-10-21,996.5
2014-10-22,998.1
2014-10-23,993.9
2014-10-24,989.9
2014-10-25,989.5
2014-10-26,990.1
2014-10-27,987.8
2014-10-28,983.2
2014-10-29,984.9
2014-10-30,987.8
2014-10-31,988
2014-11-01,993.2
2014-11-02,988.5
2014-11-03,976.3
2014-11-04,976
2014-11-05,985.2
2014-11-06,983
2014-11-07,985
2014-11-08,980.2
2014-11-09,982.9
2014-11-10,976
2014-11-11,968.7
2014-11-12,975.7
2014-11-13,971.6
2014-11-14,973
2014-11-15,977.8
2014-11-16,982
2014-11-17,982.2
2014-11-18,977.8
2014-11-19,981.2
2014-11-20,981.8
2014-11-21,983.1
2014-11-22,982.2
2014-11-23,984.1
2014-11-24,989.3
2014-11-25,988.4
2014-11-26,981.1
2014-11-27,962.7
2014-11-29,970.7
2014-11-30,978.5
2014-12-01,984.2
2014-12-02,987.3
2014-12-03,986
2014-12-04,985.9
2014-12-05,994.3
2014-12-06,1001.3
2014-12-07,1002.4
2014-12-08,1003
2014-12-09,1004.9
2014-12-10,1004
2014-12-11,1000
2014-12-12,983.7
2014-12-13,979.5
2014-12-14,987.4
2014-12-15,992.8
2014-12-16,994.2
2014-12-17,999.4
2014-12-18,1000.8
2014-12-19,1002.7
2014-12-20,1004.1
2014-12-21,1002.3
2014-12-22,998.9
2014-12-23,997.3
2014-12-24,999.5
2014-12-25,1004.5
2014-12-26,1003.8
2014-12-27,998
2014-12-28,995.5
2014-12-29,1004.7
2014-12-30,1004.1
2014-12-31,1003.1
2015-01-01,1005.3
2015-01-02,1007.7
2015-01-03,1007.8
2015-01-04,1003.8
2015-01-05,998.2
2015-01-06,997.4
2015-01-07,1000.8
2015-01-08,1007.8
2015-01-09,1011.6
2015-01-10,1005.7
2015-01-11,1003.4
2015-01-12,997.7
2015-01-13,992
2015-01-14,992.2
2015-01-15,980.2
2015-01-16,986.8
2015-01-17,989.5
2015-01-18,981.7
2015-01-19,988
2015-01-20,983.1
2015-01-21,984.9
2015-01-22,991
2015-01-23,996.6
2015-01-24,1000.7
2015-01-25,1001.9
2015-01-26,1002.5
2015-01-27,1002.4
2015-01-28,998
2015-01-29,986.2
2015-01-30,974.8
2015-01-31,978
2015-02-01,988.5
2015-02-02,978.5
2015-02-03,977.5
2015-02-04,987
2015-02-05,992.8
2015-02-06,987.9
2015-02-07,990.9
2015-02-08,996.5
2015-02-09,992.2
2015-02-10,990.5
2015-02-11,989
2015-02-12,988.4
2015-02-13,988.9
2015-02-14,985.4
2015-02-15,987.4
2015-02-16,994.8
2015-02-17,1005
2015-02-18,1003.5
2015-02-19,999
2015-02-20,988.4
2015-02-21,987.4
2015-02-22,989.3
2015-02-23,988.4
2015-02-24,999.9
2015-02-25,1003.6
2015-02-26,999.4
2015-02-27,998.7
2015-02-28,995.3
2015-03-01,993.1
2015-03-02,994.1
2015-03-03,995.5
2015-03-04,1005.1
2015-03-05,1002.4
2015-03-06,998.9
2015-03-07,998
2015-03-08,996.2
2015-03-09,995.2
2015-03-10,995.7
2015-03-11,996.5
2015-03-12,994.7
2015-03-13,998.9
2015-03-14,997.2
2015-03-15,991.4
2015-03-16,985.6
2015-03-17,984.4
2015-03-18,988.5
2015-03-19,987.9
2015-03-20,985.1
2015-03-21,982.7
2015-03-22,983.7
2015-03-23,981.7
2015-03-24,985.3
2015-03-25,988.9
2015-03-26,992.4
2015-03-27,1000.5
2015-03-28,1001.8
2015-03-29,1000.7
2015-03-30,1001.6
2015-03-31,1003
2015-04-01,1000.5
2015-04-02,994.9
2015-04-03,991.3
2015-04-04,985.7
2015-04-05,980.7
2015-04-06,984.5
2015-04-07,988.8
2015-04-08,990.8
2015-04-09,991.3
2015-04-10,991.4
2015-04-11,995.2
2015-04-12,993.2
2015-04-13,993
2015-04-14,987.5
2015-04-15,984.6
2015-04-16,985.6
2015-04-17,987
2015-04-18,984.7
2015-04-19,988.7
2015-04-20,989.3
2015-04-21,987.3
2015-04-22,988.8
2015-04-23,988.6
2015-04-24,984.1
2015-04-25,979.6
2015-04-26,977.8
2015-04-27,986.6
2015-04-28,990.2
2015-04-29,990.8
2015-04-30,988
2015-05-01,984.7
2015-05-02,980.2
2015-05-03,978.5
2015-05-04,969.9
2015-05-05,984.2
2015-05-06,989.1
2015-05-07,983.3
2015-05-08,989.6
2015-05-09,994.9
2015-05-10,991.3
2015-05-11,990.2
2015-05-12,989.8
2015-05-13,991.1
2015-05-14,993.9
2015-05-15,999.2
2015-05-16,999.7
2015-05-17,993.3
2015-05-18,988.4
2015-05-19,992.1
2015-05-20,996.5
2015-05-21,999.5
2015-05-22,996.8
2015-05-23,992.2
2015-05-24,990
2015-05-25,991.9
2015-05-26,992.6
2015-05-27,990.4
2015-05-28,988.4
2015-05-29,988.6
2015-05-30,990.4
2015-05-31,990.6
2015-06-01,990.6
2015-06-02,990.9
2015-06-03,990.8
2015-06-04,988.5
2015-06-05,990.9
2015-06-06,991.5
2015-06-07,988.9
2015-06-08,988
2015-06-09,986.3
2015-06-10,982.9
2015-06-11,982.3
2015-06-12,983
2015-06-13,981.8
2015-06-14,983.5
2015-06-15,990.5
2015-06-16,995.2
2015-06-17,994.3
2015-06-18,992.6
2015-06-19,991.1
2015-06-20,989
2015-06-21,987.1
2015-06-22,986.6
2015-06-23,988.4
2015-06-24,989.9
2015-06-25,991.7
2015-06-26,993.2
2015-06-27,991.8
2015-06-28,991.8
2015-06-29,987.5
2015-06-30,984.7
2015-07-01,985.7
2015-07-02,991
2015-07-03,989.2
2015-07-04,992
2015-07-05,992
2015-07-06,989.2
2015-07-07,991
2015-07-08,991.6
2015-07-09,986.8
2015-07-10,990.3
2015-07-11,994
2015-07-12,993
2015-07-13,991.9
2015-07-14,990.3
2015-07-15,987.3
2015-07-16,987.5
2015-07-17,988
2015-07-18,988.3
2015-07-19,988.8
2015-07-20,988
2015-07-21,988.4
2015-07-22,991.4
2015-07-23,987.9
2015-07-24,987.2
2015-07-25,990.3
2015-07-26,988
2015-07-27,989.3
2015-07-28,987.8
2015-07-29,986.3
2015-07-30,984.1
2015-07-31,983.3
2015-08-01,985.4
2015-08-02,984.9
2015-08-03,987.7
2015-08-04,988.7
2015-08-05,986.2
2015-08-06,987
2015-08-07,991.6
2015-08-08,994.5
2015-08-09,990.7
2015-08-10,986.4
2015-08-11,984.9
2015-08-12,987.1
2015-08-13,991.8
2015-08-14,991.7
2015-08-15,987.6
2015-08-16,985.6
2015-08-17,986.7
2015-08-18,987.8
2015-08-19,989.5
2015-08-20,990.6
2015-08-21,989.7
2015-08-22,985
2015-08-23,979.3
2015-08-24,986.3
2015-08-25,988.4
2015-08-26,984.2
2015-08-27,982.5
2015-08-28,986.4
2015-08-29,986.1
2015-08-30,983.1
2015-08-31,987.1
2015-09-01,989.8
2015-09-02,987.7
2015-09-03,989.3
2015-09-04,988.9
2015-09-05,990.3
2015-09-06,990.8
2015-09-07,990.1
2015-09-08,987.6
2015-09-09,986.2
2015-09-10,987.2
2015-09-11,984.6
2015-09-12,984
2015-09-13,979.9
2015-09-14,985.2
2015-09-15,969.9
2015-09-16,969.1
2015-09-17,985.2
2015-09-18,992.6
2015-09-19,993.8
2015-09-20,992
2015-09-21,990.6
2015-09-22,990.6
2015-09-23,990.6
2015-09-24,989.5
2015-09-25,988.7
2015-09-26,988.4
2015-09-27,989.9
2015-09-28,988.8
2015-09-29,986.4
2015-09-30,986.8
2015-10-01,992.8
2015-10-02,989
2015-10-03,985.5
2015-10-04,978.2
2015-10-05,975.5
2015-10-06,984.5
2015-10-07,990.9
2015-10-08,988.3
2015-10-09,982
2015-10-10,976.1
2015-10-11,974.7
2015-10-12,982.3
2015-10-13,986.8
2015-10-14,986.1
2015-10-15,985
2015-10-16,983.3
2015-10-17,976.3
2015-10-18,980.1
2015-10-19,982
2015-10-20,990.6
2015-10-21,992.5
2015-10-22,992.8
2015-10-23,988.3
2015-10-24,989.4
2015-10-25,988
2015-10-26,978.3
2015-10-27,978.6
2015-10-28,981.8
2015-10-29,983.6
2015-10-30,982.2
2015-10-31,984.5
2015-11-01,988.3
2015-11-02,979.6
2015-11-03,983.2
2015-11-04,986
2015-11-05,988.9
2015-11-06,993.4
2015-11-07,994.4
2015-11-08,994.8
2015-11-09,1001.1
2015-11-10,998.6
2015-11-11,996.2
2015-11-12,995.7
2015-11-13,1001.2
2015-11-14,1000.3
2015-11-15,995.2
2015-11-16,994.5
2015-11-17,996
2015-11-18,998.4
2015-11-19,1000.9
2015-11-20,999.3
2015-11-21,994.5
2015-11-22,989.4
2015-11-23,995.6
2015-11-24,1000.1
2015-11-25,1001.4
2015-11-26,998.2
2015-11-27,993.2
2015-11-28,998.1
2015-11-29,1002.7
2015-11-30,1003.5
2015-12-01,999.7
2015-12-02,997.3
2015-12-03,995.3
2015-12-04,1002.8
2015-12-05,999.1
2015-12-06,995.2
2015-12-07,993.2
2015-12-08,1001.7
2015-12-09,1004.3
2015-12-10,1002.1
2015-12-11,1000.4
2015-12-12,993.7
2015-12-13,985.1
2015-12-14,982.8
2015-12-15,989.8
2015-12-16,995.3
2015-12-17,992.3
2015-12-18,992.7
2015-12-19,985.5
2015-12-20,991.5
2015-12-21,999.3
2015-12-22,998.5
2015-12-23,996.8
2015-12-24,993.8
2015-12-25,996.4
2015-12-26,995.6
2015-12-27,990.3
2015-12-28,984
2015-12-29,995.2
2015-12-30,988.7
2015-12-31,993
2016-01-01,983.6
2016-01-02,989.3
2016-01-03,978.9
2016-01-04,975.7
2016-01-05,980.2
2016-01-06,981
2016-01-07,977.3
2016-01-08,974.9
2016-01-09,972.7
2016-01-10,969.5
2016-01-11,979.9
2016-01-12,992.5
2016-01-13,988.8
2016-01-14,989.5
2016-01-15,999.8
2016-01-16,1000.8
2016-01-17,992.6
2016-01-18,988.6
2016-01-19,986.1
2016-01-20,984.7
2016-01-21,988.4
2016-01-22,995.6
2016-01-23,999.8
2016-01-24,994.5
2016-01-25,996.2
2016-01-26,1000.1
2016-01-27,994.9
2016-01-28,1000.2
2016-01-29,1004.8
2016-01-30,1003
2016-01-31,1004.3
2016-02-01,1003.5
2016-02-02,1000.9
2016-02-03,1005.7
2016-02-04,1003.6
2016-02-05,994.6
2016-02-06,982
2016-02-07,989
2016-02-08,990.8
2016-02-09,986
2016-02-10,983.2
2016-02-11,982.9
2016-02-12,978.5
2016-02-13,976.4
2016-02-14,979
2016-02-15,995.5
2016-02-16,1001.3
2016-02-17,990.7
2016-02-18,992.8
2016-02-19,997.9
2016-02-20,999.3
2016-02-21,993.7
2016-02-22,993
2016-02-23,996.1
2016-02-24,986.2
2016-02-25,989.5
2016-02-26,976.3
2016-02-27,976.6
2016-02-28,986
2016-02-29,996.8
2016-03-01,1000.1
2016-03-02,998
2016-03-03,994
2016-03-04,980
2016-03-05,984.4
2016-03-06,988
2016-03-07,986.3
2016-03-08,994
2016-03-09,990.9
2016-03-10,993.9
2016-03-11,995.1
2016-03-12,993.6
2016-03-13,990.5
2016-03-14,985.8
2016-03-15,988.2
2016-03-16,990.6
2016-03-17,988.5
2016-03-18,983.5
2016-03-19,981.4
2016-03-20,984.2
2016-03-21,984.3
2016-03-22,982.2
2016-03-23,984.8
2016-03-24,990.5
2016-03-25,992.6
2016-03-26,986.1
2016-03-27,985.8
2016-03-28,983.1
2016-03-29,982.3
2016-03-30,980.5
2016-03-31,990.4
2016-04-01,989
2016-04-02,977.4
2016-04-03,975.7
2016-04-04,975
2016-04-05,986.1
2016-04-06,990.9
2016-04-07,993.3
2016-04-08,991.8
2016-04-09,983
2016-04-10,968.3
2016-04-11,972.8
2016-04-12,974.2
2016-04-13,977.5
2016-04-14,977.4
2016-04-15,977
2016-04-16,977.4
2016-04-17,985
2016-04-18,985.4
2016-04-19,980.2
2016-04-20,983
2016-04-21,988
2016-04-22,990
2016-04-23,988.8
2016-04-24,990.3
2016-04-25,987.4
2016-04-26,984.7
2016-04-27,983
2016-04-28,986.3
2016-04-29,988.4
2016-04-30,996.4
2016-05-01,998.3
2016-05-02,994.3
2016-05-03,991
2016-05-04,985.3
2016-05-05,981.9
2016-05-06,976.6
2016-05-07,969.8
2016-05-08,962.1
2016-05-09,969.2
2016-05-10,972.7
2016-05-11,974.2
2016-05-12,978.3
2016-05-13,985.4
2016-05-14,991.5
2016-05-15,994.1
2016-05-16,993.2
2016-05-17,989.3
2016-05-18,990.3
2016-05-19,993.5
2016-05-20,989.8
2016-05-21,984.1
2016-05-22,990.8
2016-05-23,990.7
2016-05-24,980.2
2016-05-25,981
2016-05-26,982.6
2016-05-27,983.4
2016-05-28,982.3
2016-05-29,986.9
2016-05-30,991.1
2016-05-31,993.7
2016-06-01,991.1
2016-06-02,984.6
2016-06-03,982.6
2016-06-04,986.5
2016-06-05,987.4
2016-06-06,988.9
2016-06-07,991.4
2016-06-08,990.5
2016-06-09,987.9
2016-06-10,987.7
2016-06-11,988.4
2016-06-12,989.5
2016-06-13,989.1
2016-06-14,982.6
2016-06-15,976
2016-06-16,982.3
2016-06-17,990.6
2016-06-18,998
2016-06-19,998.9
2016-06-20,994.4
2016-06-21,989.5
2016-06-22,986.4
2016-06-23,989.9
2016-06-24,992.5
2016-06-25,991.6
2016-06-26,992.1
2016-06-27,993.2
2016-06-28,991
2016-06-29,989.1
2016-06-30,989.7
2016-07-01,991.7
2016-07-02,993.9
2016-07-03,991.2
2016-07-04,988.1
2016-07-05,989.8
2016-07-06,988.6
2016-07-07,988.7
2016-07-08,993.2
2016-07-09,990.8
2016-07-10,989.1
2016-07-11,990
2016-07-12,992.7
2016-07-13,995.3
2016-07-14,993.8
2016-07-15,990.6
2016-07-16,988
2016-07-17,986.3
2016-07-18,984.8
2016-07-19,986.1
2016-07-20,989.3
2016-07-21,989.4
2016-07-22,991.8
2016-07-23,993.5
2016-07-24,990.9
2016-07-25,990.4
2016-07-26,991
2016-07-27,992
2016-07-28,989.4
2016-07-29,986.5
2016-07-30,986.9
2016-07-31,991.5
2016-08-01,992.5
2016-08-02,991.5
2016-08-03,989.6
2016-08-04,989.7
2016-08-05,994.2
2016-08-06,994.4
2016-08-07,994.4
2016-08-08,994.1
2016-08-09,993.3
2016-08-10,993.1
2016-08-11,992.8
2016-08-12,991.8
2016-08-13,991
2016-08-14,988.6
2016-08-15,987.2
2016-08-16,987.1
2016-08-17,987.2
2016-08-18,985.2
2016-08-19,984.7
2016-08-20,992.1
2016-08-21,993.7
2016-08-22,990.5
2016-08-23,990.4
2016-08-24,986.8
2016-08-25,985.5
2016-08-26,985.8
2016-08-27,988.5
2016-08-28,993.7
2016-08-29,994.1
2016-08-30,989.7
2016-08-31,991.7
2016-09-01,991.6
2016-09-02,990.8
2016-09-03,989.3
2016-09-04,991.2
2016-09-05,992.9
2016-09-06,987.3
2016-09-07,986.8
2016-09-08,990.7
2016-09-09,989.7
2016-09-10,989.5
2016-09-11,986.8
2016-09-12,982.2
2016-09-13,983
2016-09-14,986.7
2016-09-15,987.3
2016-09-16,995
2016-09-17,995
2016-09-18,993.1
2016-09-19,991.1
2016-09-20,987.8
2016-09-21,988
2016-09-22,990.9
2016-09-23,993.4
2016-09-24,989.6
2016-09-25,993.3
2016-09-26,993.9
2016-09-27,998.4
2016-09-28,996.1
2016-09-29,992.3
2016-09-30,987.3
2016-10-01,987.2
2016-10-02,987.9
2016-10-03,989.1
2016-10-04,993.2
2016-10-05,989.4
2016-10-06,983.5
2016-10-07,986.4
2016-10-08,990.3
2016-10-09,990
2016-10-10,988.5
2016-10-11,981.4
2016-10-12,973.3
2016-10-13,975
2016-10-14,978.8
2016-10-15,980.4
2016-10-16,986
2016-10-17,992.5
2016-10-18,994.8
2016-10-19,990.5
2016-10-20,985.5
2016-10-21,981.4
2016-10-22,973.3
2016-10-23,969.5
2016-10-24,978.5
2016-10-25,986.5
2016-10-26,994.2
2016-10-27,995.6
2016-10-28,996.8
2016-10-29,995.4
2016-10-30,990.9
2016-10-31,988.7
2016-11-01,989.9
2016-11-02,989.4
2016-11-03,986.5
2016-11-04,983.8
2016-11-05,982.8
2016-11-06,986.5
2016-11-07,988.9
2016-11-08,991.5
2016-11-09,993.4
2016-11-10,996.2
2016-11-11,995.6
2016-11-12,993.3
2016-11-13,997.5
2016-11-14,998.7
2016-11-15,999.1
2016-11-16,996.5
2016-11-17,990.5
2016-11-18,987.2
2016-11-19,982.1
2016-11-20,969.2
2016-11-21,969.7
2016-11-22,978.3
2016-11-23,981.3
2016-11-24,974.9
2016-11-25,976.1
2016-11-26,975.9
2016-11-27,979.6
2016-11-28,983.8
2016-11-29,988.8
2016-11-30,992
2016-12-01,992.2
2016-12-02,987.4
2016-12-03,977
2016-12-04,977.9
2016-12-05,987.8
2016-12-06,994.8
2016-12-07,996.7
2016-12-08,997.5
2016-12-09,996.9
2016-12-10,995
2016-12-11,995.9
2016-12-12,994.3
2016-12-13,989.7
2016-12-14,988.3
2016-12-15,987.6
2016-12-16,991.8
2016-12-17,1001.1
2016-12-18,997.3
2016-12-19,991.6
2016-12-20,994.1
2016-12-21,999.7
2016-12-22,1003.4
2016-12-23,1006.6
2016-12-24,1007.6
2016-12-25,1003.7
2016-12-26,1001.5
2016-12-27,1000.9
2016-12-28,1002.7
2016-12-29,1002.7
2016-12-30,1002.1
2016-12-31,999.3
2017-01-01,991.8
2017-01-02,985.2
2017-01-03,991.9
2017-01-04,996.4
2017-01-05,996.8
2017-01-06,997.4
2017-01-07,999
2017-01-08,999.5
2017-01-09,998.4
2017-01-10,996.2
2017-01-11,997.4
2017-01-12,995
2017-01-13,998.8
2017-01-14,1002.1
2017-01-15,1003.3
2017-01-16,1000.7
2017-01-17,995.5
2017-01-18,993.6
2017-01-19,991.9
2017-01-20,990.1
2017-01-21,990.4
2017-01-22,991.8
2017-01-23,994.1
2017-01-24,995.3
2017-01-25,989.6
2017-01-26,976.5
2017-01-27,977.9
2017-01-28,990.1
2017-01-29,988.7
2017-01-30,985.9
2017-01-31,982.1
2017-02-01,980.8
2017-02-02,975
2017-02-03,974.7
2017-02-04,977.6
2017-02-05,990.6
2017-02-06,994
2017-02-07,997.3
2017-02-08,999.5
2017-02-09,983
2017-02-10,978.6
2017-02-11,980.5
2017-02-12,967.6
2017-02-13,973.2
2017-02-14,986.1
2017-02-15,996.8
2017-02-16,998.6
2017-02-17,996.4
2017-02-18,992.4
2017-02-19,996.2
2017-02-20,996.3
2017-02-21,993.3
2017-02-22,989.3
2017-02-23,987.6
2017-02-24,989.3
2017-02-25,990.3
2017-02-26,990.4
2017-02-27,984.4
2017-02-28,985.7
2017-03-01,987.9
2017-03-02,985.2
2017-03-03,973.1
2017-03-04,977.4
2017-03-05,986
2017-03-06,995.5
2017-03-07,999
2017-03-08,997.2
2017-03-09,994
2017-03-10,990
2017-03-11,991.5
2017-03-12,997.1
2017-03-13,1000.1
2017-03-14,998.7
2017-03-15,992.9
2017-03-16,989.4
2017-03-17,991.8
2017-03-18,992.7
2017-03-19,990.8
2017-03-20,989.2
2017-03-21,989.7
2017-03-22,982.3
2017-03-23,981.4
2017-03-24,983.7
2017-03-25,982.6
2017-03-26,977.2
2017-03-27,984.5
2017-03-28,993.4
2017-03-29,993.3
2017-03-30,988.6
2017-03-31,989.3
2017-04-01,994.4
2017-04-02,994
2017-04-03,994.2
2017-04-04,996.4
2017-04-05,993.9
2017-04-06,991.2
2017-04-07,987.7
2017-04-08,988
2017-04-09,989.2
2017-04-10,992.4
2017-04-11,992.2
2017-04-12,989.5
2017-04-13,989
2017-04-14,991.5
2017-04-15,993
2017-04-16,990.1
2017-04-17,988.5
2017-04-18,987.3
2017-04-19,986
2017-04-20,986.9
2017-04-21,989.6
2017-04-22,989.7
2017-04-23,986.5
2017-04-24,984
2017-04-25,982.8
2017-04-26,985.9
2017-04-27,988
2017-04-28,984.9
2017-04-29,978.5
2017-04-30,980
2017-05-01,991.2
2017-05-02,989.4
2017-05-03,983.3
2017-05-04,976.4
2017-05-05,975.8
2017-05-06,986.1
2017-05-07,989.9
2017-05-08,985.7
2017-05-09,977
2017-05-10,969.2
2017-05-11,965.5
2017-05-12,974.3
2017-05-13,984.4
2017-05-14,992.3
2017-05-15,995.7
2017-05-16,994.2
2017-05-17,990.8
2017-05-18,992.1
2017-05-19,994.1
2017-05-20,991.6
2017-05-21,983.4
2017-05-22,988.8
2017-05-23,988.7
2017-05-24,985.9
2017-05-25,983.9
2017-05-26,983.4
2017-05-27,984
2017-05-28,984.9
2017-05-29,986.5
2017-05-30,989
2017-05-31,989.1
2017-06-01,989.3
2017-06-02,990
2017-06-03,991.8
2017-06-04,992
2017-06-05,988.3
2017-06-06,990.7
2017-06-07,989.9
2017-06-08,985.5
2017-06-09,987.8
2017-06-10,988.9
2017-06-11,990.5
2017-06-12,986.8
2017-06-13,983.9
2017-06-14,986.1
2017-06-15,991
2017-06-16,989.8
2017-06-17,987.1
2017-06-18,983.7
2017-06-19,984.8
2017-06-20,986
2017-06-21,986.2
2017-06-22,990.4
2017-06-23,994.1
2017-06-24,992.9
2017-06-25,985.7
2017-06-26,983.2
2017-06-27,982.2
2017-06-28,982.5
2017-06-29,986.5
2017-06-30,993.4
2017-07-01,998
2017-07-02,995.9
2017-07-03,990.3
2017-07-04,983.8
2017-07-05,985.2
2017-07-06,986
2017-07-07,988.8
2017-07-08,988.9
2017-07-09,987.8
2017-07-10,988.5
2017-07-11,988.8
2017-07-12,991.3
2017-07-13,992.1
2017-07-14,990.5
2017-07-15,989
2017-07-16,987.3
2017-07-17,984.2
2017-07-18,982.8
2017-07-19,985.7
2017-07-20,988.9
2017-07-21,986.5
2017-07-22,988.7
2017-07-23,993.5
2017-07-24,995.3
2017-07-25,992
2017-07-26,988.5
2017-07-27,988.1
2017-07-28,989.2
2017-07-29,987.7
2017-07-30,986.8
2017-07-31,984.9
2017-08-01,988.2
2017-08-02,990.4
2017-08-03,990.2
2017-08-04,989.5
2017-08-05,992
2017-08-06,990.1
2017-08-07,988.4
2017-08-08,991.9
2017-08-09,994.5
2017-08-10,996.8
2017-08-11,993.8
2017-08-12,991.7
2017-08-13,986.7
2017-08-14,985.5
2017-08-15,990.6
2017-08-16,992.9
2017-08-17,991.5
2017-08-18,991.3
2017-08-19,992.4
2017-08-20,990.1
2017-08-21,985.5
2017-08-22,988.1
2017-08-23,987.8
2017-08-24,987.5
2017-08-25,986.6
2017-08-26,983.5
2017-08-27,983
2017-08-28,984.5
2017-08-29,985.3
2017-08-30,987.5
2017-08-31,992.1
2017-09-01,994.4
2017-09-02,992.6
2017-09-03,987.4
2017-09-04,988.8
2017-09-05,994
2017-09-06,995.5
2017-09-07,992.1
2017-09-08,987.4
2017-09-09,986
2017-09-10,988.8
2017-09-11,988.5
2017-09-12,991.2
2017-09-13,993
2017-09-14,993.7
2017-09-15,991.1
2017-09-16,989.6
2017-09-17,990.1
2017-09-18,991.3
2017-09-19,994.2
2017-09-20,989.9
2017-09-21,989.8
2017-09-22,990.3
2017-09-23,988.8
2017-09-24,990.4
2017-09-25,993.4
2017-09-26,991.1
2017-09-27,989.7
2017-09-28,991.6
2017-09-29,992.9
2017-09-30,993.9
2017-10-01,995
2017-10-02,994.9
2017-10-03,992.8
2017-10-04,991.2
2017-10-05,992.6
2017-10-06,992.4
2017-10-07,990.8
2017-10-08,990.3
2017-10-09,990.4
2017-10-10,989.6
2017-10-11,991.9
2017-10-12,993.4
2017-10-13,994.5
2017-10-14,991.5
2017-10-15,987
2017-10-16,990.4
2017-10-17,985.6
2017-10-18,981.5
2017-10-19,982.4
2017-10-20,986.9
2017-10-21,996.5
2017-10-22,999.1
2017-10-23,995.7
2017-10-24,992.6
2017-10-25,991.5
2017-10-26,995.9
2017-10-27,1000.2
2017-10-28,997.6
2017-10-29,995.3
2017-10-30,991.8
2017-10-31,988.4
2017-11-01,985.8
2017-11-02,983.2
2017-11-03,980.7
2017-11-04,985.5
2017-11-05,997.9
2017-11-06,996.7
2017-11-07,994.2
2017-11-08,999.1
2017-11-09,1001.3
2017-11-10,1003.5
2017-11-11,1000.8
2017-11-12,996.1
2017-11-13,995.2
2017-11-14,991.5
2017-11-15,989.6
2017-11-16,991
2017-11-17,991.3
2017-11-18,990.9
2017-11-19,991.6
2017-11-20,991.9
2017-11-21,988.2
2017-11-22,977.5
2017-11-23,981.5
2017-11-24,986.3
2017-11-25,994.7
2017-11-26,999.1
2017-11-27,996.2
2017-11-28,988.5
2017-11-29,985.3
2017-11-30,992.1
2017-12-01,995.1
2017-12-02,998.6
2017-12-03,1001.3
2017-12-04,1004
2017-12-05,1003.9
2017-12-06,1001.2
2017-12-07,998.1
2017-12-08,997.7
2017-12-09,994.3
2017-12-10,973
2017-12-11,970
2017-12-12,988.9
2017-12-13,992.5
2017-12-14,988.8
2017-12-15,987.4
2017-12-16,996.2
2017-12-17,1002.3
2017-12-18,1003.9
2017-12-19,1002.4
2017-12-20,1003.6
2017-12-21,1006.7
2017-12-22,1008
2017-12-23,1003.9
2017-12-24,999.1
2017-12-25,989.2
2017-12-26,983.6
2017-12-27,983
2017-12-28,985.1
2017-12-29,990.4
2017-12-30,993.1
2017-12-31,991.2
2018-01-01,998.5
2018-01-02,999.1
2018-01-03,999.9
2018-01-04,992.4
2018-01-05,979.8
2018-01-06,976.7
2018-01-07,977.4
2018-01-08,981.8
2018-01-09,980.6
2018-01-10,985.5
2018-01-11,995.3
2018-01-12,992
2018-01-13,985.8
2018-01-14,990.7
2018-01-15,996
2018-01-16,997.7
2018-01-17,999.6
2018-01-18,995.7
2018-01-19,996.2
2018-01-20,998.4
2018-01-21,1000.7
2018-01-22,1000.1
2018-01-23,998.9
2018-01-24,993.2
2018-01-25,990.9
2018-01-26,999.9
2018-01-27,1004.7
2018-01-28,1004.8
2018-01-29,1003.3
2018-01-30,997.8
2018-01-31,993.9
2018-02-01,989.2
2018-02-02,990.9
2018-02-03,990.8
2018-02-04,986.5
2018-02-05,986.3
2018-02-06,988.2
2018-02-07,992.5
2018-02-08,993.1
2018-02-09,993.7
2018-02-10,996.5
2018-02-11,993.1
2018-02-12,993.9
2018-02-13,986
2018-02-14,985.3
2018-02-15,990.3
2018-02-16,992.2
2018-02-17,997.5
2018-02-18,996.7
2018-02-19,993.8
2018-02-20,993.2
2018-02-21,986.7
2018-02-22,981.4
2018-02-23,976.7
2018-02-24,976.6
2018-02-25,981
2018-02-26,977.1
2018-02-27,973.2
2018-03-03,962.7
2018-03-04,963.6
2018-03-05,963
2018-03-06,970.8
2018-03-07,976.9
2018-03-08,973.4
2018-03-09,968.7
2018-03-10,964.6
2018-03-11,964.8
2018-03-12,983.5
2018-03-13,981.6
2018-03-14,966.3
2018-03-15,968.2
2018-03-16,973.6
2018-03-17,972.6
2018-03-18,978.2
2018-03-19,983.1
2018-03-20,994.6
2018-03-21,1000.8
2018-03-22,995.5
2018-03-23,981.9
2018-03-24,979.2
2018-03-25,987.1
2018-03-26,996.5
2018-03-27,997.5
2018-03-28,989.5
2018-03-29,978.7
2018-03-30,972.7
2018-03-31,984.2
2018-04-01,979.3
2018-04-02,971.1
2018-04-03,969.6
2018-04-04,981
2018-04-05,983.6
2018-04-06,975.4
2018-04-07,975
2018-04-08,976.6
2018-04-09,978.6
2018-04-10,969.5
2018-04-11,976
2018-04-12,969.9
2018-04-13,978.5
2018-04-14,985.7
2018-04-15,985.7
2018-04-16,987.7
2018-04-17,991.4
2018-04-18,991
2018-04-19,990.1
2018-04-20,987
2018-04-21,985.6
2018-04-22,986.8
2018-04-23,988.7
2018-04-24,988.9
2018-04-25,993
2018-04-26,989.9
2018-04-27,987
2018-04-28,981.3
2018-04-29,979.7
2018-04-30,986.3
2018-05-01,987.1
2018-05-02,986.7
2018-05-03,991.3
2018-05-04,989.2
2018-05-05,987.3
2018-05-06,985.9
2018-05-07,986
2018-05-08,987.3
2018-05-09,986.8
2018-05-10,988.1
2018-05-11,987.4
2018-05-12,991.4
2018-05-13,994.5
2018-05-14,994
2018-05-15,992.8
2018-05-16,988.8
2018-05-17,986.3
2018-05-18,986.8
2018-05-19,987.3
2018-05-20,983.7
2018-05-21,982.2
2018-05-22,984.6
2018-05-23,985.8
2018-05-24,984.7
2018-05-25,984.1
2018-05-26,984.5
2018-05-27,986.6
2018-05-28,986.7
2018-05-29,985.4
2018-05-30,986.1
2018-05-31,988.7
2018-06-01,990.8
2018-06-02,988.8
2018-06-03,985.9
2018-06-04,984.1
2018-06-05,984.9
2018-06-06,986.9
2018-06-07,985.3
2018-06-08,982.7
2018-06-09,982.2
2018-06-10,982.1
2018-06-11,986.7
2018-06-12,991.3
2018-06-13,993.1
2018-06-14,990.7
2018-06-15,990.2
2018-06-16,991.4
2018-06-17,994.8
2018-06-18,994.4
2018-06-19,989.2
2018-06-20,988
2018-06-21,989.6
2018-06-22,988.8
2018-06-23,986.3
2018-06-24,985.5
2018-06-25,987.6
2018-06-26,989.7
2018-06-27,989.8
2018-06-28,985.3
2018-06-29,979.7
2018-06-30,978.5
2018-07-01,980.8
2018-07-02,984.5
2018-07-03,987.8
2018-07-04,989.3
2018-07-05,993.4
2018-07-06,991.7
2018-07-07,989.6
2018-07-08,990
2018-07-09,990.2
2018-07-10,988.5
2018-07-11,988.2
2018-07-12,987.1
2018-07-13,986.3
2018-07-14,987.9
2018-07-15,989.1
2018-07-16,992
2018-07-17,989
2018-07-18,985.8
2018-07-19,988.5
2018-07-20,990.4
2018-07-21,989.1
2018-07-22,986.7
2018-07-23,985.7
2018-07-24,987
2018-07-25,986
2018-07-26,986.3
2018-07-27,985.9
2018-07-28,987.2
2018-07-29,988
2018-07-30,988.3
2018-07-31,990.7
2018-08-01,988.5
2018-08-02,986.2
2018-08-03,988.2
2018-08-04,989.5
2018-08-05,987
2018-08-06,985.8
2018-08-07,987.3
2018-08-08,986.2
2018-08-09,992.7
2018-08-10,994.2
2018-08-11,991.5
2018-08-12,988
2018-08-13,989.2
2018-08-14,990
2018-08-15,987.2
2018-08-16,989.7
2018-08-17,992.3
2018-08-18,990.4
2018-08-19,990.7
2018-08-20,989.3
2018-08-21,986
2018-08-22,986.7
2018-08-23,990.3
2018-08-24,992.2
2018-08-25,990.4
2018-08-26,987.2
2018-08-27,985
2018-08-28,986
2018-08-29,992.6
2018-08-30,991.9
2018-08-31,989.8
2018-09-01,986.8
2018-09-02,984
2018-09-03,983.1
2018-09-04,984.4
2018-09-05,986.6
2018-09-06,988.2
2018-09-07,986.1
2018-09-08,986.2
2018-09-09,991.3
2018-09-10,993.6
2018-09-11,991.7
2018-09-12,992.2
2018-09-13,991.6
2018-09-14,990
2018-09-15,989.6
2018-09-16,990.4
2018-09-17,986.4
2018-09-18,988.4
2018-09-19,992
2018-09-20,990.9
2018-09-21,991.9
2018-09-22,993.9
2018-09-23,995.7
2018-09-24,995.2
2018-09-25,992.1
2018-09-26,992.8
2018-09-27,995.4
2018-09-28,991.3
2018-09-29,987.3
2018-09-30,990
2018-10-01,994.3
2018-10-02,994
2018-10-03,992.6
2018-10-04,989.1
2018-10-05,986.6
2018-10-06,990.2
2018-10-07,993
2018-10-08,987.7
2018-10-09,980.7
2018-10-10,973.8
2018-10-11,978.1
2018-10-12,984.6
2018-10-13,981.6
2018-10-14,981.4
2018-10-15,976.6
2018-10-16,987
2018-10-17,986.6
2018-10-18,985.9
2018-10-19,988.4
2018-10-20,990.8
2018-10-21,990.9
2018-10-22,994.6
2018-10-23,996.3
2018-10-24,995.5
2018-10-25,989
2018-10-26,986.4
2018-10-27,986
2018-10-28,982.6
2018-10-29,977.7
2018-10-30,970.3
2018-10-31,975.9
2018-11-01,986.5
2018-11-02,994
2018-11-03,993.1
2018-11-04,977.2
2018-11-05,974.5
2018-11-06,974.5
2018-11-07,981.5
2018-11-08,980.9
2018-11-09,982.2
2018-11-10,977.4
2018-11-11,977.7
2018-11-12,987
2018-11-13,994.1
2018-11-14,988.5
2018-11-15,986.1
2018-11-16,985.5
2018-11-17,980.1
2018-11-18,973.4
2018-11-19,973
2018-11-20,971.4
2018-11-21,975.9
2018-11-22,979.5
2018-11-23,981.6
2018-11-24,979.4
2018-11-25,979.3
2018-11-26,988.4
2018-11-27,990.8
2018-11-28,987.9
2018-11-29,985
2018-11-30,991.6
2018-12-01,990.9
2018-12-02,990.1
2018-12-03,990.7
2018-12-04,991.3
2018-12-05,994.5
2018-12-06,999.7
2018-12-07,999
2018-12-08,1001.4
2018-12-09,1002.3
2018-12-10,997.5
2018-12-11,992.3
2018-12-12,987
2018-12-13,984.2
2018-12-14,992.7
2018-12-15,988.8
2018-12-16,989.9
2018-12-17,993.8
2018-12-18,984.3
2018-12-19,990.1
2018-12-20,993.8
2018-12-21,996.4
2018-12-22,999.1
2018-12-23,997.8
2018-12-24,998.1
2018-12-25,995.9
2018-12-26,996.2
2018-12-27,996.5
2018-12-28,1000.5
2018-12-29,1000.5
2018-12-30,999.7
2018-12-31,1000.2
2019-01-01,1001.8
2019-01-02,1000.9
2019-01-03,997.5
2019-01-04,1000.3
2019-01-05,1003.8
2019-01-06,1002.5
2019-01-07,1002
2019-01-08,1000.9
2019-01-09,996.6
2019-01-10,993.5
2019-01-11,998.5
2019-01-12,1001.9
2019-01-13,1000.7
2019-01-14,995.3
2019-01-15,989.8
2019-01-16,988.1
2019-01-17,992.3
2019-01-18,989.3
2019-01-19,980.8
2019-01-20,990.2
2019-01-21,995.2
2019-01-22,990.4
2019-01-23,987.2
2019-01-24,989.8
2019-01-25,993.5
2019-01-26,990.9
2019-01-27,992.4
2019-01-28,992.8
2019-01-29,987
2019-01-30,978.8
2019-01-31,967.4
2019-02-01,963.8
2019-02-02,988.6
2019-02-03,998.7
2019-02-04,998.9
2019-02-05,998.7
2019-02-06,994.9
2019-02-07,994.8
2019-02-08,990.7
2019-02-09,988.2
2019-02-10,991.1
2019-02-11,1000.3
2019-02-12,999.8
2019-02-13,998
2019-02-14,994.2
2019-02-15,994.9
2019-02-16,992.3
2019-02-17,988.8
2019-02-18,989.9
2019-02-19,990.8
2019-02-20,991.3
2019-02-21,993.7
2019-02-22,996.7
2019-02-23,999.4
2019-02-24,999.1
2019-02-25,999
2019-02-26,994.6
2019-02-27,996.7
2019-02-28,1000.5
2019-03-01,997.3
2019-03-02,996.2
2019-03-03,987.5
2019-03-04,988.7
2019-03-05,978.3
2019-03-06,972.3
2019-03-07,983.1
2019-03-08,995.1
2019-03-09,1001.2
2019-03-10,1002.3
2019-03-11,1001.2
2019-03-12,997.7
2019-03-13,1003.3
2019-03-14,1003.2
2019-03-15,998.1
2019-03-16,990.7
2019-03-17,993.8
2019-03-18,999
2019-03-19,999.3
2019-03-20,998.5
2019-03-21,996.2
2019-03-22,995.9
2019-03-23,994.5
2019-03-24,993.7
2019-03-25,992.7
2019-03-26,990.2
2019-03-27,993.7
2019-03-28,994.8
2019-03-29,991
2019-03-30,987.7
2019-03-31,983.3
2019-04-01,984
2019-04-02,988.2
2019-04-03,983.7
2019-04-04,972.6
2019-04-05,968.2
2019-04-06,971.2
2019-04-07,978
2019-04-08,980.3
2019-04-09,981.8
2019-04-10,988.7
2019-04-11,991.7
2019-04-12,989.9
2019-04-13,988.5
2019-04-14,985.5
2019-04-15,982.5
2019-04-16,984.6
2019-04-17,977.1
2019-04-18,983.1
2019-04-19,988.4
2019-04-20,990.1
2019-04-21,983.9
2019-04-22,970.7
2019-04-23,966.8
2019-04-24,966.5
2019-04-25,977.8
2019-04-26,995.5
2019-04-27,998.4
2019-04-28,992.4
2019-04-29,988.8
2019-04-30,989.2
2019-05-01,988.2
2019-05-02,988
2019-05-03,986.5
2019-05-04,986.4
2019-05-05,986.8
2019-05-06,988.6
2019-05-07,983.3
2019-05-08,980.1
2019-05-09,980.4
2019-05-10,985.3
2019-05-11,994.4
2019-05-12,992.8
2019-05-13,989.7
2019-05-14,985.8
2019-05-15,985
2019-05-16,984.5
2019-05-17,986.2
2019-05-18,985.9
2019-05-19,986.2
2019-05-20,985.5
2019-05-21,987
2019-05-22,988.1
2019-05-23,990.8
2019-05-24,992.7
2019-05-25,994.2
2019-05-26,993
2019-05-27,990.3
2019-05-28,992.8
2019-05-29,994.3
2019-05-30,993.2
2019-05-31,990.6
2019-06-01,989
2019-06-02,988.4
2019-06-03,986.7
2019-06-04,982.9
2019-06-05,985.8
2019-06-06,977.4
2019-06-07,988.4
2019-06-08,992.6
2019-06-09,991
2019-06-10,991
2019-06-11,990.2
2019-06-12,986.5
2019-06-13,983.5
2019-06-14,985.8
2019-06-15,991.3
2019-06-16,989.7
2019-06-17,986
2019-06-18,981.1
2019-06-19,985.6
2019-06-20,987.7
2019-06-21,988.8
2019-06-22,983.7
2019-06-23,982.6
2019-06-24,984.9
2019-06-25,986.9
2019-06-26,986.5
2019-06-27,988
2019-06-28,988.8
2019-06-29,988.3
2019-06-30,990.3
2019-07-01,991.5
2019-07-02,987.8
2019-07-03,983.8
2019-07-04,985.5
2019-07-05,987.5
2019-07-06,986.5
2019-07-07,986.4
2019-07-08,986.2
2019-07-09,988.6
2019-07-10,987
2019-07-11,986.9
2019-07-12,986.6
2019-07-13,986.1
2019-07-14,986.7
2019-07-15,987.5
2019-07-16,987.5
2019-07-17,989.1
2019-07-18,989.6
2019-07-19,986.4
2019-07-20,988.8
2019-07-21,991.8
2019-07-22,988.6
2019-07-23,986.7
2019-07-24,985.1
2019-07-25,984.8
2019-07-26,987
2019-07-27,983
2019-07-28,983.5
2019-07-29,986.3
2019-07-30,991.9
2019-07-31,988.6
2019-08-01,986.5
2019-08-02,987.9
2019-08-03,987.1
2019-08-04,987.9
2019-08-05,987.5
2019-08-06,985.5
2019-08-07,982.7
2019-08-08,979.9
2019-08-09,984.5
2019-08-10,991.1
2019-08-11,991.6
2019-08-12,994.3
2019-08-13,992.8
2019-08-14,992.4
2019-08-15,992.5
2019-08-16,989.9
2019-08-17,986.6
2019-08-18,987.2
2019-08-19,991
2019-08-20,992
2019-08-21,990.8
2019-08-22,989.3
2019-08-23,987.8
2019-08-24,989.1
2019-08-25,986.7
2019-08-26,985.6
2019-08-27,987.8
2019-08-28,989.1
2019-08-29,990.5
2019-08-30,989.8
2019-08-31,989.3
2019-09-01,990.4
2019-09-02,990.6
2019-09-03,990.8
2019-09-04,993.2
2019-09-05,995
2019-09-06,993
2019-09-07,992.4
2019-09-08,989.8
2019-09-09,990
2019-09-10,994.5
2019-09-11,997.2
2019-09-12,997.1
2019-09-13,994.6
2019-09-14,992.5
2019-09-15,990.2
2019-09-16,988.9
2019-09-17,987.1
2019-09-18,987.2
2019-09-19,986.9
2019-09-20,983.3
2019-09-21,977.7
2019-09-22,985.1
2019-09-23,987.9
2019-09-24,988.4
2019-09-25,990.9
2019-09-26,990.8
2019-09-27,991.6
2019-09-28,991.1
2019-09-29,988.8
2019-09-30,987.3
2019-10-01,987.9
2019-10-02,991.7
2019-10-03,990.9
2019-10-04,989.8
2019-10-05,990.1
2019-10-06,992.6
2019-10-07,991.7
2019-10-08,991.1
2019-10-09,993.7
2019-10-10,991.3
2019-10-11,986.8
2019-10-12,981.6
2019-10-13,980
2019-10-14,981.7
2019-10-15,987.4
2019-10-16,982.8
2019-10-17,985.4
2019-10-18,984.6
2019-10-19,977.3
2019-10-20,983.7
2019-10-21,988.7
2019-10-22,987.7
2019-10-23,983.5
2019-10-24,988.2
2019-10-25,989.8
2019-10-26,987.7
2019-10-27,987.5
2019-10-28,985.2
2019-10-29,987
2019-10-30,989.7
2019-10-31,992.6
2019-11-01,986.5
2019-11-02,978.1
2019-11-03,978.6
2019-11-04,977.6
2019-11-05,984.9
2019-11-06,986.1
2019-11-07,984.9
2019-11-08,990.5
2019-11-09,991.2
2019-11-10,992.1
2019-11-11,990.9
2019-11-12,984.5
2019-11-13,983.1
2019-11-14,976.8
2019-11-15,981.9
2019-11-16,986.5
2019-11-17,984.5
2019-11-18,988.8
2019-11-19,984.1
2019-11-20,975.9
2019-11-21,974.1
2019-11-23,977.3
2019-11-24,980.5
2019-11-25,981.5
2019-11-26,975
2019-11-27,979.4
2019-11-28,981.8
2019-11-29,987.7
2019-11-30,983.5
2019-12-01,983.3
2019-12-02,991.3
2019-12-03,987.4
2019-12-04,985
2019-12-05,991.2
2019-12-06,993.3
2019-12-07,993.8
2019-12-08,996
2019-12-09,1001.9
2019-12-10,996.6
2019-12-11,996.3
2019-12-12,987.3
2019-12-13,987.7
2019-12-14,984.2
2019-12-15,977.6
2019-12-16,969.6
2019-12-17,976.8
2019-12-18,974.3
2019-12-19,965.4
2019-12-20,966
2019-12-21,968.5
2019-12-22,985.5
2019-12-23,994
2019-12-24,994.9
2019-12-25,991
2019-12-26,998.7
2019-12-27,998.2
2019-12-28,998.2
2019-12-29,998.3
2019-12-30,1000.5
2019-12-31,1002
2020-01-01,1000.7
2020-01-02,998.5
2020-01-03,1002.4
2020-01-04,1004.7
2020-01-05,1000.1
2020-01-06,999.6
2020-01-07,1001.8
2020-01-08,999.6
2020-01-09,996.2
2020-01-10,1002.1
2020-01-11,1001.5
2020-01-12,1000.2
2020-01-13,990.4
2020-01-14,983
2020-01-15,986.1
2020-01-16,986.8
2020-01-17,998.4
2020-01-18,992
2020-01-19,1001.6
2020-01-20,1001.2
2020-01-21,995.7
2020-01-22,990.4
2020-01-23,987
2020-01-24,988.3
2020-01-25,987.3
2020-01-26,989.9
2020-01-27,986.4
2020-01-28,990
2020-01-29,989.1
2020-01-30,988.7
2020-01-31,989.2
2020-02-01,991.8
2020-02-02,996
2020-02-03,997.5
2020-02-04,1001.2
2020-02-05,995.4
2020-02-06,990.3
2020-02-07,990.6
2020-02-08,993.8
2020-02-09,996
2020-02-10,1000.2
2020-02-11,998.3
2020-02-12,993.2
2020-02-13,992.6
2020-02-14,994.8
2020-02-15,992.2
2020-02-16,990.3
2020-02-17,999.8
2020-02-18,1004.8
2020-02-19,1000.8
2020-02-20,995.9
2020-02-21,999.1
2020-02-22,1002.1
2020-02-23,1001.8
2020-02-24,997.4
2020-02-25,994.1
2020-02-26,994.8
2020-02-27,993.2
2020-02-28,987.6
2020-02-29,980.1
2020-03-01,976.2
2020-03-02,982
2020-03-03,986.4
2020-03-04,987.7
2020-03-05,984.5
2020-03-06,994.8
2020-03-07,997.8
2020-03-08,996.2
2020-03-09,999.6
2020-03-10,997.1
2020-03-11,993.9
2020-03-12,993.4
2020-03-13,993.3
2020-03-14,991.7
2020-03-15,986.4
2020-03-16,992.7
2020-03-17,995.5
2020-03-18,993.5
2020-03-19,987.4
2020-03-20,982.9
2020-03-21,980.8
2020-03-22,984
2020-03-23,986.5
2020-03-24,986
2020-03-25,986.3
2020-03-26,984.4
2020-03-27,982.7
2020-03-28,987.8
2020-03-29,989.3
2020-03-30,986.8
2020-03-31,978.9
2020-04-01,982
2020-04-02,986.7
2020-04-03,985.5
2020-04-04,980.4
2020-04-05,979.8
2020-04-06,988.9
2020-04-07,991
2020-04-08,990.8
2020-04-09,987
2020-04-10,989.8
2020-04-11,990.7
2020-04-12,985.8
2020-04-13,978.8
2020-04-14,979.9
2020-04-15,978
2020-04-16,978.9
2020-04-17,980.9
2020-04-18,985.4
2020-04-19,984.1
2020-04-20,979.6
2020-04-21,983.1
2020-04-22,988.7
2020-04-23,988
2020-04-24,983.3
2020-04-25,981.8
2020-04-26,982.3
2020-04-27,982.4
2020-04-28,985
2020-04-29,983.8
2020-04-30,984.5
2020-05-01,987.8
2020-05-02,990.2
2020-05-03,984.7
2020-05-04,978.2
2020-05-05,984.7
2020-05-06,989.1
2020-05-07,985.7
2020-05-08,983.4
2020-05-09,979.5
2020-05-10,978.3
2020-05-11,978.2
2020-05-12,978.9
2020-05-13,974.8
2020-05-14,977.5
2020-05-15,987
2020-05-16,991.2
2020-05-17,993.4
2020-05-18,994.4
2020-05-19,990.8
2020-05-20,989.9
2020-05-21,991.1
2020-05-22,995.8
2020-05-23,999.8
2020-05-24,995.9
2020-05-25,995.7
2020-05-26,994.9
2020-05-27,992
2020-05-28,989.8
2020-05-29,986.3
2020-05-30,982.8
2020-05-31,981.6
2020-06-01,984.8
2020-06-02,984.7
2020-06-03,982.8
2020-06-04,983.6
2020-06-05,985.8
2020-06-06,983.3
2020-06-07,985.9
2020-06-08,990.8
2020-06-09,991.6
2020-06-10,988.7
2020-06-11,980.8
2020-06-12,977.7
2020-06-13,986
2020-06-14,991.4
2020-06-15,993.3
2020-06-16,991.8
2020-06-17,989.7
2020-06-18,988.2
2020-06-19,991.4
2020-06-20,994
2020-06-21,996.4
2020-06-22,991.9
2020-06-23,985.6
2020-06-24,986.8
2020-06-25,987.6
2020-06-26,986.9
2020-06-27,988.5
2020-06-28,991.4
2020-06-29,990.5
2020-06-30,985.5
2020-07-01,987.4
2020-07-02,992.1
2020-07-03,994.7
2020-07-04,994.6
2020-07-05,992.8
2020-07-06,991.1
2020-07-07,986
2020-07-08,985.4
2020-07-09,989.8
2020-07-10,990
2020-07-11,987
2020-07-12,988.1
2020-07-13,992.4
2020-07-14,991.4
2020-07-15,991
2020-07-16,990.4
2020-07-17,987.4
2020-07-18,984.5
2020-07-19,986
2020-07-20,987.7
2020-07-21,987.7
2020-07-22,988.6
2020-07-23,989.8
2020-07-24,990.1
2020-07-25,988.4
2020-07-26,987.5
2020-07-27,987.8
2020-07-28,989.1
2020-07-29,985.3
2020-07-30,983.4
2020-07-31,988.1
2020-08-01,992.2
2020-08-02,992.3
2020-08-03,990.5
2020-08-04,988
2020-08-05,984.9
2020-08-06,984
2020-08-07,988.7
2020-08-08,989.3
2020-08-09,986.9
2020-08-10,984.5
2020-08-11,983
2020-08-12,986.9
2020-08-13,988.9
2020-08-14,987.6
2020-08-15,986.5
2020-08-16,985.9
2020-08-17,984.6
2020-08-18,983.7
2020-08-19,977.5
2020-08-20,978.5
2020-08-21,986.8
2020-08-22,994.8
2020-08-23,993.7
2020-08-24,988.4
2020-08-25,988.4
2020-08-26,990.8
2020-08-27,990.8
2020-08-28,986.7
2020-08-29,986.6
2020-08-30,989.6
2020-08-31,988.8
2020-09-01,987.3
2020-09-02,988.8
2020-09-03,990.2
2020-09-04,991.4
2020-09-05,992.5
2020-09-06,991
2020-09-07,991.5
2020-09-08,991.3
2020-09-09,991
2020-09-10,989.3
2020-09-11,985.4
2020-09-12,987.3
2020-09-13,988
2020-09-14,989.2
2020-09-15,990.1
2020-09-16,987.7
2020-09-17,981.5
2020-09-18,979.8
2020-09-19,983.8
2020-09-20,987.8
2020-09-21,989.5
2020-09-22,985.5
2020-09-23,983.6
2020-09-24,987.9
2020-09-25,996.7
2020-09-26,993.7
2020-09-27,990.4
2020-09-28,989.8
2020-09-29,988.8
2020-09-30,987.4
2020-10-01,981.6
2020-10-02,974.1
2020-10-03,980.6
2020-10-04,982.7
2020-10-05,988.9
2020-10-06,993.7
2020-10-07,995.3
2020-10-08,993.2
2020-10-09,994.8
2020-10-10,998.7
2020-10-11,1000.4
2020-10-12,997.8
2020-10-13,991.6
2020-10-14,989.7
2020-10-15,991.5
2020-10-16,988.8
2020-10-17,986.5
2020-10-18,987.1
2020-10-19,977.9
2020-10-20,970.4
2020-10-21,974
2020-10-22,981.3
2020-10-23,991
2020-10-24,987.6
2020-10-25,982
2020-10-26,989.2
2020-10-27,986.4
2020-10-28,992
2020-10-29,995.3
2020-10-30,993.9
2020-10-31,992.6
2020-11-01,991.4
2020-11-02,993.7
2020-11-03,1001.9
2020-11-04,993.8
2020-11-05,986.7
2020-11-06,980.3
2020-11-07,982.7
2020-11-08,984.5
2020-11-09,991.5
2020-11-10,996.1
2020-11-11,991.2
2020-11-12,989.7
2020-11-13,987.8
2020-11-14,985.1
2020-11-15,987.3
2020-11-16,995.1
2020-11-17,993.1
2020-11-18,995
2020-11-19,1003.7
2020-11-20,1001.2
2020-11-21,996
2020-11-22,997.2
2020-11-23,996
2020-11-24,988.1
2020-11-25,981.4
2020-11-26,979.4
2020-11-27,980
2020-11-28,975.2
2020-11-29,983.9
2020-11-30,992
2020-12-01,994.3
2020-12-02,991.9
2020-12-03,981.2
2020-12-04,970.2
2020-12-05,978.2
2020-12-06,981.5
2020-12-07,979.6
2020-12-08,986.3
2020-12-09,988.4
2020-12-10,982.6
2020-12-11,981
2020-12-12,986.6
2020-12-13,980.6
2020-12-14,977.7
2020-12-15,979.5
2020-12-16,980.9
2020-12-17,991.5
2020-12-18,985.5
2020-12-19,986.5
2020-12-20,991.4
2020-12-21,994
2020-12-22,991.3
2020-12-23,993.6
2020-12-24,998.6
2020-12-25,1000.9
2020-12-26,1000.2
2020-12-27,981.3
2020-12-28,975.2
2020-12-29,980.5
2020-12-30,988.6
2020-12-31,984.5
2021-01-01,985.7
2021-01-02,989.2
2021-01-03,988.1
2021-01-04,984.4
2021-01-05,983.8
2021-01-06,984.5
2021-01-07,984.8
2021-01-08,983.8
2021-01-09,981.7
2021-01-10,989
2021-01-11,996
2021-01-12,1000.2
2021-01-13,1001.4
2021-01-14,1001
2021-01-15,1000.3
2021-01-16,1000.3
2021-01-17,1000.5
2021-01-18,996.1
2021-01-19,985.8
2021-01-20,970.8
2021-01-21,975
2021-01-22,979.7
2021-01-23,978.2
2021-01-24,983
2021-01-25,982.1
2021-01-26,991.7
2021-01-27,995.4
2021-01-28,991.7
2021-01-29,987.5
2021-01-30,983.3
2021-01-31,983.6
2021-02-01,985.4
2021-02-02,980.2
2021-02-03,978.2
2021-02-04,979.3
2021-02-05,978.4
2021-02-06,978.9
2021-02-07,976.3
2021-02-08,971.4
2021-02-09,967.4
2021-02-10,980.5
2021-02-11,983.7
2021-02-12,990.9
2021-02-13,994
2021-02-14,993.1
2021-02-15,992.4
2021-02-16,991.6
2021-02-17,986.8
2021-02-18,983.2
2021-02-19,979.2
2021-02-20,971.8
2021-02-21,978
2021-02-22,988.6
2021-02-23,994.7
2021-02-24,994.4
2021-02-25,998
2021-02-26,998.7
2021-02-27,995.8
2021-02-28,988.5
2021-03-01,986.2
2021-03-02,993.2
2021-03-03,995.7
2021-03-04,988.5
2021-03-05,987.8
2021-03-06,991
2021-03-07,989.8
2021-03-08,990.2
2021-03-09,991.8
2021-03-12,995.2
2021-03-13,995.5
2021-03-14,999.1
2021-03-15,997.6
2021-03-16,997.9
2021-03-17,997.3
2021-03-18,995.2
2021-03-19,992.1
2021-03-20,993.9
2021-03-21,995.5
2021-03-22,991.8
2021-03-23,993
2021-03-24,996.1
2021-03-25,994.2
2021-03-26,995.1
2021-03-27,995.8
2021-03-28,994.9
2021-03-29,992.5
2021-03-30,991.5
2021-03-31,983.9
2021-04-01,982.6
2021-04-02,987.7
2021-04-03,987.9
2021-04-04,987.5
2021-04-05,988.1
2021-04-06,987.1
2021-04-07,986.2
2021-04-08,987.6
2021-04-09,984.6
2021-04-10,982
2021-04-11,989.3
2021-04-12,992.1
2021-04-13,989.9
2021-04-14,986.9
2021-04-15,986.6
2021-04-16,988.7
2021-04-17,989.9
2021-04-18,990.2
2021-04-19,988.1
2021-04-20,985.5
2021-04-21,981.6
2021-04-22,982.6
2021-04-23,981.8
2021-04-24,981.2
2021-04-25,979.6
2021-04-26,977.8
2021-04-27,978
2021-04-28,979.3
2021-04-29,981.1
2021-04-30,983.8
2021-05-01,987.4
2021-05-02,989.9
2021-05-03,990.6
2021-05-04,990.5
2021-05-05,989.5
2021-05-06,988.7
2021-05-07,989.1
2021-05-08,981.3
2021-05-09,974.2
2021-05-10,980.1
2021-05-11,986.9
2021-05-12,987.5
2021-05-13,986.2
2021-05-14,988.9
2021-05-15,983.5
2021-05-16,987.3
2021-05-17,991.3
2021-05-18,991.2
2021-05-19,996
2021-05-20,992.7
2021-05-21,989.3
2021-05-22,989.2
2021-05-23,990.6
2021-05-24,993.8
2021-05-25,996.4
2021-05-26,990
2021-05-27,986.6
2021-05-28,988.1
2021-05-29,991.6
2021-05-30,987.4
2021-05-31,981.7
2021-06-01,981.8
2021-06-02,985.7
2021-06-03,992.5
2021-06-04,995
2021-06-05,993.9
2021-06-06,993.7
2021-06-07,992
2021-06-08,993.2
2021-06-09,993.6
2021-06-10,989.9
2021-06-11,988.7
2021-06-12,988.9
2021-06-13,990.3
2021-06-14,990
2021-06-15,986.1
2021-06-16,982.2
2021-06-17,982.5
2021-06-18,985.4
2021-06-19,984.8
2021-06-20,977.3
2021-06-21,983.5
2021-06-22,991.8
2021-06-23,993.5
2021-06-24,992.1
2021-06-25,988.9
2021-06-26,986.8
2021-06-27,988.5
2021-06-28,992
2021-06-29,991.6
2021-06-30,988.7
2021-07-01,988.8
2021-07-02,988.1
2021-07-03,988.6
2021-07-04,987.7
2021-07-05,984.2
2021-07-06,986.3
2021-07-07,992.3
2021-07-08,995.7
2021-07-09,992.6
2021-07-10,989.8
2021-07-11,987.2
2021-07-12,992.2
2021-07-13,995.2
2021-07-14,993.6
2021-07-15,990
2021-07-16,988.3
2021-07-17,987.9
2021-07-18,988.9
2021-07-19,986.6
2021-07-20,987.7
2021-07-21,989.7
2021-07-22,988.1
2021-07-23,985.2
2021-07-24,985.9
2021-07-25,985.5
2021-07-26,988
2021-07-27,988.1
2021-07-28,988.3
2021-07-29,986.8
2021-07-30,988.5
2021-07-31,990.4
2021-08-01,988.3
2021-08-02,988.7
2021-08-03,988.9
2021-08-04,989.3
2021-08-05,988.1
2021-08-06,984
2021-08-07,984.9
2021-08-08,988.5
2021-08-09,987.8
2021-08-10,988.8
2021-08-11,988.5
2021-08-12,990.7
2021-08-13,991.4
2021-08-14,991.2
2021-08-15,992.5
2021-08-16,995.2
2021-08-17,994.9
2021-08-18,991.1
2021-08-19,986.3
2021-08-20,986.7
2021-08-21,990.8
2021-08-22,991.6
2021-08-23,988.1
2021-08-24,983.9
2021-08-25,982.6
2021-08-26,985.2
2021-08-27,986.1
2021-08-28,988.1
2021-08-29,986.6
2021-08-30,985.3
2021-08-31,985.7
2021-09-01,985.9
2021-09-02,988.1
2021-09-03,988.5
2021-09-04,985.9
2021-09-05,984.6
2021-09-06,983.8
2021-09-07,983.4
2021-09-08,984.6
2021-09-09,986.4
2021-09-10,989.4
2021-09-11,988
2021-09-12,983.4
2021-09-13,981
2021-09-14,980.6
2021-09-15,986.6
2021-09-16,990.6
2021-09-17,988.3
2021-09-18,990.9
2021-09-19,993.8
2021-09-20,996.7
2021-09-21,995.7
2021-09-22,991.9
2021-09-23,988.6
2021-09-24,984.2
2021-09-25,985.5
2021-09-26,989.6
2021-09-27,993
2021-09-28,995.1
2021-09-29,998.8
2021-09-30,996.2
2021-10-01,992.2
2021-10-02,981
2021-10-03,985.2
2021-10-04,990.4
2021-10-05,992.3
2021-10-06,994.9
2021-10-07,992.1
2021-10-08,990.6
2021-10-09,991.1
2021-10-10,991.6
2021-10-11,990.7
2021-10-12,989.6
2021-10-13,990
2021-10-14,990.4
2021-10-15,990.9
2021-10-16,987.6
2021-10-17,987.3
2021-10-18,990.6
2021-10-19,989.9
2021-10-20,989.6
2021-10-21,993.1
2021-10-22,994
2021-10-23,992.3
2021-10-24,992.7
2021-10-25,993.4
2021-10-26,993.5
2021-10-27,990.8
2021-10-28,981.8
2021-10-29,974.3
2021-10-30,975.3
2021-10-31,978.8
2021-11-01,985.4
2021-11-02,981.4
2021-11-03,983.6
2021-11-04,990.6
2021-11-05,998.4
2021-11-06,1000.6
2021-11-07,998.1
2021-11-08,994.1
2021-11-09,990.7
2021-11-10,989.3
2021-11-11,990.3
2021-11-12,991
2021-11-13,991
2021-11-14,991.7
2021-11-15,993.5
2021-11-16,993
2021-11-17,995.2
2021-11-18,995.3
2021-11-19,992.8
2021-11-20,990
2021-11-21,988
2021-11-22,986.6
2021-11-23,987.1
2021-11-24,988.7
2021-11-25,984.6
2021-11-26,987.2
2021-11-27,986
2021-11-28,991.3
2021-11-29,993.7
2021-11-30,996.5
2021-12-01,992.3
2021-12-02,992.6
2021-12-03,994.8
2021-12-04,994.2
2021-12-05,997.1
2021-12-06,995.4
2021-12-07,984.4
2021-12-08,987.8
2021-12-09,993.2
2021-12-10,993.5
2021-12-11,996.7
2021-12-12,994.1
2021-12-13,991.8
2021-12-14,995.1
2021-12-15,994
2021-12-16,994.1
2021-12-17,995
2021-12-18,995.1
2021-12-19,991.3
2021-12-20,985.8
2021-12-21,983.9
2021-12-22,983.3
2021-12-23,981.9
2021-12-24,975.2
2021-12-25,974.7
2021-12-26,976.1
2021-12-27,980.7
2021-12-28,988.7
2021-12-29,992.4
2021-12-30,990.6
2021-12-31,991.8
2022-01-01,991.9
2022-01-02,997.2
2022-01-03,990.7
2022-01-04,985.6
2022-01-05,989.2
2022-01-06,992.9
2022-01-07,1001.2
2022-01-08,999.1
2022-01-09,994.7
2022-01-10,995.7
2022-01-11,998.2
2022-01-12,999.3
2022-01-13,999.9
2022-01-14,999.8
2022-01-15,996
2022-01-16,998.9
2022-01-17,1001.4
2022-01-18,1000.3
2022-01-19,1001.2
2022-01-20,1000
2022-01-21,997.8
2022-01-22,997.7
2022-01-23,994.7
2022-01-24,996.4
2022-01-25,999.7
2022-01-26,998.5
2022-01-27,999.3
2022-01-28,1001.6
2022-01-29,1001.6
2022-01-30,999.1
2022-01-31,1002.7
2022-02-01,1003.4
2022-02-02,996.6
2022-02-03,992.8
2022-02-04,994.6
2022-02-05,999.1
2022-02-06,1001.6
2022-02-07,1001.3
2022-02-08,997
2022-02-09,997.3
2022-02-10,996.8
2022-02-11,996.3
2022-02-12,993
2022-02-13,984.4
2022-02-14,992
2022-02-15,997.8
2022-02-16,998
2022-02-17,996
2022-02-18,992.2
2022-02-19,998.6
2022-02-20,1001.2
2022-02-21,1001.5
2022-02-22,999.4
2022-02-23,992.8
2022-02-24,994.3
2022-02-25,994.4
2022-02-26,989.3
2022-02-27,992.1
2022-02-28,995.1
2022-03-01,992.3
2022-03-02,992.5
2022-03-03,991.1
2022-03-04,995.3
2022-03-05,989.3
2022-03-06,989.2
2022-03-07,982.2
2022-03-08,983.8
2022-03-09,984.8
2022-03-10,983.1
2022-03-11,981.3
2022-03-12,980.5
2022-03-13,982
2022-03-14,981.8
2022-03-15,984.1
2022-03-16,991.7
2022-03-17,997.5
2022-03-18,994.5
2022-03-19,990.9
2022-03-20,987
2022-03-21,985.7
2022-03-22,985.7
2022-03-23,988.1
2022-03-24,988.2
2022-03-25,986.8
2022-03-26,987.2
2022-03-27,989.7
2022-03-28,987
2022-03-29,982.5
2022-03-30,980.5
2022-03-31,981.2
2022-04-01,990.9
2022-04-02,992.2
2022-04-03,989.9
2022-04-04,988.3
2022-04-05,985.9
2022-04-06,987.8
2022-04-07,989.1
2022-04-08,986.3
2022-04-09,987.5
2022-04-10,977.8
2022-04-11,971.8
2022-04-12,977
2022-04-13,987.5
2022-04-14,991.1
2022-04-15,992.9
2022-04-16,993.4
2022-04-17,992.5
2022-04-18,990.7
2022-04-19,990.3
2022-04-20,987.9
2022-04-21,978.1
2022-04-22,966.5
2022-04-23,974
2022-04-24,982.3
2022-04-25,981.8
2022-04-26,982.5
2022-04-27,987.5
2022-04-28,993.8
2022-04-29,995.2
2022-04-30,993.4
2022-05-01,992.2
2022-05-02,987.6
2022-05-03,988.1
2022-05-04,990.7
2022-05-05,993.7
2022-05-06,994.2
2022-05-07,991.8
2022-05-08,990.3
2022-05-09,991
2022-05-10,990.9
2022-05-11,989.7
2022-05-12,989.5
2022-05-13,989.9
2022-05-14,984.3
2022-05-15,983
2022-05-16,987.1
2022-05-17,988.7
2022-05-18,988.8
2022-05-19,989
2022-05-20,990.7
2022-05-21,985.1
2022-05-22,984.7
2022-05-23,986
2022-05-24,988.8
2022-05-25,995.3
2022-05-26,995.2
2022-05-27,990.5
2022-05-28,983.5
2022-05-29,980
2022-05-30,981.1
2022-05-31,982.7
2022-06-01,983.4
2022-06-02,983.8
2022-06-03,984.6
2022-06-04,987.2
2022-06-05,992
2022-06-06,991.3
2022-06-07,991.2
2022-06-08,990.1
2022-06-09,992.5
2022-06-10,992.2
2022-06-11,991.3
2022-06-12,989.9
2022-06-14,984.7
2022-06-15,986.4
2022-06-16,988
2022-06-17,987.6
2022-06-18,984.4
2022-06-19,983
2022-06-20,984.1
2022-06-21,983
2022-06-22,982.8
2022-06-23,985
2022-06-24,986.2
2022-06-25,986.1
2022-06-26,987.6
2022-06-27,992.6
2022-06-28,991.5
2022-06-29,989.6
2022-06-30,989.7
2022-07-01,988.7
2022-07-02,988.8
2022-07-03,989.8
2022-07-04,990.3
2022-07-05,990.8
2022-07-06,993.7
2022-07-07,995.9
2022-07-08,994
2022-07-09,990.8
2022-07-10,987.3
2022-07-11,986.1
2022-07-12,987.6
2022-07-13,989.1
2022-07-14,988
2022-07-15,984.7
2022-07-16,986
2022-07-17,985.8
2022-07-18,986.2
2022-07-19,989.5
2022-07-20,992.1
2022-07-21,989.3
2022-07-22,991.3
2022-07-23,989.5
2022-07-24,989.4
2022-07-25,992.8
2022-07-26,991.1
2022-07-27,988.3
2022-07-28,987.3
2022-07-29,989.7
2022-07-30,990
2022-07-31,988.4
2022-08-01,987
2022-08-02,985.3
2022-08-03,985.6
2022-08-04,986.2
2022-08-05,988
2022-08-06,987.2
2022-08-07,986.1
2022-08-08,986.3
2022-08-09,985.7
2022-08-10,984.6
2022-08-11,985.1
2022-08-12,986
2022-08-13,984.5
2022-08-14,985
2022-08-15,982.8
2022-08-16,983.4
2022-08-17,989.2
2022-08-18,992
2022-08-19,991
2022-08-20,990.2
2022-08-21,991.4
2022-08-22,989
2022-08-23,984.5
2022-08-24,985.3
2022-08-25,989.6
2022-08-26,986.5
2022-08-27,981.5
2022-08-28,981.6
2022-08-29,984.8
2022-08-30,989.3
2022-08-31,990.2
2022-09-01,987.8
2022-09-02,987.7
2022-09-03,985.7
2022-09-04,985.3
2022-09-05,986.8
2022-09-06,988
2022-09-07,986.6
2022-09-08,987.4
2022-09-09,990.3
2022-09-10,987.9
2022-09-11,982.7
2022-09-12,976
2022-09-13,972.1
2022-09-14,977.4
2022-09-15,985
2022-09-16,986.8
2022-09-17,984.3
2022-09-18,983.8
2022-09-19,986.2
2022-09-20,988.4
2022-09-21,988
2022-09-22,988.4
2022-09-23,989.3
2022-09-24,990.5
2022-09-25,989
2022-09-26,990.3
2022-09-27,991.9
2022-09-28,988.8
2022-09-29,983.3
2022-09-30,989.9
2022-10-01,995
2022-10-02,994.6
2022-10-03,991.7
2022-10-04,992.1
2022-10-05,994.1
2022-10-06,994.7
2022-10-07,991.3
2022-10-08,988.4
2022-10-09,985.9
2022-10-10,987.2
2022-10-11,990.9
2022-10-12,993.1
2022-10-13,995.6
2022-10-14,993.1
2022-10-15,984.6
2022-10-16,982
2022-10-17,987.1
2022-10-18,985.6
2022-10-19,979.8
2022-10-20,975
2022-10-21,978.6
2022-10-22,975.2
2022-10-23,976.6
2022-10-24,983.1
