Fecha|TM
01/01/2006|11.1
02/01/2006|11.6
03/01/2006|13.6
04/01/2006|14.3
05/01/2006|11.6
06/01/2006|10.9
07/01/2006|8.4
08/01/2006|12.1
09/01/2006|10.8
10/01/2006|12.8
11/01/2006|12
12/01/2006|12.6
13/01/2006|11.4
14/01/2006|10.3
15/01/2006|10.4
16/01/2006|9.3
17/01/2006|10.2
18/01/2006|14.3
19/01/2006|16.5
20/01/2006|13.9
21/01/2006|13.3
22/01/2006|14.2
23/01/2006|12.7
24/01/2006|13.1
25/01/2006|14.6
26/01/2006|12.4
27/01/2006|8.2
28/01/2006|5.9
29/01/2006|8.4
30/01/2006|12.8
31/01/2006|12.9
01/02/2006|12.2
02/02/2006|14.9
03/02/2006|14.3
04/02/2006|12.4
05/02/2006|14.1
06/02/2006|16.3
07/02/2006|18.3
08/02/2006|16.9
09/02/2006|14.6
10/02/2006|14.6
11/02/2006|12
12/02/2006|14.9
13/02/2006|10.2
14/02/2006|12.8
15/02/2006|11.2
16/02/2006|10.5
17/02/2006|10.2
18/02/2006|8.8
19/02/2006|8.7
20/02/2006|7.3
21/02/2006|5.9
22/02/2006|7.1
23/02/2006|9.8
24/02/2006|4.8
25/02/2006|6.4
26/02/2006|7
27/02/2006|11.3
28/02/2006|9.9
01/03/2006|10.2
02/03/2006|8.8
03/03/2006|10.8
04/03/2006|11.4
05/03/2006|9.1
06/03/2006|9.4
07/03/2006|13.6
08/03/2006|11.8
09/03/2006|13.9
10/03/2006|11.8
11/03/2006|14.7
12/03/2006|21.3
13/03/2006|22.3
14/03/2006|24.2
15/03/2006|22
16/03/2006|16.4
17/03/2006|12.4
18/03/2006|15.2
19/03/2006|11.7
20/03/2006|11.2
21/03/2006|13.8
22/03/2006|11.5
23/03/2006|13.9
24/03/2006|13.4
25/03/2006|14.4
26/03/2006|17.6
27/03/2006|13.1
28/03/2006|13.1
29/03/2006|13.5
30/03/2006|14.2
31/03/2006|14.1
01/04/2006|14.2
02/04/2006|16.4
03/04/2006|24.5
04/04/2006|18
05/04/2006|16
06/04/2006|16.5
07/04/2006|16
08/04/2006|15.3
09/04/2006|18.6
10/04/2006|14.4
11/04/2006|18.4
12/04/2006|16.6
13/04/2006|24
14/04/2006|23
15/04/2006|14.4
16/04/2006|12.9
17/04/2006|15.9
18/04/2006|18.3
19/04/2006|15.4
20/04/2006|13.4
21/04/2006|13.3
22/04/2006|20.1
23/04/2006|21.3
24/04/2006|20.4
25/04/2006|22.4
26/04/2006|22.1
27/04/2006|19.2
28/04/2006|19
29/04/2006|20.7
30/04/2006|22.9
01/05/2006|21.6
02/05/2006|18.2
03/05/2006|22.6
04/05/2006|16.3
05/05/2006|19
06/05/2006|16.2
07/05/2006|13.8
08/05/2006|15.8
09/05/2006|22.2
10/05/2006|25.1
11/05/2006|23.4
12/05/2006|20.8
13/05/2006|23.1
14/05/2006|18.1
15/05/2006|20
16/05/2006|23.1
17/05/2006|20.5
18/05/2006|17.6
19/05/2006|16.4
20/05/2006|16.2
21/05/2006|16.2
22/05/2006|14.6
23/05/2006|16.6
24/05/2006|19.1
25/05/2006|23.1
26/05/2006|26.8
27/05/2006|31.3
28/05/2006|33.4
29/05/2006|23.1
30/05/2006|20.8
31/05/2006|20.6
01/06/2006|28.9
02/06/2006|29.3
03/06/2006|29.6
04/06/2006|32
05/06/2006|33.5
06/06/2006|34.1
07/06/2006|25.8
08/06/2006|23.9
09/06/2006|22
10/06/2006|19.3
11/06/2006|24.8
12/06/2006|20
13/06/2006|22.2
14/06/2006|25.3
15/06/2006|27.4
16/06/2006|25.7
17/06/2006|21.6
18/06/2006|26.5
19/06/2006|19.9
20/06/2006|21
21/06/2006|24.5
22/06/2006|24.5
23/06/2006|21.3
24/06/2006|21.1
25/06/2006|20.2
26/06/2006|19.6
27/06/2006|22.5
28/06/2006|23.7
29/06/2006|24.7
30/06/2006|31.4
01/07/2006|22.1
02/07/2006|22
03/07/2006|24.8
04/07/2006|23
05/07/2006|23.4
06/07/2006|25.7
07/07/2006|27.6
08/07/2006|28.3
09/07/2006|30.2
10/07/2006|32.7
11/07/2006|26.6
12/07/2006|28.6
13/07/2006|31.8
14/07/2006|35.6
15/07/2006|35.7
16/07/2006|36.9
17/07/2006|38.9
18/07/2006|24.2
19/07/2006|26.5
20/07/2006|24.5
21/07/2006|24.7
22/07/2006|22.8
23/07/2006|30.1
24/07/2006|23.8
25/07/2006|27.7
26/07/2006|25.5
27/07/2006|23.2
28/07/2006|28.3
29/07/2006|24.2
30/07/2006|27.2
31/07/2006|25
01/08/2006|29.1
02/08/2006|27.2
03/08/2006|23.5
04/08/2006|26.6
05/08/2006|32.3
06/08/2006|30.9
07/08/2006|27.5
08/08/2006|27.9
09/08/2006|30.5
10/08/2006|30.2
11/08/2006|32
12/08/2006|24.6
13/08/2006|24.7
14/08/2006|24
15/08/2006|23.5
16/08/2006|16.6
17/08/2006|18
18/08/2006|18.3
19/08/2006|21
20/08/2006|24.4
21/08/2006|29.2
22/08/2006|33
23/08/2006|24.3
24/08/2006|25.1
25/08/2006|24.1
26/08/2006|24.5
27/08/2006|26.4
28/08/2006|26
29/08/2006|24.9
30/08/2006|27
31/08/2006|31.1
01/09/2006|29
02/09/2006|26.4
03/09/2006|30
04/09/2006|36.3
05/09/2006|39.6
06/09/2006|33.1
07/09/2006|31.5
08/09/2006|28.9
09/09/2006|30.1
10/09/2006|24.8
11/09/2006|20.1
12/09/2006|24.8
13/09/2006|18
14/09/2006|20.3
15/09/2006|19
16/09/2006|20.4
17/09/2006|21.2
18/09/2006|22.7
19/09/2006|26.1
20/09/2006|22.2
21/09/2006|22
22/09/2006|18.8
23/09/2006|15.9
24/09/2006|18.5
25/09/2006|20
26/09/2006|28.6
27/09/2006|20.1
28/09/2006|20.6
29/09/2006|18.5
30/09/2006|18
01/10/2006|18.8
02/10/2006|18.9
03/10/2006|16.6
04/10/2006|18.6
05/10/2006|18.5
06/10/2006|17.8
07/10/2006|20.4
08/10/2006|21.3
09/10/2006|21.7
10/10/2006|17.9
11/10/2006|18.1
12/10/2006|21
13/10/2006|22.9
14/10/2006|24.4
15/10/2006|21.6
16/10/2006|19
17/10/2006|20.9
18/10/2006|16.9
19/10/2006|16.6
20/10/2006|18.8
21/10/2006|17
22/10/2006|18.5
23/10/2006|17.2
24/10/2006|19
25/10/2006|19.5
26/10/2006|21.5
27/10/2006|25
28/10/2006|28.5
29/10/2006|29.9
30/10/2006|26.9
31/10/2006|21.2
01/11/2006|22.3
02/11/2006|21
03/11/2006|16.1
04/11/2006|19.6
05/11/2006|23.6
06/11/2006|21.5
07/11/2006|20.9
08/11/2006|21.8
09/11/2006|26.2
10/11/2006|21.8
11/11/2006|20.5
12/11/2006|19.6
13/11/2006|19.2
14/11/2006|15.6
15/11/2006|17
16/11/2006|13.8
17/11/2006|13.1
18/11/2006|15.9
19/11/2006|16.1
20/11/2006|13.8
21/11/2006|14.8
22/11/2006|14.6
23/11/2006|15
24/11/2006|14.8
25/11/2006|11.8
26/11/2006|13.7
27/11/2006|15.3
28/11/2006|13.9
29/11/2006|14.9
30/11/2006|16
01/12/2006|14.8
02/12/2006|13.6
03/12/2006|15
04/12/2006|15.1
05/12/2006|14.4
06/12/2006|12.6
07/12/2006|15.3
08/12/2006|11.4
09/12/2006|9.2
10/12/2006|11.3
11/12/2006|10.2
12/12/2006|11.8
13/12/2006|14.4
14/12/2006|14.5
15/12/2006|13.3
16/12/2006|10.3
17/12/2006|12.2
18/12/2006|11.4
19/12/2006|11.3
20/12/2006|10.5
21/12/2006|10.8
22/12/2006|12.5
23/12/2006|11.8
24/12/2006|11.5
25/12/2006|13.3
26/12/2006|13.4
27/12/2006|15.4
28/12/2006|15
29/12/2006|14.4
30/12/2006|14.1
31/12/2006|15.2
01/01/2007|15.5
02/01/2007|12.9
03/01/2007|11.2
04/01/2007|13.6
05/01/2007|13.7
06/01/2007|12.4
07/01/2007|12.1
08/01/2007|12.9
09/01/2007|13.2
10/01/2007|11.3
11/01/2007|15.2
12/01/2007|15.3
13/01/2007|11.9
14/01/2007|11.8
15/01/2007|11.8
16/01/2007|12.6
17/01/2007|13.5
18/01/2007|14
19/01/2007|13.9
20/01/2007|14.4
21/01/2007|10.9
22/01/2007|6.8
23/01/2007|8.6
24/01/2007|7.9
25/01/2007|8.1
26/01/2007|8.1
27/01/2007|9.9
28/01/2007|12.5
29/01/2007|9
30/01/2007|9.1
31/01/2007|11.3
01/02/2007|13.6
02/02/2007|12.2
03/02/2007|11.6
04/02/2007|14.8
05/02/2007|11.7
06/02/2007|10.1
07/02/2007|12.7
08/02/2007|13.5
09/02/2007|13.2
10/02/2007|13.3
11/02/2007|14.1
12/02/2007|13.3
13/02/2007|14.2
14/02/2007|14.1
15/02/2007|14.2
16/02/2007|15.3
17/02/2007|11.1
18/02/2007|13.3
19/02/2007|11.1
20/02/2007|11.4
21/02/2007|11.7
22/02/2007|13.4
23/02/2007|12.6
24/02/2007|13.6
25/02/2007|14.4
26/02/2007|13.3
27/02/2007|12
28/02/2007|13.9
01/03/2007|13.4
02/03/2007|13.7
03/03/2007|14
04/03/2007|13.7
05/03/2007|13.2
06/03/2007|15.2
07/03/2007|13.1
08/03/2007|16.9
09/03/2007|15.1
10/03/2007|22.9
11/03/2007|23.3
12/03/2007|17.7
13/03/2007|17.3
14/03/2007|20.8
15/03/2007|20.5
16/03/2007|17.4
17/03/2007|18.3
18/03/2007|15.9
19/03/2007|9.7
20/03/2007|10.1
21/03/2007|9.9
22/03/2007|10.2
23/03/2007|14.1
24/03/2007|-9999
25/03/2007|16
26/03/2007|12.9
27/03/2007|14.5
28/03/2007|11.1
29/03/2007|12.7
30/03/2007|11.1
31/03/2007|-9999
01/04/2007|11
02/04/2007|16.9
03/04/2007|15.3
04/04/2007|15.2
05/04/2007|13.1
06/04/2007|18.9
07/04/2007|21.3
08/04/2007|-9999
09/04/2007|-9999
10/04/2007|21.2
11/04/2007|22
12/04/2007|20.1
13/04/2007|17.8
14/04/2007|20
15/04/2007|24.8
16/04/2007|25.3
17/04/2007|25.4
18/04/2007|26.4
19/04/2007|25
20/04/2007|25.5
21/04/2007|27.1
22/04/2007|27.8
23/04/2007|24
24/04/2007|17.8
25/04/2007|12.9
26/04/2007|14.1
27/04/2007|16.6
28/04/2007|17.3
29/04/2007|17.2
30/04/2007|11.5
01/05/2007|11.3
02/05/2007|17
03/05/2007|18.5
04/05/2007|17.5
05/05/2007|19.3
06/05/2007|21.4
07/05/2007|20.3
08/05/2007|25.3
09/05/2007|26.4
10/05/2007|15.5
11/05/2007|16.6
12/05/2007|17.1
13/05/2007|15.4
14/05/2007|17.1
15/05/2007|17.4
16/05/2007|-9999
17/05/2007|-9999
18/05/2007|-9999
19/05/2007|-9999
20/05/2007|11.9
21/05/2007|12.4
22/05/2007|22
23/05/2007|20.7
24/05/2007|25.1
25/05/2007|17.9
26/05/2007|16.5
27/05/2007|16.4
28/05/2007|17.1
29/05/2007|14.2
30/05/2007|15.7
31/05/2007|15.7
01/06/2007|-9999
02/06/2007|-9999
03/06/2007|-9999
04/06/2007|-9999
05/06/2007|-9999
06/06/2007|-9999
07/06/2007|-9999
08/06/2007|-9999
09/06/2007|-9999
10/06/2007|-9999
11/06/2007|-9999
12/06/2007|-9999
13/06/2007|-9999
14/06/2007|-9999
15/06/2007|-9999
16/06/2007|-9999
17/06/2007|-9999
18/06/2007|-9999
19/06/2007|-9999
20/06/2007|-9999
21/06/2007|-9999
22/06/2007|-9999
23/06/2007|-9999
24/06/2007|-9999
25/06/2007|-9999
26/06/2007|-9999
27/06/2007|-9999
28/06/2007|-9999
29/06/2007|-9999
30/06/2007|-9999
01/07/2007|-9999
02/07/2007|-9999
03/07/2007|-9999
04/07/2007|-9999
05/07/2007|-9999
06/07/2007|-9999
07/07/2007|-9999
08/07/2007|-9999
09/07/2007|-9999
10/07/2007|-9999
11/07/2007|-9999
12/07/2007|-9999
13/07/2007|-9999
14/07/2007|-9999
15/07/2007|-9999
16/07/2007|-9999
17/07/2007|-9999
18/07/2007|-9999
19/07/2007|-9999
20/07/2007|-9999
21/07/2007|-9999
22/07/2007|-9999
23/07/2007|-9999
24/07/2007|-9999
25/07/2007|-9999
26/07/2007|-9999
27/07/2007|-9999
28/07/2007|-9999
29/07/2007|-9999
30/07/2007|-9999
31/07/2007|-9999
01/08/2007|-9999
02/08/2007|-9999
03/08/2007|-9999
04/08/2007|-9999
05/08/2007|-9999
06/08/2007|-9999
07/08/2007|-9999
08/08/2007|-9999
09/08/2007|-9999
10/08/2007|-9999
11/08/2007|-9999
12/08/2007|-9999
13/08/2007|-9999
14/08/2007|-9999
15/08/2007|-9999
16/08/2007|-9999
17/08/2007|-9999
18/08/2007|-9999
19/08/2007|-9999
20/08/2007|-9999
21/08/2007|-9999
22/08/2007|-9999
23/08/2007|-9999
24/08/2007|-9999
25/08/2007|-9999
26/08/2007|-9999
27/08/2007|-9999
28/08/2007|-9999
29/08/2007|-9999
30/08/2007|-9999
31/08/2007|-9999
01/09/2007|27.8
02/09/2007|25.6
03/09/2007|25.3
04/09/2007|26
05/09/2007|29.7
06/09/2007|33.2
07/09/2007|31.3
08/09/2007|30.1
09/09/2007|28.9
10/09/2007|27.7
11/09/2007|26.7
12/09/2007|28.3
13/09/2007|26.5
14/09/2007|24.5
15/09/2007|30.2
16/09/2007|27.5
17/09/2007|21.3
18/09/2007|19.4
19/09/2007|23.3
20/09/2007|28.3
21/09/2007|22.5
22/09/2007|23.1
23/09/2007|27.3
24/09/2007|16.8
25/09/2007|17.9
26/09/2007|19.4
27/09/2007|18.2
28/09/2007|21.9
29/09/2007|16.7
30/09/2007|20.7
01/10/2007|21.5
02/10/2007|23.2
03/10/2007|20.8
04/10/2007|23.2
05/10/2007|22.9
06/10/2007|22.1
07/10/2007|21.7
08/10/2007|22.7
09/10/2007|22.5
10/10/2007|21.4
11/10/2007|21.5
12/10/2007|24.5
13/10/2007|24.1
14/10/2007|23.5
15/10/2007|22.6
16/10/2007|20.4
17/10/2007|18.9
18/10/2007|23.6
19/10/2007|24.1
20/10/2007|24.5
21/10/2007|22.6
22/10/2007|19.6
23/10/2007|18.8
24/10/2007|17.6
25/10/2007|16.9
26/10/2007|14.8
27/10/2007|18.4
28/10/2007|17.4
29/10/2007|15.7
30/10/2007|15.7
31/10/2007|17.6
01/11/2007|19.8
02/11/2007|22.1
03/11/2007|23.3
04/11/2007|22.9
05/11/2007|21.3
06/11/2007|18.5
07/11/2007|21.2
08/11/2007|19.3
09/11/2007|16.4
10/11/2007|20.2
11/11/2007|19.8
12/11/2007|17.7
13/11/2007|16.5
14/11/2007|14.7
15/11/2007|14.4
16/11/2007|17.2
17/11/2007|16.1
18/11/2007|12.4
19/11/2007|9.6
20/11/2007|11.7
21/11/2007|14
22/11/2007|12.1
23/11/2007|12.1
24/11/2007|11.3
25/11/2007|14
26/11/2007|14.4
27/11/2007|15.1
28/11/2007|-9999
29/11/2007|-9999
30/11/2007|13
01/12/2007|-9999
02/12/2007|-9999
03/12/2007|14.7
04/12/2007|15.4
05/12/2007|13.4
06/12/2007|13.1
07/12/2007|15.2
08/12/2007|14.1
09/12/2007|14.3
10/12/2007|11.9
11/12/2007|14.2
12/12/2007|13.8
13/12/2007|14.4
14/12/2007|14.5
15/12/2007|12.8
16/12/2007|11.5
17/12/2007|9.2
18/12/2007|7
19/12/2007|-9999
20/12/2007|14.2
21/12/2007|15.8
22/12/2007|13.1
23/12/2007|14.3
24/12/2007|11
25/12/2007|9.9
26/12/2007|10
27/12/2007|11.2
28/12/2007|11.4
29/12/2007|9.7
30/12/2007|13.9
31/12/2007|10.6
01/01/2008|11.4
02/01/2008|10.3
03/01/2008|9.4
04/01/2008|8
05/01/2008|14
06/01/2008|11.6
07/01/2008|13.7
08/01/2008|12
09/01/2008|13.7
10/01/2008|12.2
11/01/2008|12
12/01/2008|10.8
13/01/2008|11.8
14/01/2008|12.5
15/01/2008|12.9
16/01/2008|12.1
17/01/2008|13.2
18/01/2008|13.5
19/01/2008|16.4
20/01/2008|17.7
21/01/2008|14.9
22/01/2008|11.1
23/01/2008|17.9
24/01/2008|12.3
25/01/2008|15.8
26/01/2008|16.4
27/01/2008|17
28/01/2008|15.6
29/01/2008|15
30/01/2008|10.3
31/01/2008|9.2
01/02/2008|10.3
02/02/2008|11.2
03/02/2008|11.3
04/02/2008|11.6
05/02/2008|14.5
06/02/2008|16.7
07/02/2008|19.9
08/02/2008|20
09/02/2008|20.5
10/02/2008|20.9
11/02/2008|18.5
12/02/2008|19.1
13/02/2008|17.3
14/02/2008|16.8
15/02/2008|18.1
16/02/2008|18.8
17/02/2008|17.8
18/02/2008|15.2
19/02/2008|14.5
20/02/2008|15.1
21/02/2008|20.1
22/02/2008|21.2
23/02/2008|19.4
24/02/2008|15.9
25/02/2008|16.7
26/02/2008|12.5
27/02/2008|13.5
28/02/2008|16.4
29/02/2008|14.4
01/03/2008|17
02/03/2008|15.7
03/03/2008|12.7
04/03/2008|11.7
05/03/2008|11.8
06/03/2008|15.8
07/03/2008|14.3
08/03/2008|11.3
09/03/2008|11.9
10/03/2008|12.9
11/03/2008|13.7
12/03/2008|16
13/03/2008|19
14/03/2008|17.4
15/03/2008|12.3
16/03/2008|14.4
17/03/2008|12.2
18/03/2008|13.8
19/03/2008|12.5
20/03/2008|12.3
21/03/2008|12.6
22/03/2008|9
23/03/2008|10.5
24/03/2008|12.2
25/03/2008|13.2
26/03/2008|10
27/03/2008|12.7
28/03/2008|16
29/03/2008|14.5
30/03/2008|12.3
31/03/2008|14.4
01/04/2008|18.2
02/04/2008|23.9
03/04/2008|26.6
04/04/2008|28
05/04/2008|27
06/04/2008|20
07/04/2008|11.4
08/04/2008|13.1
09/04/2008|9.2
10/04/2008|9.1
11/04/2008|13.1
12/04/2008|12.1
13/04/2008|14.1
14/04/2008|17.2
15/04/2008|19.7
16/04/2008|17.7
17/04/2008|13.4
18/04/2008|12.2
19/04/2008|12
20/04/2008|11.6
21/04/2008|14.2
22/04/2008|13.8
23/04/2008|17.2
24/04/2008|22.4
25/04/2008|26.3
26/04/2008|27.2
27/04/2008|19.6
28/04/2008|-9999
29/04/2008|12.2
30/04/2008|13.9
01/05/2008|13.6
02/05/2008|19.5
03/05/2008|21
04/05/2008|19.5
05/05/2008|21.8
06/05/2008|24.9
07/05/2008|22.4
08/05/2008|18.6
09/05/2008|14.1
10/05/2008|13.8
11/05/2008|17.7
12/05/2008|15.9
13/05/2008|15.1
14/05/2008|13.7
15/05/2008|16.2
16/05/2008|16.4
17/05/2008|17.9
18/05/2008|14.9
19/05/2008|20.3
20/05/2008|20.2
21/05/2008|17.3
22/05/2008|19.3
23/05/2008|16
24/05/2008|13.6
25/05/2008|17
26/05/2008|15.9
27/05/2008|16
28/05/2008|15.5
29/05/2008|16.2
30/05/2008|16.4
31/05/2008|18.7
01/06/2008|18.7
02/06/2008|19.3
03/06/2008|20.1
04/06/2008|19.4
05/06/2008|21.6
06/06/2008|19.9
07/06/2008|20.3
08/06/2008|20.5
09/06/2008|22.7
10/06/2008|23.5
11/06/2008|24.3
12/06/2008|26.5
13/06/2008|22.7
14/06/2008|24.5
15/06/2008|16.4
16/06/2008|17.9
17/06/2008|20.6
18/06/2008|20.8
19/06/2008|20.6
20/06/2008|22.9
21/06/2008|25.3
22/06/2008|24.9
23/06/2008|26.7
24/06/2008|22.3
25/06/2008|22
26/06/2008|22.5
27/06/2008|24.9
28/06/2008|27.4
29/06/2008|24.7
30/06/2008|29.3
01/07/2008|19
02/07/2008|18.3
03/07/2008|20.3
04/07/2008|17.5
05/07/2008|21.3
06/07/2008|18.4
07/07/2008|19.8
08/07/2008|24.1
09/07/2008|23.9
10/07/2008|19.2
11/07/2008|20.4
12/07/2008|19.5
13/07/2008|21.4
14/07/2008|27
15/07/2008|29.3
16/07/2008|26.1
17/07/2008|22.2
18/07/2008|29.6
19/07/2008|27.6
20/07/2008|21.9
21/07/2008|26.8
22/07/2008|34
23/07/2008|21.2
24/07/2008|19.3
25/07/2008|18.8
26/07/2008|23.6
27/07/2008|21.4
28/07/2008|21.7
29/07/2008|22.6
30/07/2008|22.8
31/07/2008|21.4
01/08/2008|22.1
02/08/2008|27.2
03/08/2008|27.4
04/08/2008|26.4
05/08/2008|29.4
06/08/2008|23.5
07/08/2008|20.4
08/08/2008|23
09/08/2008|28.9
10/08/2008|25
11/08/2008|19.6
12/08/2008|19
13/08/2008|21.1
14/08/2008|19.1
15/08/2008|20.1
16/08/2008|20.3
17/08/2008|20.9
18/08/2008|21
19/08/2008|21.3
20/08/2008|24.2
21/08/2008|21
22/08/2008|21.1
23/08/2008|23.7
24/08/2008|23.4
25/08/2008|23.7
26/08/2008|30.3
27/08/2008|30.5
28/08/2008|32.4
29/08/2008|28.1
30/08/2008|21.6
31/08/2008|21.5
01/09/2008|24
02/09/2008|20
03/09/2008|16.1
04/09/2008|17.5
05/09/2008|18.5
06/09/2008|18.8
07/09/2008|22.1
08/09/2008|21.5
09/09/2008|20.1
10/09/2008|21.9
11/09/2008|17.7
12/09/2008|18.4
13/09/2008|19.9
14/09/2008|22.7
15/09/2008|26
16/09/2008|22.2
17/09/2008|21.8
18/09/2008|24.1
19/09/2008|25
20/09/2008|29.3
21/09/2008|23.1
22/09/2008|20.9
23/09/2008|21.5
24/09/2008|22.3
25/09/2008|22.4
26/09/2008|22.8
27/09/2008|23.3
28/09/2008|25.7
29/09/2008|21.5
30/09/2008|19.4
01/10/2008|17.9
02/10/2008|17.2
03/10/2008|15.7
04/10/2008|17.9
05/10/2008|16.2
06/10/2008|18.3
07/10/2008|19.7
08/10/2008|18.8
09/10/2008|19.6
10/10/2008|25.3
11/10/2008|26.2
12/10/2008|22.7
13/10/2008|21.2
14/10/2008|21.9
15/10/2008|19.6
16/10/2008|18.9
17/10/2008|18.3
18/10/2008|18.7
19/10/2008|22.8
20/10/2008|21.8
21/10/2008|13.7
22/10/2008|14.8
23/10/2008|18.8
24/10/2008|19.2
25/10/2008|21.8
26/10/2008|22.2
27/10/2008|14.4
28/10/2008|11.7
29/10/2008|11.3
30/10/2008|13.4
31/10/2008|11
01/11/2008|9.8
02/11/2008|13
03/11/2008|11.3
04/11/2008|12.7
05/11/2008|16.8
06/11/2008|11.9
07/11/2008|13.5
08/11/2008|13
09/11/2008|14
10/11/2008|13.8
11/11/2008|13.1
12/11/2008|11.8
13/11/2008|13.8
14/11/2008|16.1
15/11/2008|16.7
16/11/2008|18.1
17/11/2008|17.1
18/11/2008|12.4
19/11/2008|13.7
20/11/2008|14.1
21/11/2008|14.5
22/11/2008|14
23/11/2008|12.1
24/11/2008|10.2
25/11/2008|9.2
26/11/2008|9.7
27/11/2008|9.8
28/11/2008|8.8
29/11/2008|5.6
30/11/2008|7.2
01/12/2008|6.2
02/12/2008|7.9
03/12/2008|11.7
04/12/2008|13.3
05/12/2008|12.8
06/12/2008|13.5
07/12/2008|14.3
08/12/2008|11.7
09/12/2008|9.9
10/12/2008|9.9
11/12/2008|10.3
12/12/2008|11.4
13/12/2008|11.6
14/12/2008|7.8
15/12/2008|9.4
16/12/2008|-9999
17/12/2008|11.1
18/12/2008|11.5
19/12/2008|12.9
20/12/2008|15.1
21/12/2008|16.5
22/12/2008|17.8
23/12/2008|16.9
24/12/2008|14.8
25/12/2008|13.9
26/12/2008|10.4
27/12/2008|9.7
28/12/2008|14.1
29/12/2008|12
30/12/2008|14.8
31/12/2008|13.9
01/01/2009|14.5
02/01/2009|12.8
03/01/2009|14.5
04/01/2009|9.5
05/01/2009|6.7
06/01/2009|7.7
07/01/2009|4.7
08/01/2009|7.8
09/01/2009|6.2
10/01/2009|10.3
11/01/2009|10.1
12/01/2009|9.8
13/01/2009|12.5
14/01/2009|10.3
15/01/2009|9.2
16/01/2009|10.5
17/01/2009|10.7
18/01/2009|13.5
19/01/2009|12.6
20/01/2009|5.6
21/01/2009|9.9
22/01/2009|13.4
23/01/2009|13.4
24/01/2009|11.1
25/01/2009|10.6
26/01/2009|10.6
27/01/2009|11.7
28/01/2009|12.7
29/01/2009|13.1
30/01/2009|12.7
31/01/2009|10.2
01/02/2009|11.5
02/02/2009|7.8
03/02/2009|8.5
04/02/2009|9.7
05/02/2009|9.5
06/02/2009|6.5
07/02/2009|9.8
08/02/2009|11.4
09/02/2009|12.1
10/02/2009|11.8
11/02/2009|12.2
12/02/2009|13.4
13/02/2009|17.4
14/02/2009|16.5
15/02/2009|15.9
16/02/2009|17.8
17/02/2009|17.1
18/02/2009|16.7
19/02/2009|14.6
20/02/2009|14.4
21/02/2009|18.2
22/02/2009|17.4
23/02/2009|17.2
24/02/2009|20.3
25/02/2009|19.6
26/02/2009|22.5
27/02/2009|22.3
28/02/2009|14.7
01/03/2009|10.4
02/03/2009|12.6
03/03/2009|11.8
04/03/2009|9.9
05/03/2009|10.8
06/03/2009|12.2
07/03/2009|13.7
08/03/2009|15
09/03/2009|15.5
10/03/2009|18.2
11/03/2009|24
12/03/2009|24.6
13/03/2009|21.5
14/03/2009|18
15/03/2009|22.8
16/03/2009|26.6
17/03/2009|24.2
18/03/2009|24.5
19/03/2009|24.8
20/03/2009|23.3
21/03/2009|21.8
22/03/2009|19.1
23/03/2009|21.7
24/03/2009|18.5
25/03/2009|18.4
26/03/2009|18.1
27/03/2009|18
28/03/2009|10.8
29/03/2009|10.9
30/03/2009|14.5
31/03/2009|15.1
01/04/2009|18.7
02/04/2009|16.7
03/04/2009|17.9
04/04/2009|17.6
05/04/2009|16.8
06/04/2009|12.8
07/04/2009|14.4
08/04/2009|13.7
09/04/2009|12.8
10/04/2009|13
11/04/2009|14.2
12/04/2009|17.5
13/04/2009|13.3
14/04/2009|11.7
15/04/2009|12
16/04/2009|14.1
17/04/2009|13.9
18/04/2009|13.6
19/04/2009|18.2
20/04/2009|19.8
21/04/2009|21.5
22/04/2009|23.9
23/04/2009|23.3
24/04/2009|15
25/04/2009|12.3
26/04/2009|14.4
27/04/2009|12.1
28/04/2009|12.4
29/04/2009|13.4
30/04/2009|14.5
01/05/2009|17.5
02/05/2009|25.9
03/05/2009|21.9
04/05/2009|20.4
05/05/2009|27
06/05/2009|25.2
07/05/2009|20.5
08/05/2009|17.9
09/05/2009|21.3
10/05/2009|23.7
11/05/2009|17
12/05/2009|14.5
13/05/2009|15.2
14/05/2009|14.4
15/05/2009|13.6
16/05/2009|12.6
17/05/2009|15.8
18/05/2009|16.1
19/05/2009|19.5
20/05/2009|20.7
21/05/2009|21.4
22/05/2009|19
23/05/2009|19.8
24/05/2009|15.6
25/05/2009|12.7
26/05/2009|16.9
27/05/2009|22
28/05/2009|30.2
29/05/2009|31.8
30/05/2009|30.4
31/05/2009|31.6
01/06/2009|29.4
02/06/2009|27.8
03/06/2009|20.6
04/06/2009|21.2
05/06/2009|17.3
06/06/2009|17
07/06/2009|15.1
08/06/2009|15.2
09/06/2009|15.9
10/06/2009|16.8
11/06/2009|23.3
12/06/2009|26.3
13/06/2009|26.9
14/06/2009|21.6
15/06/2009|20.7
16/06/2009|25.9
17/06/2009|27
18/06/2009|27.7
19/06/2009|22.8
20/06/2009|25.1
21/06/2009|28.9
22/06/2009|29.6
23/06/2009|22.4
24/06/2009|20.5
25/06/2009|19.3
26/06/2009|19.9
27/06/2009|20.8
28/06/2009|20.2
29/06/2009|21.9
30/06/2009|24.7
01/07/2009|23.6
02/07/2009|23.9
03/07/2009|19.1
04/07/2009|21.1
05/07/2009|20.2
06/07/2009|20.7
07/07/2009|20.5
08/07/2009|21.1
09/07/2009|22.1
10/07/2009|24.5
11/07/2009|24.5
12/07/2009|18.4
13/07/2009|19.6
14/07/2009|18.9
15/07/2009|21.6
16/07/2009|21.4
17/07/2009|20.4
18/07/2009|21.8
19/07/2009|27.1
20/07/2009|26.7
21/07/2009|20.3
22/07/2009|18.2
23/07/2009|18.8
24/07/2009|22.4
25/07/2009|25.5
26/07/2009|25.3
27/07/2009|22.3
28/07/2009|24
29/07/2009|18.1
30/07/2009|25.7
31/07/2009|20
01/08/2009|19.9
02/08/2009|20.9
03/08/2009|22.3
04/08/2009|23.4
05/08/2009|19.9
06/08/2009|17.5
07/08/2009|19.7
08/08/2009|20.2
09/08/2009|21.6
10/08/2009|25.6
11/08/2009|27.1
12/08/2009|31.9
13/08/2009|31.2
14/08/2009|30.8
15/08/2009|31.5
16/08/2009|29
17/08/2009|28
18/08/2009|29.5
19/08/2009|24.4
20/08/2009|21.2
21/08/2009|24.9
22/08/2009|26.1
23/08/2009|25.8
24/08/2009|18.4
25/08/2009|22.2
26/08/2009|20.8
27/08/2009|25.1
28/08/2009|19.6
29/08/2009|25.8
30/08/2009|31
31/08/2009|26
01/09/2009|22.5
02/09/2009|19.7
03/09/2009|20.8
04/09/2009|20.6
05/09/2009|25.3
06/09/2009|28.3
07/09/2009|28.3
08/09/2009|31.9
09/09/2009|26.3
10/09/2009|30.2
11/09/2009|30.5
12/09/2009|28.6
13/09/2009|26.4
14/09/2009|23.7
15/09/2009|20.2
16/09/2009|18.1
17/09/2009|16.3
18/09/2009|20
19/09/2009|17.8
20/09/2009|19.3
21/09/2009|22.7
22/09/2009|25.8
23/09/2009|28.7
24/09/2009|29.1
25/09/2009|25.9
26/09/2009|26.2
27/09/2009|27.7
28/09/2009|26.5
29/09/2009|28.4
30/09/2009|24.6
01/10/2009|24.3
02/10/2009|22.8
03/10/2009|22.4
04/10/2009|19.8
05/10/2009|20.5
06/10/2009|20.8
07/10/2009|19.5
08/10/2009|20.4
09/10/2009|19.4
10/10/2009|21.4
11/10/2009|22.9
12/10/2009|25
13/10/2009|23
14/10/2009|26.2
15/10/2009|22.5
16/10/2009|19.8
17/10/2009|21.9
18/10/2009|22.9
19/10/2009|16.1
20/10/2009|16.1
21/10/2009|12.3
22/10/2009|16.2
23/10/2009|17.4
24/10/2009|18.2
25/10/2009|22.1
26/10/2009|24.8
27/10/2009|20.5
28/10/2009|25.9
29/10/2009|21.4
30/10/2009|19.7
31/10/2009|18.8
01/11/2009|18.1
02/11/2009|14.9
03/11/2009|15.5
04/11/2009|14
05/11/2009|11.7
06/11/2009|15.8
07/11/2009|12.8
08/11/2009|14.2
09/11/2009|12.3
10/11/2009|15
11/11/2009|15.7
12/11/2009|16.3
13/11/2009|17.8
14/11/2009|15
15/11/2009|16.3
16/11/2009|14.9
17/11/2009|14.9
18/11/2009|15
19/11/2009|15.3
20/11/2009|15.2
21/11/2009|14.5
22/11/2009|13.9
23/11/2009|14.5
24/11/2009|14.3
25/11/2009|13
26/11/2009|12
27/11/2009|12.6
28/11/2009|12.4
29/11/2009|8.9
30/11/2009|11.6
01/12/2009|13.6
02/12/2009|12.2
03/12/2009|11.9
04/12/2009|12.6
05/12/2009|15.1
06/12/2009|15
07/12/2009|11.9
08/12/2009|12.9
09/12/2009|14.2
10/12/2009|17.3
11/12/2009|17.1
12/12/2009|14.4
13/12/2009|9.9
14/12/2009|7.6
15/12/2009|8.1
16/12/2009|5.8
17/12/2009|9.1
18/12/2009|8.8
19/12/2009|7.1
20/12/2009|7.9
21/12/2009|12.6
22/12/2009|8.6
23/12/2009|9.9
24/12/2009|13.4
25/12/2009|9.5
26/12/2009|10.7
27/12/2009|12.9
28/12/2009|15.4
29/12/2009|14.4
30/12/2009|11.4
31/12/2009|7.6
01/01/2010|10.2
02/01/2010|11.8
03/01/2010|13.4
04/01/2010|11.5
05/01/2010|8.5
06/01/2010|5.5
07/01/2010|5.3
08/01/2010|6.1
09/01/2010|4.8
10/01/2010|3.6
11/01/2010|10
12/01/2010|12.7
13/01/2010|12.1
14/01/2010|11.8
15/01/2010|13
16/01/2010|13.8
17/01/2010|12.9
18/01/2010|15.6
19/01/2010|12.9
20/01/2010|12.3
21/01/2010|12.6
22/01/2010|12.4
23/01/2010|10.9
24/01/2010|11
25/01/2010|10.1
26/01/2010|10.8
27/01/2010|8.2
28/01/2010|9.3
29/01/2010|10.6
30/01/2010|10.5
31/01/2010|11.4
01/02/2010|10.4
02/02/2010|12.8
03/02/2010|12.2
04/02/2010|12.3
05/02/2010|11.7
06/02/2010|11.8
07/02/2010|14.4
08/02/2010|12.3
09/02/2010|11
10/02/2010|8.5
11/02/2010|6.7
12/02/2010|9.5
13/02/2010|7.8
14/02/2010|8.3
15/02/2010|10.1
16/02/2010|9.8
17/02/2010|11.6
18/02/2010|10.2
19/02/2010|10
20/02/2010|10.2
21/02/2010|12.6
22/02/2010|12.3
23/02/2010|11.1
24/02/2010|12.8
25/02/2010|13.3
26/02/2010|12.3
27/02/2010|15
28/02/2010|9.3
01/03/2010|12.4
02/03/2010|17.2
03/03/2010|12.6
04/03/2010|13.9
05/03/2010|12.5
06/03/2010|15.4
07/03/2010|11.1
08/03/2010|8.3
09/03/2010|11.5
10/03/2010|11.7
11/03/2010|11.2
12/03/2010|11
13/03/2010|11.2
14/03/2010|14.4
15/03/2010|18
16/03/2010|18.2
17/03/2010|18.9
18/03/2010|13.9
19/03/2010|17
20/03/2010|14.2
21/03/2010|18.1
22/03/2010|15.4
23/03/2010|16.1
24/03/2010|13.1
25/03/2010|11
26/03/2010|11.8
27/03/2010|13.6
28/03/2010|14.5
29/03/2010|13
30/03/2010|10.8
31/03/2010|11.4
01/04/2010|11.2
02/04/2010|12.5
03/04/2010|9.8
04/04/2010|12.1
05/04/2010|18
06/04/2010|14
07/04/2010|14.9
08/04/2010|21.2
09/04/2010|24.5
10/04/2010|25
11/04/2010|22.8
12/04/2010|16
13/04/2010|16.6
14/04/2010|19.5
15/04/2010|21.1
16/04/2010|20.9
17/04/2010|18.6
18/04/2010|19.6
19/04/2010|20.5
20/04/2010|21.5
21/04/2010|20.7
22/04/2010|19.6
23/04/2010|17.1
24/04/2010|17.1
25/04/2010|21.8
26/04/2010|25.6
27/04/2010|25.1
28/04/2010|27.4
29/04/2010|19.8
30/04/2010|16
01/05/2010|16.8
02/05/2010|15.9
03/05/2010|13.3
04/05/2010|13.1
05/05/2010|14.8
06/05/2010|15.6
07/05/2010|15.8
08/05/2010|13
09/05/2010|12.4
10/05/2010|14.4
11/05/2010|14.6
12/05/2010|12.2
13/05/2010|13.8
14/05/2010|13.9
15/05/2010|15.2
16/05/2010|17.3
17/05/2010|26.2
18/05/2010|27.2
19/05/2010|27.3
20/05/2010|29.9
21/05/2010|31.8
22/05/2010|31.8
23/05/2010|26.6
24/05/2010|20.5
25/05/2010|16.6
26/05/2010|18
27/05/2010|19.4
28/05/2010|20.1
29/05/2010|18.9
30/05/2010|24.9
31/05/2010|27.1
01/06/2010|21.9
02/06/2010|27
03/06/2010|27.6
04/06/2010|24.6
05/06/2010|16.9
06/06/2010|21.6
07/06/2010|18.9
08/06/2010|14.5
09/06/2010|15.3
10/06/2010|15.5
11/06/2010|15.7
12/06/2010|18.7
13/06/2010|16.9
14/06/2010|17.2
15/06/2010|17.9
16/06/2010|17.4
17/06/2010|18.6
18/06/2010|21.7
19/06/2010|19.8
20/06/2010|21.5
21/06/2010|27.4
22/06/2010|29.4
23/06/2010|32.5
24/06/2010|31.8
25/06/2010|27.4
26/06/2010|23.2
27/06/2010|25.6
28/06/2010|29.2
29/06/2010|27.1
30/06/2010|31.2
01/07/2010|26.9
02/07/2010|18.4
03/07/2010|21.5
04/07/2010|25.6
05/07/2010|25.9
06/07/2010|27.4
07/07/2010|31.5
08/07/2010|30.6
09/07/2010|28.8
10/07/2010|26.1
11/07/2010|24.7
12/07/2010|19
13/07/2010|20.6
14/07/2010|20.1
15/07/2010|20.8
16/07/2010|24.3
17/07/2010|23.5
18/07/2010|33.7
19/07/2010|25.6
20/07/2010|22.6
21/07/2010|21.9
22/07/2010|21.4
23/07/2010|22.7
24/07/2010|26.5
25/07/2010|27.4
26/07/2010|30.9
27/07/2010|34
28/07/2010|34.6
29/07/2010|27.9
30/07/2010|28.7
31/07/2010|26
01/08/2010|21.2
02/08/2010|23
03/08/2010|25.1
04/08/2010|23.5
05/08/2010|23.9
06/08/2010|28.9
07/08/2010|28
08/08/2010|30.3
09/08/2010|29.1
10/08/2010|31
11/08/2010|29.2
12/08/2010|24
13/08/2010|22.1
14/08/2010|23.1
15/08/2010|23.8
16/08/2010|28.3
17/08/2010|27.7
18/08/2010|24.5
19/08/2010|28.1
20/08/2010|29
21/08/2010|34
22/08/2010|22.3
23/08/2010|19.5
24/08/2010|24.4
25/08/2010|24.7
26/08/2010|21.1
27/08/2010|22.9
28/08/2010|27.8
29/08/2010|31.2
30/08/2010|34.5
31/08/2010|35.8
01/09/2010|27.2
02/09/2010|27
03/09/2010|30.4
04/09/2010|31
05/09/2010|24.9
06/09/2010|20.2
07/09/2010|19.2
08/09/2010|18
09/09/2010|24.5
10/09/2010|27.9
11/09/2010|24.9
12/09/2010|22.4
13/09/2010|31.3
14/09/2010|33.5
15/09/2010|25.8
16/09/2010|24.2
17/09/2010|20.6
18/09/2010|22.9
19/09/2010|26.8
20/09/2010|26.5
21/09/2010|24.7
22/09/2010|25.2
23/09/2010|20.3
24/09/2010|19.5
25/09/2010|18.9
26/09/2010|20.7
27/09/2010|23.2
28/09/2010|24.1
29/09/2010|17.4
30/09/2010|20
01/10/2010|18.8
02/10/2010|19
03/10/2010|17.4
04/10/2010|18.6
05/10/2010|16.1
06/10/2010|18.4
07/10/2010|18.7
08/10/2010|19.3
09/10/2010|19.4
10/10/2010|20.6
11/10/2010|20.9
12/10/2010|22.4
13/10/2010|22
14/10/2010|20
15/10/2010|19
16/10/2010|17.4
17/10/2010|18.1
18/10/2010|17.4
19/10/2010|19.1
20/10/2010|20.7
21/10/2010|20.6
22/10/2010|18.2
23/10/2010|15.9
24/10/2010|16.8
25/10/2010|17.2
26/10/2010|18.9
27/10/2010|17.7
28/10/2010|19.7
29/10/2010|15.4
30/10/2010|14.2
31/10/2010|14.1
01/11/2010|14.5
02/11/2010|15.2
03/11/2010|17.7
04/11/2010|22.3
05/11/2010|22.6
06/11/2010|15.8
07/11/2010|12.6
08/11/2010|13.6
09/11/2010|12.1
10/11/2010|13.3
11/11/2010|13.6
12/11/2010|13.9
13/11/2010|15.4
14/11/2010|12.1
15/11/2010|13.3
16/11/2010|11.5
17/11/2010|12.3
18/11/2010|12.7
19/11/2010|12.5
20/11/2010|12.8
21/11/2010|11.4
22/11/2010|11.9
23/11/2010|12.4
24/11/2010|12.2
25/11/2010|10.4
26/11/2010|9.4
27/11/2010|9.6
28/11/2010|7.5
29/11/2010|6.5
30/11/2010|6.1
01/12/2010|9
02/12/2010|2.8
03/12/2010|5
04/12/2010|8.6
05/12/2010|15.7
06/12/2010|14.8
07/12/2010|15.9
08/12/2010|12.1
09/12/2010|11.3
10/12/2010|19.4
11/12/2010|19.4
12/12/2010|15.4
13/12/2010|16
14/12/2010|12.9
15/12/2010|10.2
16/12/2010|9.4
17/12/2010|6.9
18/12/2010|8.6
19/12/2010|9.2
20/12/2010|12
21/12/2010|11.8
22/12/2010|8.8
23/12/2010|6.8
24/12/2010|7.9
25/12/2010|8.8
26/12/2010|9.2
27/12/2010|10.9
28/12/2010|11.5
29/12/2010|14
30/12/2010|13.1
31/12/2010|15.7
01/01/2011|13.5
02/01/2011|13.9
03/01/2011|9.7
04/01/2011|13.9
05/01/2011|13.8
06/01/2011|14.5
07/01/2011|13.3
08/01/2011|11.8
09/01/2011|11.6
10/01/2011|12.6
11/01/2011|13.3
12/01/2011|12.7
13/01/2011|12.8
14/01/2011|13.1
15/01/2011|12.8
16/01/2011|11.8
17/01/2011|15.2
18/01/2011|11.7
19/01/2011|14.8
20/01/2011|15.3
21/01/2011|10.7
22/01/2011|9.1
23/01/2011|9.2
24/01/2011|10.8
25/01/2011|11.6
26/01/2011|9.4
27/01/2011|8.3
28/01/2011|10.2
29/01/2011|8.1
30/01/2011|9
31/01/2011|9.1
01/02/2011|10.3
02/02/2011|14.3
03/02/2011|14.1
04/02/2011|13.9
05/02/2011|14.5
06/02/2011|14.4
07/02/2011|14.8
08/02/2011|14
09/02/2011|13.1
10/02/2011|15.1
11/02/2011|13.3
12/02/2011|12
13/02/2011|9.3
14/02/2011|10.3
15/02/2011|9.3
16/02/2011|9.9
17/02/2011|12.3
18/02/2011|12.4
19/02/2011|15.1
20/02/2011|12.7
21/02/2011|12.3
22/02/2011|13.9
23/02/2011|14
24/02/2011|18.7
25/02/2011|18.5
26/02/2011|14.1
27/02/2011|12.5
28/02/2011|11.4
01/03/2011|10.1
02/03/2011|9.6
03/03/2011|11.6
04/03/2011|11.6
05/03/2011|15.3
06/03/2011|17.9
07/03/2011|18.7
08/03/2011|19.1
09/03/2011|16.4
10/03/2011|20.6
11/03/2011|19.9
12/03/2011|11.4
13/03/2011|10.3
14/03/2011|12.3
15/03/2011|11
16/03/2011|11.1
17/03/2011|12.6
18/03/2011|14.9
19/03/2011|20.3
20/03/2011|22.7
21/03/2011|21.5
22/03/2011|19.5
23/03/2011|16.3
24/03/2011|17.8
25/03/2011|16.6
26/03/2011|13.7
27/03/2011|12.7
28/03/2011|15.4
29/03/2011|12.4
30/03/2011|14.6
31/03/2011|21.2
01/04/2011|27.5
02/04/2011|16.8
03/04/2011|15.9
04/04/2011|19.8
05/04/2011|25.6
06/04/2011|30.1
07/04/2011|30.9
08/04/2011|28.4
09/04/2011|17.5
10/04/2011|17.4
11/04/2011|18.9
12/04/2011|22.3
13/04/2011|25.5
14/04/2011|21
15/04/2011|20.9
16/04/2011|23.6
17/04/2011|23.1
18/04/2011|22.6
19/04/2011|15.8
20/04/2011|18.6
21/04/2011|20.9
22/04/2011|13.2
23/04/2011|18.9
24/04/2011|17.6
25/04/2011|20
26/04/2011|22.8
27/04/2011|25.1
28/04/2011|25.2
29/04/2011|24.4
30/04/2011|21.6
01/05/2011|20
02/05/2011|20.2
03/05/2011|17.7
04/05/2011|19.1
05/05/2011|17.5
06/05/2011|20.3
07/05/2011|16.1
08/05/2011|14.9
09/05/2011|20.4
10/05/2011|22.5
11/05/2011|25.1
12/05/2011|22.1
13/05/2011|26
14/05/2011|18.7
15/05/2011|20.3
16/05/2011|25.1
17/05/2011|25.4
18/05/2011|23.9
19/05/2011|23.5
20/05/2011|21
21/05/2011|22.1
22/05/2011|21.7
23/05/2011|24
24/05/2011|27.4
25/05/2011|30.1
26/05/2011|18.2
27/05/2011|21.7
28/05/2011|28.5
29/05/2011|24.5
30/05/2011|18.5
31/05/2011|17.9
01/06/2011|22.2
02/06/2011|22.1
03/06/2011|25.8
04/06/2011|27
05/06/2011|21.8
06/06/2011|15.5
07/06/2011|16.4
08/06/2011|17.5
09/06/2011|19.1
10/06/2011|19
11/06/2011|21.5
12/06/2011|21.2
13/06/2011|18.9
14/06/2011|18.9
15/06/2011|20.2
16/06/2011|22.2
17/06/2011|19.5
18/06/2011|20.8
19/06/2011|25.3
20/06/2011|22
21/06/2011|19.8
22/06/2011|21.2
23/06/2011|20.2
24/06/2011|29.3
25/06/2011|36.6
26/06/2011|33.7
27/06/2011|26.8
28/06/2011|19.9
29/06/2011|21.2
30/06/2011|24.6
01/07/2011|33.2
02/07/2011|22.1
03/07/2011|25.4
04/07/2011|25.4
05/07/2011|23
06/07/2011|19.6
07/07/2011|18.7
08/07/2011|17.4
09/07/2011|22
10/07/2011|24.3
11/07/2011|26.4
12/07/2011|19.3
13/07/2011|22.1
14/07/2011|24.2
15/07/2011|27.5
16/07/2011|20.2
17/07/2011|20.4
18/07/2011|17
19/07/2011|19.6
20/07/2011|20.3
21/07/2011|19.4
22/07/2011|21.5
23/07/2011|22.3
24/07/2011|24.2
25/07/2011|25.1
26/07/2011|21.4
27/07/2011|24.6
28/07/2011|28.2
29/07/2011|28.6
30/07/2011|26
31/07/2011|27.9
01/08/2011|26.2
02/08/2011|21.8
03/08/2011|26.7
04/08/2011|20.6
05/08/2011|21.6
06/08/2011|20.5
07/08/2011|19.9
08/08/2011|21.9
09/08/2011|26
10/08/2011|30.7
11/08/2011|28.4
12/08/2011|27.1
13/08/2011|27
14/08/2011|19.8
15/08/2011|30.4
16/08/2011|31.7
17/08/2011|27
18/08/2011|25.7
19/08/2011|34.4
20/08/2011|34.1
21/08/2011|28.2
22/08/2011|18.6
23/08/2011|20.9
24/08/2011|23.6
25/08/2011|17.8
26/08/2011|20.6
27/08/2011|23.4
28/08/2011|25.8
29/08/2011|25.6
30/08/2011|20.5
31/08/2011|18.1
01/09/2011|21.5
02/09/2011|24
03/09/2011|20.9
04/09/2011|19.5
05/09/2011|20.8
06/09/2011|25.3
07/09/2011|24.9
08/09/2011|25
09/09/2011|20.7
10/09/2011|21.4
11/09/2011|19.7
12/09/2011|23.7
13/09/2011|20.5
14/09/2011|27.9
15/09/2011|24.4
16/09/2011|22.4
17/09/2011|19.9
18/09/2011|19.1
19/09/2011|21.5
20/09/2011|27.5
21/09/2011|23.6
22/09/2011|24
23/09/2011|17.1
24/09/2011|21.3
25/09/2011|23.3
26/09/2011|27.1
27/09/2011|26.5
28/09/2011|26
29/09/2011|28.5
30/09/2011|26.8
01/10/2011|30.3
02/10/2011|30.1
03/10/2011|29.1
04/10/2011|29
05/10/2011|30.3
06/10/2011|22.1
07/10/2011|18.6
08/10/2011|19.5
09/10/2011|26
10/10/2011|28.3
11/10/2011|30
12/10/2011|29.6
13/10/2011|31.9
14/10/2011|30.2
15/10/2011|29.7
16/10/2011|25
17/10/2011|24.4
18/10/2011|20.3
19/10/2011|17.2
20/10/2011|18.8
21/10/2011|21.7
22/10/2011|20.7
23/10/2011|16.1
24/10/2011|13.7
25/10/2011|13.7
26/10/2011|13.9
27/10/2011|14.7
28/10/2011|16
29/10/2011|18.3
30/10/2011|20.6
31/10/2011|14.5
01/11/2011|15.8
02/11/2011|17.4
03/11/2011|13.9
04/11/2011|13.4
05/11/2011|13.7
06/11/2011|13.9
07/11/2011|17.6
08/11/2011|13.8
09/11/2011|15
10/11/2011|15.7
11/11/2011|14.9
12/11/2011|22.3
13/11/2011|17.8
14/11/2011|17.2
15/11/2011|12.9
16/11/2011|13.2
17/11/2011|15.8
18/11/2011|13.2
19/11/2011|16.1
20/11/2011|16.9
21/11/2011|13.1
22/11/2011|12.1
23/11/2011|16.4
24/11/2011|18.3
25/11/2011|16.5
26/11/2011|16.6
27/11/2011|14.5
28/11/2011|11.8
29/11/2011|13.2
30/11/2011|13.6
01/12/2011|13.9
02/12/2011|12
03/12/2011|10.4
04/12/2011|12.6
05/12/2011|13.8
06/12/2011|12.6
07/12/2011|13.3
08/12/2011|12.9
09/12/2011|12
10/12/2011|13.5
11/12/2011|10.1
12/12/2011|12
13/12/2011|13.3
14/12/2011|12.1
15/12/2011|12.8
16/12/2011|14.5
17/12/2011|11.8
18/12/2011|9.9
19/12/2011|11.3
20/12/2011|11.1
21/12/2011|13.8
22/12/2011|14.6
23/12/2011|11.9
24/12/2011|12.3
25/12/2011|13.7
26/12/2011|14.1
27/12/2011|12.3
28/12/2011|10.1
29/12/2011|10.4
30/12/2011|11.7
31/12/2011|11.6
01/01/2012|12
02/01/2012|12.2
03/01/2012|12.5
04/01/2012|14.4
05/01/2012|12.2
06/01/2012|12.9
07/01/2012|13.9
08/01/2012|14.1
09/01/2012|15.2
10/01/2012|13.7
11/01/2012|13.1
12/01/2012|12.6
13/01/2012|11.4
14/01/2012|9.8
15/01/2012|8.9
16/01/2012|10.3
17/01/2012|10.9
18/01/2012|11.7
19/01/2012|12.1
20/01/2012|13.3
21/01/2012|11.9
22/01/2012|13.1
23/01/2012|12.9
24/01/2012|15.2
25/01/2012|13.4
26/01/2012|9.7
27/01/2012|10.4
28/01/2012|11.2
29/01/2012|11.8
30/01/2012|11.3
31/01/2012|9.6
01/02/2012|11
02/02/2012|6.8
03/02/2012|7.5
04/02/2012|7.8
05/02/2012|12.6
06/02/2012|11.7
07/02/2012|11.7
08/02/2012|8.9
09/02/2012|7.7
10/02/2012|11.4
11/02/2012|10.9
12/02/2012|8.1
13/02/2012|10.6
14/02/2012|10.1
15/02/2012|12.1
16/02/2012|12.8
17/02/2012|14.4
18/02/2012|13.6
19/02/2012|12.3
20/02/2012|15.4
21/02/2012|15.6
22/02/2012|17.1
23/02/2012|20.8
24/02/2012|20.5
25/02/2012|15.3
26/02/2012|17.3
27/02/2012|21.1
28/02/2012|16.2
29/02/2012|17.1
01/03/2012|20.5
02/03/2012|13.3
03/03/2012|15.3
04/03/2012|11.8
05/03/2012|14.2
06/03/2012|15.5
07/03/2012|16.1
08/03/2012|19
09/03/2012|24.5
10/03/2012|24.8
11/03/2012|22.6
12/03/2012|22.8
13/03/2012|21.9
14/03/2012|23.9
15/03/2012|22.1
16/03/2012|13.3
17/03/2012|11.9
18/03/2012|10.4
19/03/2012|13.2
20/03/2012|15
21/03/2012|16
22/03/2012|15.3
23/03/2012|24.9
24/03/2012|22.3
25/03/2012|25.5
26/03/2012|26.5
27/03/2012|24.5
28/03/2012|25
29/03/2012|24.8
30/03/2012|25.8
31/03/2012|23.2
01/04/2012|23.4
02/04/2012|14.9
03/04/2012|12.9
04/04/2012|13.1
05/04/2012|12.9
06/04/2012|8.3
07/04/2012|10.8
08/04/2012|18.1
09/04/2012|18.1
10/04/2012|13.7
11/04/2012|11.1
12/04/2012|13.7
13/04/2012|11.1
14/04/2012|12.7
15/04/2012|11.8
16/04/2012|14.6
17/04/2012|12.7
18/04/2012|9.9
19/04/2012|13.9
20/04/2012|13.8
21/04/2012|14.8
22/04/2012|13.3
23/04/2012|11.6
24/04/2012|11.6
25/04/2012|11.5
26/04/2012|12.4
27/04/2012|14.8
28/04/2012|16
29/04/2012|14
30/04/2012|11
01/05/2012|13.2
02/05/2012|14.3
03/05/2012|14.4
04/05/2012|12.9
05/05/2012|16
06/05/2012|15
07/05/2012|15.4
08/05/2012|15.2
09/05/2012|19.7
10/05/2012|23.9
11/05/2012|27.4
12/05/2012|25.1
13/05/2012|25.9
14/05/2012|16.8
15/05/2012|20.3
16/05/2012|29.9
17/05/2012|16.6
18/05/2012|18.2
19/05/2012|15
20/05/2012|16.5
21/05/2012|14.1
22/05/2012|20.2
23/05/2012|26.8
24/05/2012|29.7
25/05/2012|17
26/05/2012|16.3
27/05/2012|15.3
28/05/2012|23.1
29/05/2012|20.2
30/05/2012|26.1
31/05/2012|33.9
01/06/2012|33.2
02/06/2012|19.7
03/06/2012|21
04/06/2012|23.5
05/06/2012|18.3
06/06/2012|19.5
07/06/2012|17.3
08/06/2012|19.2
09/06/2012|16.4
10/06/2012|16.9
11/06/2012|16.6
12/06/2012|18.2
13/06/2012|20.6
14/06/2012|17.3
15/06/2012|17.1
16/06/2012|19.5
17/06/2012|16.5
18/06/2012|19
19/06/2012|20.5
20/06/2012|16.8
21/06/2012|18.7
22/06/2012|19.6
23/06/2012|25.5
24/06/2012|27.7
25/06/2012|28.5
26/06/2012|35.7
27/06/2012|28.1
28/06/2012|19.9
29/06/2012|19.5
30/06/2012|19.2
01/07/2012|21.2
02/07/2012|23.3
03/07/2012|19.7
04/07/2012|20
05/07/2012|18.9
06/07/2012|18.2
07/07/2012|19.4
08/07/2012|20.6
09/07/2012|19.5
10/07/2012|18.6
11/07/2012|19.1
12/07/2012|21
13/07/2012|19.6
14/07/2012|20.5
15/07/2012|22.3
16/07/2012|29.4
17/07/2012|34.7
18/07/2012|25.5
19/07/2012|23.7
20/07/2012|24.2
21/07/2012|26.5
22/07/2012|28.2
23/07/2012|31.6
24/07/2012|27.7
25/07/2012|30.4
26/07/2012|30.1
27/07/2012|27.1
28/07/2012|21.7
29/07/2012|23.5
30/07/2012|26.7
31/07/2012|23
01/08/2012|19.3
02/08/2012|25
03/08/2012|25.1
04/08/2012|18.5
05/08/2012|19.5
06/08/2012|22.3
07/08/2012|28
08/08/2012|30
09/08/2012|33.6
10/08/2012|27.2
11/08/2012|22.3
12/08/2012|21.3
13/08/2012|19.7
14/08/2012|20.6
15/08/2012|20.2
16/08/2012|22.2
17/08/2012|24.5
18/08/2012|26.4
19/08/2012|24.3
20/08/2012|28.2
21/08/2012|27.1
22/08/2012|23.8
23/08/2012|23.5
24/08/2012|19.9
25/08/2012|23
26/08/2012|25.5
27/08/2012|20.7
28/08/2012|22.1
29/08/2012|20.9
30/08/2012|21.3
31/08/2012|23.6
01/09/2012|26.9
02/09/2012|28.5
03/09/2012|27.2
04/09/2012|25.5
05/09/2012|27
06/09/2012|32.3
07/09/2012|32.5
08/09/2012|26.3
09/09/2012|22.2
10/09/2012|22.9
11/09/2012|25.5
12/09/2012|21.4
13/09/2012|23.8
14/09/2012|28.5
15/09/2012|31.6
16/09/2012|26
17/09/2012|20.6
18/09/2012|24.5
19/09/2012|24.1
20/09/2012|26.7
21/09/2012|21.3
22/09/2012|25.3
23/09/2012|18.7
24/09/2012|16.9
25/09/2012|14.5
26/09/2012|17.1
27/09/2012|19.2
28/09/2012|20.2
29/09/2012|20.1
30/09/2012|20.8
01/10/2012|21.5
02/10/2012|17.8
03/10/2012|18.2
04/10/2012|22.5
05/10/2012|22.5
06/10/2012|18.4
07/10/2012|22.1
08/10/2012|19.9
09/10/2012|22
10/10/2012|18.3
11/10/2012|18.1
12/10/2012|16.5
13/10/2012|16.4
14/10/2012|15.3
15/10/2012|15.1
16/10/2012|15.9
17/10/2012|14.2
18/10/2012|12.8
19/10/2012|14.8
20/10/2012|17.2
21/10/2012|19.1
22/10/2012|19.5
23/10/2012|24.8
24/10/2012|20.4
25/10/2012|19.9
26/10/2012|19
27/10/2012|14.3
28/10/2012|14
29/10/2012|15.8
30/10/2012|15.7
31/10/2012|12.9
01/11/2012|13.1
02/11/2012|15.9
03/11/2012|15.3
04/11/2012|13.4
05/11/2012|13.9
06/11/2012|13.5
07/11/2012|12.9
08/11/2012|14.6
09/11/2012|16.8
10/11/2012|12.4
11/11/2012|11.2
12/11/2012|14
13/11/2012|16.1
14/11/2012|18.8
15/11/2012|21.2
16/11/2012|18.9
17/11/2012|12.5
18/11/2012|12.8
19/11/2012|13.6
20/11/2012|13.6
21/11/2012|14.3
22/11/2012|11.1
23/11/2012|13.6
24/11/2012|16.6
25/11/2012|12
26/11/2012|10.8
27/11/2012|8.8
28/11/2012|8.9
29/11/2012|10.4
30/11/2012|9.9
01/12/2012|10.5
02/12/2012|11.1
03/12/2012|10.5
04/12/2012|10.9
05/12/2012|11.2
06/12/2012|12.2
07/12/2012|12.5
08/12/2012|12
09/12/2012|13.8
10/12/2012|10.2
11/12/2012|11.3
12/12/2012|10.1
13/12/2012|13.6
14/12/2012|14.2
15/12/2012|12.9
16/12/2012|13.7
17/12/2012|14.2
18/12/2012|13.6
19/12/2012|13.5
20/12/2012|12.9
21/12/2012|14
22/12/2012|14.6
23/12/2012|15.3
24/12/2012|14.4
25/12/2012|12
26/12/2012|11
27/12/2012|12.1
28/12/2012|13.2
29/12/2012|11.9
30/12/2012|11.8
31/12/2012|10.9
01/01/2013|13.4
02/01/2013|12.4
03/01/2013|18.2
04/01/2013|16.3
05/01/2013|14.2
06/01/2013|14.2
07/01/2013|13.6
08/01/2013|12.5
09/01/2013|13.5
10/01/2013|12.2
11/01/2013|10.8
12/01/2013|9
13/01/2013|10.5
14/01/2013|10.8
15/01/2013|9.2
16/01/2013|13.2
17/01/2013|13
18/01/2013|13.6
19/01/2013|12.6
20/01/2013|10.2
21/01/2013|9
22/01/2013|6.3
23/01/2013|10.1
24/01/2013|13.2
25/01/2013|12.1
26/01/2013|11.6
27/01/2013|12.6
28/01/2013|11.6
29/01/2013|12.2
30/01/2013|12.8
31/01/2013|13.5
01/02/2013|12.7
02/02/2013|9.8
03/02/2013|10.9
04/02/2013|11.6
05/02/2013|11.7
06/02/2013|10.2
07/02/2013|10.2
08/02/2013|10.8
09/02/2013|12.6
10/02/2013|10.1
11/02/2013|7.9
12/02/2013|8.7
13/02/2013|13.2
14/02/2013|13.4
15/02/2013|18.3
16/02/2013|13.2
17/02/2013|11.2
18/02/2013|15.4
19/02/2013|12.7
20/02/2013|12.6
21/02/2013|14.2
22/02/2013|9.1
23/02/2013|7
24/02/2013|9
25/02/2013|8.3
26/02/2013|9.6
27/02/2013|10.2
28/02/2013|12.1
01/03/2013|13.9
02/03/2013|14.4
03/03/2013|18.1
04/03/2013|14.7
05/03/2013|17.4
06/03/2013|13
07/03/2013|13.7
08/03/2013|13.7
09/03/2013|13.2
10/03/2013|12.6
11/03/2013|11.3
12/03/2013|9.6
13/03/2013|8.1
14/03/2013|11.8
15/03/2013|12.1
16/03/2013|8.8
17/03/2013|12.4
18/03/2013|9.3
19/03/2013|10.4
20/03/2013|11.9
21/03/2013|15.3
22/03/2013|12.2
23/03/2013|11.8
24/03/2013|13
25/03/2013|13.2
26/03/2013|13
27/03/2013|13.7
28/03/2013|13.1
29/03/2013|13.8
30/03/2013|14.7
31/03/2013|16.5
01/04/2013|13
02/04/2013|14.1
03/04/2013|11.8
04/04/2013|9.7
05/04/2013|9.3
06/04/2013|13.7
07/04/2013|10.8
08/04/2013|11.9
09/04/2013|12.3
10/04/2013|13.6
11/04/2013|13.5
12/04/2013|14.5
13/04/2013|17.7
14/04/2013|17.8
15/04/2013|16.1
16/04/2013|19.8
17/04/2013|18
18/04/2013|15
19/04/2013|16.9
20/04/2013|20.6
21/04/2013|17.2
22/04/2013|16.9
23/04/2013|25.3
24/04/2013|24.5
25/04/2013|25
26/04/2013|13.2
27/04/2013|10.7
28/04/2013|12.7
29/04/2013|14.4
30/04/2013|12.3
01/05/2013|12.2
02/05/2013|16.4
03/05/2013|22.8
04/05/2013|22.9
05/05/2013|21.9
06/05/2013|14.5
07/05/2013|18
08/05/2013|17
09/05/2013|15.1
10/05/2013|16.4
11/05/2013|15.4
12/05/2013|18.9
13/05/2013|20.2
14/05/2013|16.3
15/05/2013|15.3
16/05/2013|11.2
17/05/2013|11.4
18/05/2013|13
19/05/2013|13.1
20/05/2013|17
21/05/2013|17.2
22/05/2013|17.9
23/05/2013|16.3
24/05/2013|17
25/05/2013|18.2
26/05/2013|16
27/05/2013|16
28/05/2013|14.2
29/05/2013|13.9
30/05/2013|16
31/05/2013|17.4
01/06/2013|17.4
02/06/2013|20.7
03/06/2013|25.6
04/06/2013|27.7
05/06/2013|23.6
06/06/2013|15.8
07/06/2013|18.3
08/06/2013|13.6
09/06/2013|16.1
10/06/2013|14.4
11/06/2013|16.3
12/06/2013|19.6
13/06/2013|20
14/06/2013|20.9
15/06/2013|23.5
16/06/2013|16.4
17/06/2013|13.4
18/06/2013|17.8
19/06/2013|15.4
20/06/2013|15.8
21/06/2013|19.6
22/06/2013|20.1
23/06/2013|18.3
24/06/2013|23
25/06/2013|25.9
26/06/2013|25.4
27/06/2013|24.8
28/06/2013|24.8
29/06/2013|28.4
30/06/2013|31.9
01/07/2013|21.8
02/07/2013|26.4
03/07/2013|25.4
04/07/2013|31.2
05/07/2013|35.5
06/07/2013|38.2
07/07/2013|35.9
08/07/2013|37
09/07/2013|34.3
10/07/2013|30.4
11/07/2013|33.1
12/07/2013|27.6
13/07/2013|28.9
14/07/2013|31.5
15/07/2013|32
16/07/2013|31.6
17/07/2013|31.6
18/07/2013|33.7
19/07/2013|24.1
20/07/2013|24.6
21/07/2013|23.4
22/07/2013|23.1
23/07/2013|25.2
24/07/2013|21.2
25/07/2013|22.5
26/07/2013|22.8
27/07/2013|20.3
28/07/2013|19.3
29/07/2013|20.8
30/07/2013|28.2
31/07/2013|27
01/08/2013|24.1
02/08/2013|20.5
03/08/2013|24
04/08/2013|25.9
05/08/2013|23.8
06/08/2013|21.2
07/08/2013|21.7
08/08/2013|23.5
09/08/2013|27.1
10/08/2013|29.5
11/08/2013|30.6
12/08/2013|24.3
13/08/2013|25.9
14/08/2013|29.5
15/08/2013|28.7
16/08/2013|26.7
17/08/2013|29
18/08/2013|28.7
19/08/2013|26
20/08/2013|32.6
21/08/2013|25.7
22/08/2013|22.6
23/08/2013|27.5
24/08/2013|22.2
25/08/2013|21
26/08/2013|24
27/08/2013|25.7
28/08/2013|25.5
29/08/2013|27.1
30/08/2013|28.6
31/08/2013|28.7
01/09/2013|31.5
02/09/2013|33.2
03/09/2013|34
04/09/2013|31.6
05/09/2013|20
06/09/2013|18.4
07/09/2013|19.9
08/09/2013|23
09/09/2013|25.5
10/09/2013|22.7
11/09/2013|24.1
12/09/2013|28.3
13/09/2013|30.8
14/09/2013|22.5
15/09/2013|23.5
16/09/2013|21.1
17/09/2013|22
18/09/2013|20.8
19/09/2013|24.1
20/09/2013|24.4
21/09/2013|31.4
22/09/2013|33.9
23/09/2013|28.1
24/09/2013|24.1
25/09/2013|18.8
26/09/2013|23.2
27/09/2013|19.8
28/09/2013|18.1
29/09/2013|18.6
30/09/2013|19.9
01/10/2013|-9999
02/10/2013|-9999
03/10/2013|-9999
04/10/2013|-9999
05/10/2013|-9999
06/10/2013|-9999
07/10/2013|-9999
08/10/2013|-9999
09/10/2013|-9999
10/10/2013|-9999
11/10/2013|-9999
12/10/2013|-9999
13/10/2013|-9999
14/10/2013|-9999
15/10/2013|-9999
16/10/2013|-9999
17/10/2013|-9999
18/10/2013|-9999
19/10/2013|-9999
20/10/2013|-9999
21/10/2013|-9999
22/10/2013|-9999
23/10/2013|-9999
24/10/2013|-9999
25/10/2013|-9999
26/10/2013|-9999
27/10/2013|-9999
28/10/2013|-9999
29/10/2013|-9999
30/10/2013|-9999
31/10/2013|-9999
01/11/2013|17.3
02/11/2013|17.1
03/11/2013|14
04/11/2013|15.8
05/11/2013|16.3
06/11/2013|16.3
07/11/2013|16.2
08/11/2013|13.6
09/11/2013|15.4
10/11/2013|16.1
11/11/2013|15.5
12/11/2013|15.9
13/11/2013|15.7
14/11/2013|14.6
15/11/2013|13
16/11/2013|12.9
17/11/2013|12.6
18/11/2013|13.2
19/11/2013|11.8
20/11/2013|11.3
21/11/2013|9.9
22/11/2013|12.6
23/11/2013|12.2
24/11/2013|11.8
25/11/2013|12.9
26/11/2013|11.9
27/11/2013|11.4
28/11/2013|11.9
29/11/2013|13.8
30/11/2013|11.9
01/12/2013|12.2
02/12/2013|12
03/12/2013|13.1
04/12/2013|13.6
05/12/2013|14.5
06/12/2013|13.7
07/12/2013|14.2
08/12/2013|12.6
09/12/2013|12.3
10/12/2013|14.5
11/12/2013|15.9
12/12/2013|16.1
13/12/2013|13.1
14/12/2013|14.4
15/12/2013|15.1
16/12/2013|14.5
17/12/2013|12.5
18/12/2013|14.5
19/12/2013|11.8
20/12/2013|10.9
21/12/2013|10.8
22/12/2013|11.4
23/12/2013|17
24/12/2013|13.3
25/12/2013|8.3
26/12/2013|13.3
27/12/2013|14.4
28/12/2013|9.4
29/12/2013|9.8
30/12/2013|10.6
31/12/2013|11.7
01/01/2014|12.5
02/01/2014|14.2
03/01/2014|13.1
04/01/2014|11.3
05/01/2014|14.1
06/01/2014|13.5
07/01/2014|13
08/01/2014|13.1
09/01/2014|10.3
10/01/2014|11.6
11/01/2014|13.9
12/01/2014|11.8
13/01/2014|9.3
14/01/2014|12.4
15/01/2014|11.6
16/01/2014|9.8
17/01/2014|9.1
18/01/2014|7.9
19/01/2014|9
20/01/2014|9.7
21/01/2014|10.8
22/01/2014|10.1
23/01/2014|13
24/01/2014|10.4
25/01/2014|13.7
26/01/2014|11.9
27/01/2014|8.9
28/01/2014|10.9
29/01/2014|9.9
30/01/2014|9
31/01/2014|11.9
01/02/2014|10.3
02/02/2014|9.9
03/02/2014|8.6
04/02/2014|11.2
05/02/2014|10.9
06/02/2014|13.7
07/02/2014|11.4
08/02/2014|11.6
09/02/2014|11.7
10/02/2014|10.1
11/02/2014|11.9
12/02/2014|12.8
13/02/2014|13.6
14/02/2014|14
15/02/2014|9.4
16/02/2014|9.9
17/02/2014|9.1
18/02/2014|10.1
19/02/2014|11.1
20/02/2014|12.6
21/02/2014|9.3
22/02/2014|12.3
23/02/2014|14
24/02/2014|10.6
25/02/2014|10.3
26/02/2014|11.5
27/02/2014|14.2
28/02/2014|10.8
01/03/2014|12.2
02/03/2014|11.9
03/03/2014|10.6
04/03/2014|11.3
05/03/2014|13.3
06/03/2014|19.8
07/03/2014|20.2
08/03/2014|22.8
09/03/2014|22.1
10/03/2014|22.9
11/03/2014|20.9
12/03/2014|22.9
13/03/2014|22.5
14/03/2014|15.9
15/03/2014|19.5
16/03/2014|24.5
17/03/2014|18.1
18/03/2014|13.2
19/03/2014|22.7
20/03/2014|15.3
21/03/2014|13.9
22/03/2014|11.2
23/03/2014|12.1
24/03/2014|13
25/03/2014|11.3
26/03/2014|11.7
27/03/2014|11.9
28/03/2014|14.1
29/03/2014|14.1
30/03/2014|12
31/03/2014|15.8
01/04/2014|12.6
02/04/2014|14.2
03/04/2014|13.5
04/04/2014|13.2
05/04/2014|14.2
06/04/2014|15.3
07/04/2014|14
08/04/2014|17.8
09/04/2014|27.3
10/04/2014|24.5
11/04/2014|19.2
12/04/2014|19
13/04/2014|26.2
14/04/2014|25.1
15/04/2014|24.7
16/04/2014|23.7
17/04/2014|25.9
18/04/2014|14.9
19/04/2014|16.3
20/04/2014|14.6
21/04/2014|13.4
22/04/2014|16
23/04/2014|14.4
24/04/2014|12.4
25/04/2014|13
26/04/2014|14.6
27/04/2014|14.2
28/04/2014|15.8
29/04/2014|14.7
30/04/2014|17.2
01/05/2014|17
02/05/2014|19.3
03/05/2014|24.2
04/05/2014|25.2
05/05/2014|20.2
06/05/2014|16.8
07/05/2014|21.8
08/05/2014|21.5
09/05/2014|24.3
10/05/2014|18.5
11/05/2014|18.7
12/05/2014|17.4
13/05/2014|17.4
14/05/2014|25.9
15/05/2014|28.8
16/05/2014|26.4
17/05/2014|25.7
18/05/2014|22.7
19/05/2014|15
20/05/2014|12.8
21/05/2014|11.5
22/05/2014|14.6
23/05/2014|15.6
24/05/2014|14.3
25/05/2014|14.5
26/05/2014|14.9
27/05/2014|15.2
28/05/2014|17.1
29/05/2014|16.2
30/05/2014|18
31/05/2014|18.5
01/06/2014|21.6
02/06/2014|23.5
03/06/2014|20.2
04/06/2014|19.7
05/06/2014|17.2
06/06/2014|16.6
07/06/2014|17.7
08/06/2014|18
09/06/2014|16.7
10/06/2014|22.9
11/06/2014|28.8
12/06/2014|32
13/06/2014|28.8
14/06/2014|26.2
15/06/2014|27
16/06/2014|26.3
17/06/2014|28.1
18/06/2014|26.7
19/06/2014|25.1
20/06/2014|22.7
21/06/2014|21.6
22/06/2014|24.1
23/06/2014|24.5
24/06/2014|20.8
25/06/2014|19.6
26/06/2014|19
27/06/2014|21.4
28/06/2014|19.9
29/06/2014|20.2
30/06/2014|17.8
01/07/2014|17.9
02/07/2014|21.3
03/07/2014|24.5
04/07/2014|22.4
05/07/2014|17.5
06/07/2014|19.5
07/07/2014|20.9
08/07/2014|19.2
09/07/2014|21.4
10/07/2014|23.4
11/07/2014|23.3
12/07/2014|23
13/07/2014|23.9
14/07/2014|25.4
15/07/2014|28.3
16/07/2014|31.5
17/07/2014|20.5
18/07/2014|19
19/07/2014|19.4
20/07/2014|22.3
21/07/2014|25.3
22/07/2014|31
23/07/2014|26.3
24/07/2014|23.8
25/07/2014|23.4
26/07/2014|27
27/07/2014|29.2
28/07/2014|23.9
29/07/2014|24.8
30/07/2014|28
31/07/2014|28.9
01/08/2014|20.9
02/08/2014|21.5
03/08/2014|21.3
04/08/2014|24.4
05/08/2014|23.2
06/08/2014|22
07/08/2014|22.7
08/08/2014|20.6
09/08/2014|21.7
10/08/2014|20.8
11/08/2014|22.4
12/08/2014|20.5
13/08/2014|20.9
14/08/2014|20.9
15/08/2014|21.6
16/08/2014|23.8
17/08/2014|29.3
18/08/2014|26.3
19/08/2014|22.6
20/08/2014|23.5
21/08/2014|24.8
22/08/2014|22
23/08/2014|23.4
24/08/2014|25
25/08/2014|19.6
26/08/2014|19.7
27/08/2014|21.7
28/08/2014|21.6
29/08/2014|23
30/08/2014|28.1
31/08/2014|31.2
01/09/2014|33.4
02/09/2014|32.8
03/09/2014|24
04/09/2014|21.8
05/09/2014|26.5
06/09/2014|23
07/09/2014|20
08/09/2014|26.8
09/09/2014|28.6
10/09/2014|25.4
11/09/2014|26.8
12/09/2014|24.1
13/09/2014|25.8
14/09/2014|22.1
15/09/2014|22.9
16/09/2014|24.4
17/09/2014|20.9
18/09/2014|18.5
19/09/2014|18.4
20/09/2014|21.9
21/09/2014|26.4
22/09/2014|22
23/09/2014|20.3
24/09/2014|20.8
25/09/2014|23.2
26/09/2014|25.1
27/09/2014|24.7
28/09/2014|22.1
29/09/2014|22.2
30/09/2014|22.7
01/10/2014|24.7
02/10/2014|26.7
03/10/2014|26.6
04/10/2014|18
05/10/2014|20.4
06/10/2014|17.4
07/10/2014|17.6
08/10/2014|18.1
09/10/2014|16.8
10/10/2014|18.3
11/10/2014|18.2
12/10/2014|18.4
13/10/2014|14.5
14/10/2014|17.8
15/10/2014|18.5
16/10/2014|17
17/10/2014|20.6
18/10/2014|21.1
19/10/2014|23
20/10/2014|28.2
21/10/2014|26
22/10/2014|25.1
23/10/2014|26.4
24/10/2014|23.8
25/10/2014|25.3
26/10/2014|25.9
27/10/2014|23.9
28/10/2014|24.1
29/10/2014|23.4
30/10/2014|25.6
31/10/2014|21.2
01/11/2014|18.5
02/11/2014|15.3
03/11/2014|14.6
04/11/2014|12.3
05/11/2014|13.5
06/11/2014|15.5
07/11/2014|15.8
08/11/2014|12.2
09/11/2014|12.9
10/11/2014|12.6
11/11/2014|13.3
12/11/2014|14.6
13/11/2014|16.1
14/11/2014|11.8
15/11/2014|12.2
16/11/2014|11.3
17/11/2014|13.5
18/11/2014|14.3
19/11/2014|14.3
20/11/2014|18.3
21/11/2014|19.2
22/11/2014|13.8
23/11/2014|11.8
24/11/2014|14.3
25/11/2014|12.4
26/11/2014|13.1
27/11/2014|13.2
28/11/2014|12.2
29/11/2014|13.9
30/11/2014|17.1
01/12/2014|12.5
02/12/2014|12.8
03/12/2014|11.4
04/12/2014|10.2
05/12/2014|11.5
06/12/2014|11.2
07/12/2014|10.5
08/12/2014|12.2
09/12/2014|11
10/12/2014|11.8
11/12/2014|12.7
12/12/2014|11.4
13/12/2014|9.3
14/12/2014|11.3
15/12/2014|10
16/12/2014|12.9
17/12/2014|11.6
18/12/2014|12
19/12/2014|11.9
20/12/2014|13.2
21/12/2014|16.2
22/12/2014|12.1
23/12/2014|10.4
24/12/2014|12.2
25/12/2014|14.3
26/12/2014|11.6
27/12/2014|11.6
28/12/2014|11.1
29/12/2014|10.2
30/12/2014|11.8
31/12/2014|11.8
01/01/2015|14.5
02/01/2015|14.2
03/01/2015|12.3
04/01/2015|14.2
05/01/2015|11
06/01/2015|12.6
07/01/2015|13.4
08/01/2015|13.5
09/01/2015|12.3
10/01/2015|9.8
11/01/2015|14.2
12/01/2015|11.3
13/01/2015|11.5
14/01/2015|10.4
15/01/2015|10.4
16/01/2015|9.9
17/01/2015|7.5
18/01/2015|8
19/01/2015|9.5
20/01/2015|8.1
21/01/2015|8.6
22/01/2015|9.3
23/01/2015|10.5
24/01/2015|12.6
25/01/2015|12.3
26/01/2015|10.4
27/01/2015|13
28/01/2015|10.1
29/01/2015|12.3
30/01/2015|12.4
31/01/2015|10.1
01/02/2015|8.5
02/02/2015|9.8
03/02/2015|7.9
04/02/2015|6.2
05/02/2015|8.1
06/02/2015|5.7
07/02/2015|7.4
08/02/2015|10.8
09/02/2015|14.3
10/02/2015|14.9
11/02/2015|13.1
12/02/2015|10.7
13/02/2015|10.4
14/02/2015|11
15/02/2015|11.3
16/02/2015|11.4
17/02/2015|11.2
18/02/2015|12.9
19/02/2015|11.2
20/02/2015|11.1
21/02/2015|11.3
22/02/2015|10.4
23/02/2015|11.7
24/02/2015|11.4
25/02/2015|12.5
26/02/2015|11.2
27/02/2015|11.4
28/02/2015|13.1
01/03/2015|12.5
02/03/2015|12.6
03/03/2015|11.7
04/03/2015|12.6
05/03/2015|18
06/03/2015|20.1
07/03/2015|22.8
08/03/2015|19.7
09/03/2015|21.8
10/03/2015|18.6
11/03/2015|15.8
12/03/2015|11.8
13/03/2015|12.5
14/03/2015|12.2
15/03/2015|10.4
16/03/2015|14.8
17/03/2015|16.8
18/03/2015|16.8
19/03/2015|16.4
20/03/2015|13.4
21/03/2015|15.2
22/03/2015|13.1
23/03/2015|11.5
24/03/2015|10.7
25/03/2015|11.2
26/03/2015|13.6
27/03/2015|15.5
28/03/2015|14.8
29/03/2015|14.8
30/03/2015|17.4
31/03/2015|16.4
01/04/2015|20
02/04/2015|25.9
03/04/2015|21
04/04/2015|19.3
05/04/2015|26
06/04/2015|24.3
07/04/2015|25.6
08/04/2015|21.9
09/04/2015|16.1
10/04/2015|13.4
11/04/2015|19.5
12/04/2015|25
13/04/2015|27.1
14/04/2015|24.5
15/04/2015|16.5
16/04/2015|13
17/04/2015|13.2
18/04/2015|15.6
19/04/2015|15.9
20/04/2015|20.9
21/04/2015|24.5
22/04/2015|15.5
23/04/2015|19.4
24/04/2015|15.1
25/04/2015|14.9
26/04/2015|16.8
27/04/2015|16.2
28/04/2015|17.5
29/04/2015|17.3
30/04/2015|14.9
01/05/2015|16.9
02/05/2015|15.3
03/05/2015|19.1
04/05/2015|18.4
05/05/2015|14.4
06/05/2015|17.3
07/05/2015|18.5
08/05/2015|16.2
09/05/2015|22.1
10/05/2015|23.2
11/05/2015|26
12/05/2015|25.8
13/05/2015|19.3
14/05/2015|16.3
15/05/2015|17.5
16/05/2015|21.7
17/05/2015|25
18/05/2015|18.4
19/05/2015|14.2
20/05/2015|15.2
21/05/2015|19
22/05/2015|18.8
23/05/2015|21
24/05/2015|21.2
25/05/2015|22.3
26/05/2015|22.3
27/05/2015|25
28/05/2015|23.8
29/05/2015|22.2
30/05/2015|22.8
31/05/2015|18.1
01/06/2015|22.3
02/06/2015|23.9
03/06/2015|26.6
04/06/2015|27.8
05/06/2015|23.2
06/06/2015|25.3
07/06/2015|32.9
08/06/2015|29.2
09/06/2015|23.5
10/06/2015|21.1
11/06/2015|19.6
12/06/2015|16.2
13/06/2015|16.8
14/06/2015|19.4
15/06/2015|21.4
16/06/2015|22
17/06/2015|28
18/06/2015|29.7
19/06/2015|29.4
20/06/2015|32.4
21/06/2015|34.5
22/06/2015|25
23/06/2015|18.8
24/06/2015|25.3
25/06/2015|26.5
26/06/2015|27
27/06/2015|29.8
28/06/2015|26.3
29/06/2015|36.3
30/06/2015|26.4
01/07/2015|23.2
02/07/2015|24.4
03/07/2015|22.3
04/07/2015|25.1
05/07/2015|25.1
06/07/2015|30.1
07/07/2015|22.1
08/07/2015|24.3
09/07/2015|35.8
10/07/2015|24.4
11/07/2015|24.7
12/07/2015|25.5
13/07/2015|27.4
14/07/2015|30.6
15/07/2015|30.1
16/07/2015|25.6
17/07/2015|29.8
18/07/2015|20.5
19/07/2015|22
20/07/2015|27.1
21/07/2015|28.5
22/07/2015|25.5
23/07/2015|28.5
24/07/2015|21
25/07/2015|26.4
26/07/2015|23.3
27/07/2015|25.5
28/07/2015|22.9
29/07/2015|24.2
30/07/2015|22.2
31/07/2015|21.5
01/08/2015|29.7
02/08/2015|24.2
03/08/2015|23.1
04/08/2015|27.8
05/08/2015|20
06/08/2015|25.1
07/08/2015|21.4
08/08/2015|22.6
09/08/2015|30.4
10/08/2015|28.9
11/08/2015|27.1
12/08/2015|21
13/08/2015|16.3
14/08/2015|18
15/08/2015|21.6
16/08/2015|19.5
17/08/2015|23.8
18/08/2015|23.9
19/08/2015|27.4
20/08/2015|31.3
21/08/2015|28.5
22/08/2015|19.4
23/08/2015|17
24/08/2015|19.8
25/08/2015|19.3
26/08/2015|19.5
27/08/2015|20.4
28/08/2015|21.5
29/08/2015|27.5
30/08/2015|28.8
31/08/2015|19.6
01/09/2015|20.7
02/09/2015|18.4
03/09/2015|18.4
04/09/2015|19.8
05/09/2015|23.3
06/09/2015|26.5
07/09/2015|28.9
08/09/2015|25.2
09/09/2015|18.6
10/09/2015|22.8
11/09/2015|20.1
12/09/2015|18.8
13/09/2015|18.9
14/09/2015|17.8
15/09/2015|18.4
16/09/2015|16.9
17/09/2015|18
18/09/2015|18.9
19/09/2015|24.6
20/09/2015|26
21/09/2015|22.6
22/09/2015|16.7
23/09/2015|19.4
24/09/2015|25.6
25/09/2015|27.5
26/09/2015|26.8
27/09/2015|24.9
28/09/2015|27.2
29/09/2015|26.4
30/09/2015|20
01/10/2015|22
02/10/2015|19.9
03/10/2015|16
04/10/2015|19.7
05/10/2015|19.2
06/10/2015|16.1
07/10/2015|18.1
08/10/2015|20.3
09/10/2015|22.1
10/10/2015|18.2
11/10/2015|20.3
12/10/2015|17.6
13/10/2015|19.8
14/10/2015|18.9
15/10/2015|20.5
16/10/2015|20.5
17/10/2015|24.1
18/10/2015|17.5
19/10/2015|15.2
20/10/2015|17.3
21/10/2015|19
22/10/2015|21.2
23/10/2015|21.4
24/10/2015|16.7
25/10/2015|22.3
26/10/2015|17.3
27/10/2015|13.1
28/10/2015|14.5
29/10/2015|17.3
30/10/2015|18.7
31/10/2015|17.1
01/11/2015|20.1
02/11/2015|21.5
03/11/2015|15.6
04/11/2015|17.5
05/11/2015|17.6
06/11/2015|18.5
07/11/2015|21.7
08/11/2015|20
09/11/2015|20.3
10/11/2015|19.1
11/11/2015|20.3
12/11/2015|17.9
13/11/2015|17.8
14/11/2015|20.7
15/11/2015|18.1
16/11/2015|16.9
17/11/2015|15
18/11/2015|15.5
19/11/2015|18
20/11/2015|15.8
21/11/2015|15.4
22/11/2015|11.3
23/11/2015|12.2
24/11/2015|9.9
25/11/2015|14.5
26/11/2015|13.9
27/11/2015|14.5
28/11/2015|12.1
29/11/2015|14.5
30/11/2015|14.1
01/12/2015|14.5
02/12/2015|15.6
03/12/2015|17.4
04/12/2015|15.3
05/12/2015|15.4
06/12/2015|15.2
07/12/2015|14.1
08/12/2015|15.2
09/12/2015|15.9
10/12/2015|13.2
11/12/2015|13
12/12/2015|15
13/12/2015|13.2
14/12/2015|16.4
15/12/2015|16.4
16/12/2015|19.9
17/12/2015|17
18/12/2015|16.3
19/12/2015|18.3
20/12/2015|13.1
21/12/2015|12.8
22/12/2015|12.5
23/12/2015|11.8
24/12/2015|13.2
25/12/2015|15.6
26/12/2015|16.4
27/12/2015|17.5
28/12/2015|15.4
29/12/2015|13.9
30/12/2015|15
31/12/2015|12.4
01/01/2016|13.1
02/01/2016|11.8
03/01/2016|14.1
04/01/2016|11.5
05/01/2016|8.9
06/01/2016|13.2
07/01/2016|14.1
08/01/2016|13.9
09/01/2016|12.4
10/01/2016|11.2
11/01/2016|11.8
12/01/2016|11.2
13/01/2016|13.2
14/01/2016|13.2
15/01/2016|10.2
16/01/2016|13.2
17/01/2016|9.6
18/01/2016|10.7
19/01/2016|12.1
20/01/2016|13.6
21/01/2016|14.1
22/01/2016|14.9
23/01/2016|16.5
24/01/2016|20.4
25/01/2016|16.6
26/01/2016|12.1
27/01/2016|12.4
28/01/2016|10.5
29/01/2016|12.7
30/01/2016|11.5
31/01/2016|12.9
01/02/2016|12.4
02/02/2016|12.8
03/02/2016|11.5
04/02/2016|14.8
05/02/2016|14
06/02/2016|12.2
07/02/2016|11
08/02/2016|13.2
09/02/2016|12.6
10/02/2016|13.1
11/02/2016|13.5
12/02/2016|13.7
13/02/2016|13.6
14/02/2016|9
15/02/2016|9.4
16/02/2016|10.8
17/02/2016|7.3
18/02/2016|8.5
19/02/2016|10.9
20/02/2016|15.9
21/02/2016|18.6
22/02/2016|11.4
23/02/2016|11.9
24/02/2016|11.8
25/02/2016|11.6
26/02/2016|9.2
27/02/2016|6.6
28/02/2016|8.7
29/02/2016|11.8
01/03/2016|15.6
02/03/2016|12.1
03/03/2016|11.5
04/03/2016|11.2
05/03/2016|9.6
06/03/2016|11.4
07/03/2016|9.9
08/03/2016|11.7
09/03/2016|11.1
10/03/2016|12.3
11/03/2016|13.7
12/03/2016|16
13/03/2016|18.4
14/03/2016|17.2
15/03/2016|17.7
16/03/2016|16.5
17/03/2016|14.7
18/03/2016|9.1
19/03/2016|13.6
20/03/2016|10.8
21/03/2016|15.4
22/03/2016|15.4
23/03/2016|13.6
24/03/2016|16.9
25/03/2016|12.7
26/03/2016|13.7
27/03/2016|12.1
28/03/2016|14.7
29/03/2016|13.1
30/03/2016|11.9
31/03/2016|12.2
01/04/2016|14.8
02/04/2016|11
03/04/2016|10.6
04/04/2016|12.8
05/04/2016|14.5
06/04/2016|17.4
07/04/2016|12.1
08/04/2016|13.5
09/04/2016|11.6
10/04/2016|8.1
11/04/2016|11
12/04/2016|12.9
13/04/2016|14
14/04/2016|14.1
15/04/2016|13.1
16/04/2016|11.4
17/04/2016|14.9
18/04/2016|19.1
19/04/2016|19.3
20/04/2016|18.3
21/04/2016|15.7
22/04/2016|16.5
23/04/2016|16.2
24/04/2016|17.9
25/04/2016|22
26/04/2016|17.3
27/04/2016|16
28/04/2016|15.9
29/04/2016|17.6
30/04/2016|15.2
01/05/2016|18.8
02/05/2016|22.6
03/05/2016|26.4
04/05/2016|29.5
05/05/2016|17.8
06/05/2016|16.3
07/05/2016|13.6
08/05/2016|15.9
09/05/2016|15.4
10/05/2016|15.7
11/05/2016|17.5
12/05/2016|16.2
13/05/2016|12.7
14/05/2016|13.8
15/05/2016|19.5
16/05/2016|22.7
17/05/2016|21.9
18/05/2016|17.5
19/05/2016|20
20/05/2016|25.3
21/05/2016|17.3
22/05/2016|17
23/05/2016|22.4
24/05/2016|16.6
25/05/2016|16.9
26/05/2016|19.5
27/05/2016|18.7
28/05/2016|18
29/05/2016|17.5
30/05/2016|17.5
31/05/2016|21
01/06/2016|24.1
02/06/2016|26.8
03/06/2016|20.6
04/06/2016|21.9
05/06/2016|21.1
06/06/2016|21.8
07/06/2016|28.2
08/06/2016|27.2
09/06/2016|24
10/06/2016|20.6
11/06/2016|21
12/06/2016|18.8
13/06/2016|21
14/06/2016|18.5
15/06/2016|14.4
16/06/2016|17.8
17/06/2016|17.4
18/06/2016|20.5
19/06/2016|24.6
20/06/2016|27.2
21/06/2016|27.9
22/06/2016|27.8
23/06/2016|23.5
24/06/2016|20.4
25/06/2016|20.3
26/06/2016|21.3
27/06/2016|25.5
28/06/2016|21.5
29/06/2016|25.6
30/06/2016|23.6
01/07/2016|20.9
02/07/2016|23.1
03/07/2016|25.8
04/07/2016|26.7
05/07/2016|25.1
06/07/2016|31.2
07/07/2016|31.2
08/07/2016|29.3
09/07/2016|30.9
10/07/2016|26.1
11/07/2016|22.4
12/07/2016|21.5
13/07/2016|22.7
14/07/2016|27.6
15/07/2016|31.5
16/07/2016|35.2
17/07/2016|36.4
18/07/2016|36.1
19/07/2016|24.9
20/07/2016|25
21/07/2016|25.3
22/07/2016|23
23/07/2016|26.4
24/07/2016|30.5
25/07/2016|28.4
26/07/2016|27.3
27/07/2016|26
28/07/2016|27.6
29/07/2016|27
30/07/2016|24.8
31/07/2016|24.2
01/08/2016|26
02/08/2016|28.1
03/08/2016|29.5
04/08/2016|23.3
05/08/2016|27.3
06/08/2016|33.4
07/08/2016|36.6
08/08/2016|31.2
09/08/2016|24.6
10/08/2016|24.2
11/08/2016|30.1
12/08/2016|33.6
13/08/2016|31.9
14/08/2016|33.5
15/08/2016|28.8
16/08/2016|23.9
17/08/2016|24.2
18/08/2016|27.7
19/08/2016|25
20/08/2016|24.6
21/08/2016|29
22/08/2016|36.6
23/08/2016|32.2
24/08/2016|31
25/08/2016|24
26/08/2016|31.9
27/08/2016|29.2
28/08/2016|24.8
29/08/2016|25.1
30/08/2016|30.4
31/08/2016|26
01/09/2016|33.8
02/09/2016|30.4
03/09/2016|33.6
04/09/2016|31.6
05/09/2016|33.7
06/09/2016|40
07/09/2016|28
08/09/2016|24.9
09/09/2016|26.3
10/09/2016|20.8
11/09/2016|27.7
12/09/2016|24.1
13/09/2016|19.4
14/09/2016|16.5
15/09/2016|19.9
16/09/2016|20.7
17/09/2016|21.3
18/09/2016|23.2
19/09/2016|23.6
20/09/2016|21.8
21/09/2016|22.1
22/09/2016|22.4
23/09/2016|25.1
24/09/2016|19.5
25/09/2016|20
26/09/2016|21
27/09/2016|22
28/09/2016|29.1
29/09/2016|26.4
30/09/2016|17.9
01/10/2016|18.9
02/10/2016|21.8
03/10/2016|23.3
04/10/2016|19.3
05/10/2016|18.4
06/10/2016|24.7
07/10/2016|22.4
08/10/2016|21.5
09/10/2016|22.3
10/10/2016|22.9
11/10/2016|15.9
12/10/2016|20
13/10/2016|15.8
14/10/2016|15.7
15/10/2016|15.3
16/10/2016|16.8
17/10/2016|18.3
18/10/2016|21
19/10/2016|20.9
20/10/2016|20.6
21/10/2016|22.2
22/10/2016|18.6
23/10/2016|15.4
24/10/2016|19.7
25/10/2016|23.1
26/10/2016|26.1
27/10/2016|27.4
28/10/2016|27.6
29/10/2016|25.6
30/10/2016|24.6
31/10/2016|23.4
01/11/2016|22.1
02/11/2016|21.3
03/11/2016|21.6
04/11/2016|16.4
05/11/2016|13.2
06/11/2016|12.1
07/11/2016|11.4
08/11/2016|13.7
09/11/2016|13.5
10/11/2016|15.2
11/11/2016|14
12/11/2016|14.6
13/11/2016|14.6
14/11/2016|16.2
15/11/2016|18
16/11/2016|19.3
17/11/2016|16.3
18/11/2016|13.5
19/11/2016|13.9
20/11/2016|15.6
21/11/2016|10.6
22/11/2016|10.9
23/11/2016|10.9
24/11/2016|8.2
25/11/2016|12.2
26/11/2016|11.2
27/11/2016|14.9
28/11/2016|14.7
29/11/2016|16.3
30/11/2016|16.6
01/12/2016|15.4
02/12/2016|16.6
03/12/2016|16
04/12/2016|19.2
05/12/2016|19.9
06/12/2016|19.7
07/12/2016|17.4
08/12/2016|18.4
09/12/2016|18
10/12/2016|16.4
11/12/2016|17.6
12/12/2016|17.7
13/12/2016|15.3
14/12/2016|13.4
15/12/2016|10.4
16/12/2016|11.6
17/12/2016|15.3
18/12/2016|13.4
19/12/2016|12.2
20/12/2016|10.9
21/12/2016|10.7
22/12/2016|13
23/12/2016|12.9
24/12/2016|15
25/12/2016|14.4
26/12/2016|12.4
27/12/2016|13.7
28/12/2016|14.4
29/12/2016|15.5
30/12/2016|14.5
31/12/2016|14.1
01/01/2017|9.5
02/01/2017|12
03/01/2017|13.5
04/01/2017|15.8
05/01/2017|16.3
06/01/2017|15.8
07/01/2017|14.4
08/01/2017|15
09/01/2017|12.4
10/01/2017|11.8
11/01/2017|13.8
12/01/2017|11.6
13/01/2017|9.2
14/01/2017|9.8
15/01/2017|10.8
16/01/2017|11.8
17/01/2017|13.5
18/01/2017|8.3
19/01/2017|7.1
20/01/2017|12.1
21/01/2017|12.5
22/01/2017|11
23/01/2017|11.8
24/01/2017|12.5
25/01/2017|12.9
26/01/2017|12.5
27/01/2017|9.5
28/01/2017|11.1
29/01/2017|13.2
30/01/2017|13.4
31/01/2017|11.4
01/02/2017|12.1
02/02/2017|13.4
03/02/2017|13.4
04/02/2017|13
05/02/2017|10.3
06/02/2017|13.1
07/02/2017|11.9
08/02/2017|11.4
09/02/2017|13.6
10/02/2017|11.4
11/02/2017|12.2
12/02/2017|9.8
13/02/2017|11.4
14/02/2017|12.1
15/02/2017|18.1
16/02/2017|20
17/02/2017|17.6
18/02/2017|12.3
19/02/2017|15.8
20/02/2017|17
21/02/2017|18.6
22/02/2017|22
23/02/2017|13.4
24/02/2017|15.1
25/02/2017|15.7
26/02/2017|11.7
27/02/2017|12.6
28/02/2017|12.1
01/03/2017|11.7
02/03/2017|13.1
03/03/2017|10.2
04/03/2017|11.4
05/03/2017|13.4
06/03/2017|17.1
07/03/2017|14.1
08/03/2017|18.2
09/03/2017|24.1
10/03/2017|25.2
11/03/2017|13.8
12/03/2017|12.5
13/03/2017|14.1
14/03/2017|18.6
15/03/2017|24.4
16/03/2017|22
17/03/2017|21.1
18/03/2017|20.3
19/03/2017|15.8
20/03/2017|12.4
21/03/2017|14
22/03/2017|7.9
23/03/2017|9
24/03/2017|12.7
25/03/2017|12.8
26/03/2017|13.9
27/03/2017|13.4
28/03/2017|16.4
29/03/2017|19.1
30/03/2017|18.5
31/03/2017|13.3
01/04/2017|14.6
02/04/2017|17.7
03/04/2017|22.9
04/04/2017|18.4
05/04/2017|18.6
06/04/2017|23.8
07/04/2017|26.1
08/04/2017|23.3
09/04/2017|26.9
10/04/2017|28.8
11/04/2017|26
12/04/2017|24.3
13/04/2017|21.2
14/04/2017|18.7
15/04/2017|18
16/04/2017|26
17/04/2017|25.5
18/04/2017|21.9
19/04/2017|19.6
20/04/2017|24.1
21/04/2017|27
22/04/2017|26.9
23/04/2017|27.5
24/04/2017|24.4
25/04/2017|14.1
26/04/2017|12.8
27/04/2017|14.3
28/04/2017|19.1
29/04/2017|15.6
30/04/2017|12
01/05/2017|13.1
02/05/2017|23.6
03/05/2017|27
04/05/2017|27.7
05/05/2017|15.3
06/05/2017|18
07/05/2017|25.5
08/05/2017|27.2
09/05/2017|21.3
10/05/2017|17.3
11/05/2017|15.2
12/05/2017|16.2
13/05/2017|16.5
14/05/2017|19.2
15/05/2017|21.8
16/05/2017|26.4
17/05/2017|17.2
18/05/2017|16.5
19/05/2017|18.5
20/05/2017|22.8
21/05/2017|28.2
22/05/2017|22.9
23/05/2017|30.2
24/05/2017|32.7
25/05/2017|25.1
26/05/2017|21.1
27/05/2017|19.8
28/05/2017|20.9
29/05/2017|21.7
30/05/2017|23.5
31/05/2017|26.8
01/06/2017|25.7
02/06/2017|20.8
03/06/2017|18.7
04/06/2017|19.9
05/06/2017|16.6
06/06/2017|19.4
07/06/2017|26.6
08/06/2017|22.3
09/06/2017|21.9
10/06/2017|25.8
11/06/2017|20.9
12/06/2017|27.2
13/06/2017|26.5
14/06/2017|26.1
15/06/2017|24.2
16/06/2017|31
17/06/2017|34.4
18/06/2017|34.3
19/06/2017|32.2
20/06/2017|33.7
21/06/2017|29.1
22/06/2017|24.1
23/06/2017|26.2
24/06/2017|24.2
25/06/2017|28
26/06/2017|23.1
27/06/2017|18.8
28/06/2017|18
29/06/2017|16.7
30/06/2017|17.9
01/07/2017|19.6
02/07/2017|26.4
03/07/2017|34
04/07/2017|33.1
05/07/2017|22.1
06/07/2017|27.3
07/07/2017|25.2
08/07/2017|24.1
09/07/2017|22.6
10/07/2017|21.3
11/07/2017|25.4
12/07/2017|26.9
13/07/2017|23
14/07/2017|27.5
15/07/2017|29.8
16/07/2017|33.2
17/07/2017|30
18/07/2017|20.2
19/07/2017|22.8
20/07/2017|20.7
21/07/2017|22.2
22/07/2017|23.6
23/07/2017|23
24/07/2017|21.5
25/07/2017|24.3
26/07/2017|29.3
27/07/2017|22.5
28/07/2017|26.5
29/07/2017|21.2
30/07/2017|21.8
31/07/2017|23.4
01/08/2017|25.8
02/08/2017|24.9
03/08/2017|26.1
04/08/2017|22.2
05/08/2017|21.2
06/08/2017|25
07/08/2017|19.8
08/08/2017|22.5
09/08/2017|20.1
10/08/2017|23.3
11/08/2017|27.3
12/08/2017|27.9
13/08/2017|32.7
14/08/2017|27.7
15/08/2017|26.6
16/08/2017|27.4
17/08/2017|29
18/08/2017|27.2
19/08/2017|26.1
20/08/2017|33.7
21/08/2017|36.2
22/08/2017|32
23/08/2017|25.9
24/08/2017|25
25/08/2017|25.4
26/08/2017|29.8
27/08/2017|27.6
28/08/2017|28.3
29/08/2017|23.4
30/08/2017|19.2
31/08/2017|21.2
01/09/2017|22
02/09/2017|27.3
03/09/2017|22.3
04/09/2017|22.6
05/09/2017|26.9
06/09/2017|23.4
07/09/2017|23.1
08/09/2017|24.6
09/09/2017|19.2
10/09/2017|19.2
11/09/2017|22.6
12/09/2017|20.5
13/09/2017|20.9
14/09/2017|19.1
15/09/2017|17.6
16/09/2017|18.4
17/09/2017|17.5
18/09/2017|19.5
19/09/2017|21.9
20/09/2017|24.3
21/09/2017|16.1
22/09/2017|21.2
23/09/2017|20.6
24/09/2017|17
25/09/2017|22.5
26/09/2017|23.5
27/09/2017|23.6
28/09/2017|23.1
29/09/2017|21.1
30/09/2017|20.5
01/10/2017|24.7
02/10/2017|28.5
03/10/2017|25.4
04/10/2017|27.8
05/10/2017|26.5
06/10/2017|27.2
07/10/2017|28.9
08/10/2017|29.6
09/10/2017|27.7
10/10/2017|30
11/10/2017|23.9
12/10/2017|27.6
13/10/2017|24.5
14/10/2017|26.6
15/10/2017|28.9
16/10/2017|21.2
17/10/2017|17.9
18/10/2017|17.3
19/10/2017|15.5
20/10/2017|19.2
21/10/2017|16.8
22/10/2017|16.3
23/10/2017|21.7
24/10/2017|24.9
25/10/2017|25.1
26/10/2017|24.1
27/10/2017|27.5
28/10/2017|24.1
29/10/2017|20.1
30/10/2017|18
31/10/2017|20.8
01/11/2017|17.7
02/11/2017|18.9
03/11/2017|16.7
04/11/2017|16.7
05/11/2017|13.8
06/11/2017|15
07/11/2017|12.4
08/11/2017|12.4
09/11/2017|11.7
10/11/2017|14.5
11/11/2017|14.9
12/11/2017|13.6
13/11/2017|14.1
14/11/2017|15.6
15/11/2017|17.3
16/11/2017|16.7
17/11/2017|17.2
18/11/2017|19.4
19/11/2017|20.1
20/11/2017|17.4
21/11/2017|18.1
22/11/2017|19.1
23/11/2017|17.2
24/11/2017|14.2
25/11/2017|12.2
26/11/2017|13
27/11/2017|14.1
28/11/2017|11.8
29/11/2017|9.7
30/11/2017|10.3
01/12/2017|9.8
02/12/2017|10.4
03/12/2017|12
04/12/2017|13.9
05/12/2017|13
06/12/2017|11.4
07/12/2017|12
08/12/2017|12.9
09/12/2017|13.9
10/12/2017|14.5
11/12/2017|9.6
12/12/2017|8.9
13/12/2017|13.5
14/12/2017|13.2
15/12/2017|10.6
16/12/2017|10.4
17/12/2017|10.3
18/12/2017|12.1
19/12/2017|14.7
20/12/2017|15.1
21/12/2017|16.5
22/12/2017|15.3
23/12/2017|13.7
24/12/2017|14.7
25/12/2017|11.4
26/12/2017|12.5
27/12/2017|10.6
28/12/2017|12.9
29/12/2017|15
30/12/2017|14.2
31/12/2017|13.7
01/01/2018|12.8
02/01/2018|14.8
03/01/2018|14.4
04/01/2018|13.8
05/01/2018|13.1
06/01/2018|8.6
07/01/2018|9.6
08/01/2018|10.7
09/01/2018|12.1
10/01/2018|10.7
11/01/2018|10.6
12/01/2018|10.8
13/01/2018|10.6
14/01/2018|10.6
15/01/2018|10.5
16/01/2018|11.9
17/01/2018|12
18/01/2018|9.1
19/01/2018|13
20/01/2018|11.5
21/01/2018|12.3
22/01/2018|12.2
23/01/2018|13.6
24/01/2018|11.5
25/01/2018|10.3
26/01/2018|10.2
27/01/2018|10.6
28/01/2018|15.1
29/01/2018|16.9
30/01/2018|17.1
31/01/2018|11.5
01/02/2018|9.1
02/02/2018|8.3
03/02/2018|9.5
04/02/2018|7.8
05/02/2018|7.1
06/02/2018|8.5
07/02/2018|6.2
08/02/2018|9.6
09/02/2018|9.8
10/02/2018|9.4
11/02/2018|11.4
12/02/2018|8.9
13/02/2018|10.8
14/02/2018|12.7
15/02/2018|13.3
16/02/2018|12.3
17/02/2018|12.2
18/02/2018|13.7
19/02/2018|12.5
20/02/2018|14.4
21/02/2018|12.3
22/02/2018|13.4
23/02/2018|14.6
24/02/2018|14.4
25/02/2018|17.5
26/02/2018|17.2
27/02/2018|9.8
28/02/2018|7.3
01/03/2018|11.4
02/03/2018|9.9
03/03/2018|10.8
04/03/2018|11.6
05/03/2018|11.1
06/03/2018|9.6
07/03/2018|10.4
08/03/2018|12.9
09/03/2018|15.9
10/03/2018|13.6
11/03/2018|11.2
12/03/2018|12.3
13/03/2018|14.5
14/03/2018|13.4
15/03/2018|10
16/03/2018|10.3
17/03/2018|11.3
18/03/2018|11.6
19/03/2018|8.8
20/03/2018|9.2
21/03/2018|12
22/03/2018|12.6
23/03/2018|12.4
24/03/2018|11.1
25/03/2018|11.8
26/03/2018|11.9
27/03/2018|14
28/03/2018|12.1
29/03/2018|10.6
30/03/2018|9.1
31/03/2018|11.9
01/04/2018|17
02/04/2018|14.1
03/04/2018|13
04/04/2018|14
05/04/2018|15.9
06/04/2018|11.7
07/04/2018|13.8
08/04/2018|12.1
09/04/2018|14.5
10/04/2018|10
11/04/2018|13.6
12/04/2018|12.6
13/04/2018|12.9
14/04/2018|14.3
15/04/2018|12.9
16/04/2018|15.2
17/04/2018|18.8
18/04/2018|22.6
19/04/2018|23.6
20/04/2018|25.6
21/04/2018|24.3
22/04/2018|23.2
23/04/2018|22.6
24/04/2018|22.6
25/04/2018|16
26/04/2018|20.6
27/04/2018|14.9
28/04/2018|15.3
29/04/2018|10.3
30/04/2018|13
01/05/2018|14.5
02/05/2018|12
03/05/2018|15.5
04/05/2018|19.6
05/05/2018|24.1
06/05/2018|27.4
07/05/2018|27.8
08/05/2018|20
09/05/2018|16.4
10/05/2018|20.7
11/05/2018|12.8
12/05/2018|12.7
13/05/2018|13.8
14/05/2018|17.5
15/05/2018|18.4
16/05/2018|20
17/05/2018|22.5
18/05/2018|24
19/05/2018|26.5
20/05/2018|26.8
21/05/2018|20.9
22/05/2018|26.6
23/05/2018|24
24/05/2018|26.5
25/05/2018|16.9
26/05/2018|18.1
27/05/2018|19
28/05/2018|20.2
29/05/2018|17.6
30/05/2018|15.7
31/05/2018|16.7
01/06/2018|19.6
02/06/2018|22.1
03/06/2018|15.4
04/06/2018|14.8
05/06/2018|14.2
06/06/2018|18.1
07/06/2018|16.4
08/06/2018|18
09/06/2018|12.9
10/06/2018|19.2
11/06/2018|16.2
12/06/2018|18.7
13/06/2018|19.7
14/06/2018|25
15/06/2018|18.6
16/06/2018|22.6
17/06/2018|24.9
18/06/2018|26.1
19/06/2018|30.8
20/06/2018|31.3
21/06/2018|28.2
22/06/2018|28.8
23/06/2018|34
24/06/2018|30.5
25/06/2018|20.1
26/06/2018|19
27/06/2018|20.6
28/06/2018|21.7
29/06/2018|29.1
30/06/2018|21.8
01/07/2018|20.5
02/07/2018|19.6
03/07/2018|21.5
04/07/2018|22.4
05/07/2018|19.6
06/07/2018|27.1
07/07/2018|28.3
08/07/2018|28.7
09/07/2018|31
10/07/2018|28.9
11/07/2018|21.5
12/07/2018|25
13/07/2018|28.8
14/07/2018|26.7
15/07/2018|21.2
16/07/2018|24.1
17/07/2018|23.4
18/07/2018|26.6
19/07/2018|23.1
20/07/2018|22.6
21/07/2018|21.4
22/07/2018|26.3
23/07/2018|27.4
24/07/2018|24.8
25/07/2018|28.9
26/07/2018|25.7
27/07/2018|21.2
28/07/2018|22.3
29/07/2018|18.1
30/07/2018|20.1
31/07/2018|23.1
01/08/2018|27.2
02/08/2018|37
03/08/2018|37.8
04/08/2018|33.2
05/08/2018|35.4
06/08/2018|23.1
07/08/2018|22.1
08/08/2018|21.8
09/08/2018|21.6
10/08/2018|23.9
11/08/2018|30.5
12/08/2018|20.8
13/08/2018|22.3
14/08/2018|28.3
15/08/2018|32.5
16/08/2018|23.8
17/08/2018|22.2
18/08/2018|28.3
19/08/2018|31.8
20/08/2018|32
21/08/2018|35.2
22/08/2018|33.7
23/08/2018|27.9
24/08/2018|23.7
25/08/2018|23.1
26/08/2018|28.2
27/08/2018|28
28/08/2018|24.8
29/08/2018|23
30/08/2018|24.6
31/08/2018|28.9
01/09/2018|34.6
02/09/2018|34.4
03/09/2018|29.1
04/09/2018|23
05/09/2018|22.1
06/09/2018|22.5
07/09/2018|27.3
08/09/2018|29.7
09/09/2018|27.6
10/09/2018|30.1
11/09/2018|33.5
12/09/2018|28
13/09/2018|26.5
14/09/2018|25.9
15/09/2018|29.6
16/09/2018|25.8
17/09/2018|26.5
18/09/2018|21.9
19/09/2018|26
20/09/2018|22.9
21/09/2018|22
22/09/2018|29.5
23/09/2018|27.1
24/09/2018|23.4
25/09/2018|26.7
26/09/2018|30.5
27/09/2018|26.4
28/09/2018|26.9
29/09/2018|30
30/09/2018|27.2
01/10/2018|22.1
02/10/2018|25.2
03/10/2018|30.7
04/10/2018|30.6
05/10/2018|23.8
06/10/2018|16.3
07/10/2018|18
08/10/2018|23.7
09/10/2018|24.3
10/10/2018|21.3
11/10/2018|18.9
12/10/2018|19.4
13/10/2018|23.6
14/10/2018|16.2
15/10/2018|17.8
16/10/2018|21
17/10/2018|14
18/10/2018|18.3
19/10/2018|20.7
20/10/2018|22
21/10/2018|23.5
22/10/2018|21.3
23/10/2018|22.5
24/10/2018|24.9
25/10/2018|22.4
26/10/2018|18.1
27/10/2018|11.9
28/10/2018|10
29/10/2018|10.7
30/10/2018|10.1
31/10/2018|12
01/11/2018|14.1
02/11/2018|16.6
03/11/2018|12.8
04/11/2018|12.5
05/11/2018|12.6
06/11/2018|13.4
07/11/2018|14.3
08/11/2018|10.9
09/11/2018|14.7
10/11/2018|15.3
11/11/2018|13.8
12/11/2018|15
13/11/2018|16.1
14/11/2018|19.6
15/11/2018|20.8
16/11/2018|21
17/11/2018|18.2
18/11/2018|17.5
19/11/2018|17
20/11/2018|11.6
21/11/2018|12.1
22/11/2018|11.2
23/11/2018|11.9
24/11/2018|12
25/11/2018|9.7
26/11/2018|13.4
27/11/2018|12
28/11/2018|12.8
29/11/2018|14.5
30/11/2018|13.6
01/12/2018|13.3
02/12/2018|14.2
03/12/2018|14.4
04/12/2018|15.4
05/12/2018|14.7
06/12/2018|14.7
07/12/2018|12.8
08/12/2018|12.6
09/12/2018|14.8
10/12/2018|16.8
11/12/2018|12.7
12/12/2018|12.5
13/12/2018|12.4
14/12/2018|11.6
15/12/2018|13.6
16/12/2018|11.3
17/12/2018|11.3
18/12/2018|11.5
19/12/2018|11.9
20/12/2018|12.3
21/12/2018|13.8
22/12/2018|13.7
23/12/2018|16.1
24/12/2018|15.2
25/12/2018|15.4
26/12/2018|15.8
27/12/2018|12.1
28/12/2018|14.9
29/12/2018|14.6
30/12/2018|16
31/12/2018|16.6
01/01/2019|16
02/01/2019|12.5
03/01/2019|14.4
04/01/2019|14.3
05/01/2019|14.6
06/01/2019|14.4
07/01/2019|13.4
08/01/2019|13.1
09/01/2019|12.6
10/01/2019|12.2
11/01/2019|12.4
12/01/2019|11.9
13/01/2019|12.5
14/01/2019|13
15/01/2019|13.4
16/01/2019|11.9
17/01/2019|10.7
18/01/2019|7.9
19/01/2019|12.4
20/01/2019|11.1
21/01/2019|9.6
22/01/2019|9.5
23/01/2019|12
24/01/2019|12.3
25/01/2019|12.3
26/01/2019|14.3
27/01/2019|11.4
28/01/2019|11.8
29/01/2019|10.9
30/01/2019|12.1
31/01/2019|12.6
01/02/2019|8.8
02/02/2019|9
03/02/2019|10.9
04/02/2019|9.8
05/02/2019|13.2
06/02/2019|11.7
07/02/2019|13.2
08/02/2019|11
09/02/2019|12.4
10/02/2019|12.3
11/02/2019|13.4
12/02/2019|18
13/02/2019|17.6
14/02/2019|21
15/02/2019|17.9
16/02/2019|19.9
17/02/2019|12.7
18/02/2019|12.4
19/02/2019|13.6
20/02/2019|13.7
21/02/2019|18.6
22/02/2019|21.8
23/02/2019|20.2
24/02/2019|22.6
25/02/2019|23
26/02/2019|22.9
27/02/2019|14.9
28/02/2019|17.9
01/03/2019|15.1
02/03/2019|14.6
03/03/2019|14.3
04/03/2019|12.2
05/03/2019|13.9
06/03/2019|12
07/03/2019|11.7
08/03/2019|12.7
09/03/2019|13.9
10/03/2019|13.9
11/03/2019|18.2
12/03/2019|11.8
13/03/2019|11.9
14/03/2019|12.6
15/03/2019|15.9
16/03/2019|14.3
17/03/2019|11.6
18/03/2019|12.9
19/03/2019|13.8
20/03/2019|18.1
21/03/2019|19.4
22/03/2019|19.9
23/03/2019|22.8
24/03/2019|23
25/03/2019|19.4
26/03/2019|20.5
27/03/2019|23.4
28/03/2019|22.6
29/03/2019|22.3
30/03/2019|21.1
31/03/2019|21.6
01/04/2019|21.3
02/04/2019|14.4
03/04/2019|11.3
04/04/2019|7.9
05/04/2019|9.4
06/04/2019|10.9
07/04/2019|10.9
08/04/2019|13
09/04/2019|12
10/04/2019|14.9
11/04/2019|16.8
12/04/2019|18.4
13/04/2019|16.4
14/04/2019|18.9
15/04/2019|15.6
16/04/2019|18.7
17/04/2019|15.6
18/04/2019|17.9
19/04/2019|19.5
20/04/2019|24.3
21/04/2019|22.3
22/04/2019|17.3
23/04/2019|12.7
24/04/2019|12.2
25/04/2019|11.9
26/04/2019|14
27/04/2019|18.2
28/04/2019|24.5
29/04/2019|24.4
30/04/2019|20.7
01/05/2019|16
02/05/2019|17.3
03/05/2019|18.3
04/05/2019|21.7
05/05/2019|23.1
06/05/2019|17.1
07/05/2019|15.6
08/05/2019|14.4
09/05/2019|14.8
10/05/2019|16.5
11/05/2019|20.6
12/05/2019|28.7
13/05/2019|30.3
14/05/2019|29.8
15/05/2019|24.8
16/05/2019|14.7
17/05/2019|14.6
18/05/2019|16.9
19/05/2019|16.4
20/05/2019|18.1
21/05/2019|23.7
22/05/2019|24.1
23/05/2019|20.9
24/05/2019|18.3
25/05/2019|20.8
26/05/2019|22
27/05/2019|18.6
28/05/2019|19.9
29/05/2019|26
30/05/2019|31.5
31/05/2019|32.9
01/06/2019|30.2
02/06/2019|23.6
03/06/2019|19.7
04/06/2019|16.6
05/06/2019|15.5
06/06/2019|13.5
07/06/2019|15.8
08/06/2019|16
09/06/2019|18.3
10/06/2019|18.1
11/06/2019|16.7
12/06/2019|15.8
13/06/2019|17.4
14/06/2019|18.5
15/06/2019|18.1
16/06/2019|23.8
17/06/2019|19.6
18/06/2019|18
19/06/2019|18
20/06/2019|19.6
21/06/2019|23.5
22/06/2019|19.8
23/06/2019|20.5
24/06/2019|22.3
25/06/2019|25.4
26/06/2019|21.5
27/06/2019|22.4
28/06/2019|27
29/06/2019|25.1
30/06/2019|18.2
01/07/2019|20.4
02/07/2019|21.4
03/07/2019|30
04/07/2019|23.5
05/07/2019|24.8
06/07/2019|24.4
07/07/2019|21.8
08/07/2019|22.8
09/07/2019|25.3
10/07/2019|31.6
11/07/2019|29.8
12/07/2019|30.5
13/07/2019|24.8
14/07/2019|28.9
15/07/2019|24.2
16/07/2019|23.6
17/07/2019|22.7
18/07/2019|25.4
19/07/2019|29.1
20/07/2019|26.8
21/07/2019|25.7
22/07/2019|33.5
23/07/2019|26.8
24/07/2019|25.5
25/07/2019|21.3
26/07/2019|22
27/07/2019|21.3
28/07/2019|24.5
29/07/2019|20.3
30/07/2019|21.1
31/07/2019|23.3
01/08/2019|25.4
02/08/2019|29.1
03/08/2019|28.3
04/08/2019|26.6
05/08/2019|26.6
06/08/2019|21.1
07/08/2019|19.6
08/08/2019|21.9
09/08/2019|19.4
10/08/2019|22.2
11/08/2019|18.9
12/08/2019|19.9
13/08/2019|23.9
14/08/2019|24.9
15/08/2019|25.4
16/08/2019|26
17/08/2019|22.2
18/08/2019|20.9
19/08/2019|20.9
20/08/2019|23.5
21/08/2019|26.3
22/08/2019|32.7
23/08/2019|31.5
24/08/2019|26.7
25/08/2019|24.8
26/08/2019|25.9
27/08/2019|27.2
28/08/2019|26.1
29/08/2019|26.6
30/08/2019|29.3
31/08/2019|23.7
01/09/2019|20.9
02/09/2019|25.3
03/09/2019|32.3
04/09/2019|23.4
05/09/2019|21
06/09/2019|22.8
07/09/2019|23.1
08/09/2019|25.3
09/09/2019|21.9
10/09/2019|18.6
11/09/2019|22.6
12/09/2019|29.7
13/09/2019|29.6
14/09/2019|29.4
15/09/2019|28.9
16/09/2019|27.4
17/09/2019|29.4
18/09/2019|27.3
19/09/2019|27.3
20/09/2019|19.6
21/09/2019|17.9
22/09/2019|18.9
23/09/2019|17.4
24/09/2019|20
25/09/2019|17.7
26/09/2019|19.8
27/09/2019|20.3
28/09/2019|21.4
29/09/2019|17.5
30/09/2019|20.6
01/10/2019|20.6
02/10/2019|19.8
03/10/2019|17.3
04/10/2019|20.2
05/10/2019|19
06/10/2019|22.5
07/10/2019|24.4
08/10/2019|18.1
09/10/2019|18.3
10/10/2019|21.3
11/10/2019|20.9
12/10/2019|18.6
13/10/2019|16.4
14/10/2019|14.1
15/10/2019|14.9
16/10/2019|16.1
17/10/2019|16.1
18/10/2019|16
19/10/2019|12.6
20/10/2019|13.8
21/10/2019|13.9
22/10/2019|16.2
23/10/2019|15.1
24/10/2019|14.3
25/10/2019|18.8
26/10/2019|19.2
27/10/2019|21.1
28/10/2019|17.2
29/10/2019|17.8
30/10/2019|19.2
31/10/2019|17.4
01/11/2019|17.6
02/11/2019|14.9
03/11/2019|14.9
04/11/2019|14.3
05/11/2019|14.6
06/11/2019|12.7
07/11/2019|10
08/11/2019|12
09/11/2019|12.8
10/11/2019|9.5
11/11/2019|12.7
12/11/2019|14.5
13/11/2019|14.6
14/11/2019|9.9
15/11/2019|8.9
16/11/2019|9.1
17/11/2019|11.6
18/11/2019|11.9
19/11/2019|9.1
20/11/2019|8.9
21/11/2019|13
22/11/2019|13.7
23/11/2019|12.3
24/11/2019|14.1
25/11/2019|14.7
26/11/2019|15.4
27/11/2019|12.5
28/11/2019|14.3
29/11/2019|15.1
30/11/2019|14.6
01/12/2019|12.5
02/12/2019|11.2
03/12/2019|10.8
04/12/2019|10.8
05/12/2019|13.2
06/12/2019|13.3
07/12/2019|11.7
08/12/2019|12.7
09/12/2019|12.4
10/12/2019|11.1
11/12/2019|11
12/12/2019|12.9
13/12/2019|13
14/12/2019|12.9
15/12/2019|12.8
16/12/2019|8.2
17/12/2019|9.4
18/12/2019|14.1
19/12/2019|13.4
20/12/2019|10.9
21/12/2019|14.9
22/12/2019|13.3
23/12/2019|13.7
24/12/2019|16.8
25/12/2019|19.1
26/12/2019|13.6
27/12/2019|14
28/12/2019|17.9
29/12/2019|18.8
30/12/2019|14.3
31/12/2019|12.7
01/01/2020|11
02/01/2020|10
03/01/2020|15
04/01/2020|10.2
05/01/2020|11.9
06/01/2020|11.1
07/01/2020|10.6
08/01/2020|12.2
09/01/2020|12.8
10/01/2020|11.1
11/01/2020|12
12/01/2020|11.7
13/01/2020|10.9
14/01/2020|13.9
15/01/2020|13.8
16/01/2020|14.5
17/01/2020|10
18/01/2020|12.5
19/01/2020|10.8
20/01/2020|9.4
21/01/2020|10.1
22/01/2020|12.8
23/01/2020|14.2
24/01/2020|14.4
25/01/2020|14
26/01/2020|11.4
27/01/2020|11.5
28/01/2020|11.8
29/01/2020|13.4
30/01/2020|13.9
31/01/2020|14.7
01/02/2020|14.6
02/02/2020|18.4
03/02/2020|19.5
04/02/2020|15.6
05/02/2020|16.7
06/02/2020|16.6
07/02/2020|14
08/02/2020|12.7
09/02/2020|13.1
10/02/2020|14.3
11/02/2020|12.9
12/02/2020|16
13/02/2020|13.2
14/02/2020|13.8
15/02/2020|13.5
16/02/2020|14.1
17/02/2020|12.1
18/02/2020|12.3
19/02/2020|14.5
20/02/2020|14.9
21/02/2020|18.9
22/02/2020|18.7
23/02/2020|22.3
24/02/2020|16.4
25/02/2020|11.8
26/02/2020|12.2
27/02/2020|14.8
28/02/2020|16.1
29/02/2020|12.3
01/03/2020|13.3
02/03/2020|12.7
03/03/2020|14.6
04/03/2020|14.8
05/03/2020|13.9
06/03/2020|11.9
07/03/2020|12.9
08/03/2020|14.5
09/03/2020|15.1
10/03/2020|13.2
11/03/2020|17.6
12/03/2020|13.2
13/03/2020|13.4
14/03/2020|17.4
15/03/2020|10.2
16/03/2020|11.1
17/03/2020|18.2
18/03/2020|22.7
19/03/2020|19.8
20/03/2020|14.2
21/03/2020|16.5
22/03/2020|16.4
23/03/2020|14.7
24/03/2020|21
25/03/2020|20.8
26/03/2020|15.7
27/03/2020|17.3
28/03/2020|19.6
29/03/2020|17.7
30/03/2020|9.8
31/03/2020|9.1
01/04/2020|15.4
02/04/2020|15.1
03/04/2020|19.6
04/04/2020|21.4
05/04/2020|15.8
06/04/2020|15.9
07/04/2020|18.7
08/04/2020|21.1
09/04/2020|16.5
10/04/2020|13.8
11/04/2020|15.3
12/04/2020|18.2
13/04/2020|14.7
14/04/2020|23.1
15/04/2020|17.8
16/04/2020|14.9
17/04/2020|15.4
18/04/2020|16.8
19/04/2020|17.2
20/04/2020|15.6
21/04/2020|15.6
22/04/2020|13.8
23/04/2020|20.6
24/04/2020|22.9
25/04/2020|15.9
26/04/2020|15.6
27/04/2020|14.8
28/04/2020|14.6
29/04/2020|13.6
30/04/2020|14.5
01/05/2020|15.4
02/05/2020|17
03/05/2020|26.5
04/05/2020|20.6
05/05/2020|18.1
06/05/2020|19.2
07/05/2020|24
08/05/2020|21
09/05/2020|18.1
10/05/2020|18.1
11/05/2020|20.7
12/05/2020|17.8
13/05/2020|20.1
14/05/2020|16.2
15/05/2020|16.1
16/05/2020|20.4
17/05/2020|24.5
18/05/2020|25.6
19/05/2020|27.5
20/05/2020|26.3
21/05/2020|24.8
22/05/2020|20.3
23/05/2020|19.8
24/05/2020|27
25/05/2020|24.7
26/05/2020|26.4
27/05/2020|32.1
28/05/2020|32.4
29/05/2020|31.4
30/05/2020|29.4
31/05/2020|29.7
01/06/2020|26.7
02/06/2020|27.2
03/06/2020|21.9
04/06/2020|18
05/06/2020|21.1
06/06/2020|18.2
07/06/2020|17
08/06/2020|18.3
09/06/2020|18.5
10/06/2020|21
11/06/2020|15.2
12/06/2020|16.9
13/06/2020|16.4
14/06/2020|17.8
15/06/2020|19.3
16/06/2020|18
17/06/2020|17.3
18/06/2020|20.6
19/06/2020|21.3
20/06/2020|21
21/06/2020|21.8
22/06/2020|29.9
23/06/2020|32.7
24/06/2020|24.1
25/06/2020|23.9
26/06/2020|18.5
27/06/2020|20.1
28/06/2020|21.1
29/06/2020|23.9
30/06/2020|26.7
01/07/2020|21.6
02/07/2020|18.8
03/07/2020|22
04/07/2020|28.4
05/07/2020|27.3
06/07/2020|24.4
07/07/2020|31.1
08/07/2020|27.5
09/07/2020|26.1
10/07/2020|22.7
11/07/2020|27.7
12/07/2020|31
13/07/2020|28
14/07/2020|23.2
15/07/2020|24.8
16/07/2020|29.4
17/07/2020|33.5
18/07/2020|35.5
19/07/2020|28.3
20/07/2020|25.2
21/07/2020|28.7
22/07/2020|34
23/07/2020|28.9
24/07/2020|25.2
25/07/2020|27.9
26/07/2020|31.7
27/07/2020|28.3
28/07/2020|24.2
29/07/2020|31.5
30/07/2020|29.7
31/07/2020|27.2
01/08/2020|25.1
02/08/2020|24.6
03/08/2020|24.6
04/08/2020|28.5
05/08/2020|31
06/08/2020|35
07/08/2020|28.7
08/08/2020|29.9
09/08/2020|29.2
10/08/2020|21.3
11/08/2020|25.2
12/08/2020|20.8
13/08/2020|23.2
14/08/2020|23.5
15/08/2020|20.3
16/08/2020|19.4
17/08/2020|19.1
18/08/2020|21.7
19/08/2020|20.2
20/08/2020|21.2
21/08/2020|20.3
22/08/2020|24.9
23/08/2020|26.1
24/08/2020|30
25/08/2020|23.3
26/08/2020|28.9
27/08/2020|23.5
28/08/2020|20.4
29/08/2020|19.5
30/08/2020|19.7
31/08/2020|23.2
01/09/2020|22.9
02/09/2020|24.6
03/09/2020|31.7
04/09/2020|28.8
05/09/2020|22.6
06/09/2020|23.1
07/09/2020|24.6
08/09/2020|27.8
09/09/2020|30.3
10/09/2020|29.4
11/09/2020|32.7
12/09/2020|33.8
13/09/2020|33.4
14/09/2020|24.2
15/09/2020|23.1
16/09/2020|27
17/09/2020|26.7
18/09/2020|23
19/09/2020|21.9
20/09/2020|22.7
21/09/2020|22.9
22/09/2020|22.6
23/09/2020|19.1
24/09/2020|16.9
25/09/2020|17
26/09/2020|15.6
27/09/2020|17.7
28/09/2020|18.1
29/09/2020|22.9
30/09/2020|17.8
01/10/2020|16.4
02/10/2020|15.6
03/10/2020|14.8
04/10/2020|15.6
05/10/2020|15.3
06/10/2020|17.8
07/10/2020|22.7
08/10/2020|22.3
09/10/2020|20.9
10/10/2020|17.6
11/10/2020|16.7
12/10/2020|15.1
13/10/2020|14.5
14/10/2020|15.1
15/10/2020|15.9
16/10/2020|16.9
17/10/2020|16.3
18/10/2020|21.4
19/10/2020|17.9
20/10/2020|17.1
21/10/2020|15.2
22/10/2020|14.5
23/10/2020|16
24/10/2020|16.4
25/10/2020|14.2
26/10/2020|13.1
27/10/2020|14.6
28/10/2020|16.7
29/10/2020|16.8
30/10/2020|19.1
31/10/2020|16.6
01/11/2020|17.1
02/11/2020|16.9
03/11/2020|12.8
04/11/2020|12.4
05/11/2020|15.5
06/11/2020|15.5
07/11/2020|15.3
08/11/2020|16.1
09/11/2020|15.9
10/11/2020|17.5
11/11/2020|15.2
12/11/2020|18.2
13/11/2020|18.1
14/11/2020|15.9
15/11/2020|16.2
16/11/2020|16
17/11/2020|18.5
18/11/2020|17.6
19/11/2020|16.2
20/11/2020|16.8
21/11/2020|20.7
22/11/2020|18.2
23/11/2020|16.3
24/11/2020|13.4
25/11/2020|10.2
26/11/2020|14.8
27/11/2020|17
28/11/2020|16.8
29/11/2020|15.4
30/11/2020|17.6
01/12/2020|16.9
02/12/2020|12.1
03/12/2020|10.4
04/12/2020|5.8
05/12/2020|8.6
06/12/2020|10.9
07/12/2020|10.9
08/12/2020|10.8
09/12/2020|13.1
10/12/2020|14.1
11/12/2020|14.5
12/12/2020|13.9
13/12/2020|14.2
14/12/2020|12.3
15/12/2020|11.4
16/12/2020|12.5
17/12/2020|12.6
18/12/2020|12.1
19/12/2020|13.3
20/12/2020|12.7
21/12/2020|14.6
22/12/2020|14.1
23/12/2020|12
24/12/2020|9.1
25/12/2020|9.2
26/12/2020|9.9
27/12/2020|10.9
28/12/2020|9.9
29/12/2020|8.3
30/12/2020|8
31/12/2020|9.6
01/01/2021|6.1
02/01/2021|8.1
03/01/2021|5.9
04/01/2021|7.5
05/01/2021|7.8
06/01/2021|7.4
07/01/2021|7.5
08/01/2021|7.5
09/01/2021|7.1
10/01/2021|8.8
11/01/2021|9.8
12/01/2021|11.1
13/01/2021|11.4
14/01/2021|10.4
15/01/2021|10.6
16/01/2021|14.1
17/01/2021|12.1
18/01/2021|16.1
19/01/2021|11.9
20/01/2021|12
21/01/2021|13.4
22/01/2021|11.5
23/01/2021|13.1
24/01/2021|11
25/01/2021|12.9
26/01/2021|13.5
27/01/2021|13.2
28/01/2021|12.6
29/01/2021|13.2
30/01/2021|12.4
31/01/2021|13.6
01/02/2021|12.3
02/02/2021|13.1
03/02/2021|12.3
04/02/2021|13.3
05/02/2021|10.9
06/02/2021|9.8
07/02/2021|10.7
08/02/2021|10.5
09/02/2021|10.9
10/02/2021|12.3
11/02/2021|13.6
12/02/2021|14.3
13/02/2021|12.4
14/02/2021|15.8
15/02/2021|20.1
16/02/2021|13.6
17/02/2021|13.4
18/02/2021|12.6
19/02/2021|13.9
20/02/2021|14.3
21/02/2021|10.9
22/02/2021|13.3
23/02/2021|13.3
24/02/2021|16.7
25/02/2021|10.7
26/02/2021|17.5
27/02/2021|17.1
28/02/2021|16.4
01/03/2021|11.8
02/03/2021|13.9
03/03/2021|17.8
04/03/2021|17.3
05/03/2021|18.1
06/03/2021|14.8
07/03/2021|11.6
08/03/2021|10.6
09/03/2021|13.9
10/03/2021|11.8
11/03/2021|13.9
12/03/2021|12.9
13/03/2021|12.4
14/03/2021|14.4
15/03/2021|19.4
16/03/2021|18.9
17/03/2021|19.3
18/03/2021|14.8
19/03/2021|12.1
20/03/2021|12.6
21/03/2021|15.9
22/03/2021|19.1
23/03/2021|17.3
24/03/2021|16.4
25/03/2021|17.7
26/03/2021|12.9
27/03/2021|19.4
28/03/2021|24.5
29/03/2021|23.4
30/03/2021|21.1
31/03/2021|27.4
01/04/2021|20.2
02/04/2021|17
03/04/2021|19.3
04/04/2021|22.4
05/04/2021|23.7
06/04/2021|15.8
07/04/2021|20.5
08/04/2021|16.8
09/04/2021|17.1
10/04/2021|15
11/04/2021|12.5
12/04/2021|18.1
13/04/2021|17.2
14/04/2021|21.8
15/04/2021|20.7
16/04/2021|19.1
17/04/2021|20.6
18/04/2021|20.1
19/04/2021|18.3
20/04/2021|15.2
21/04/2021|15.1
22/04/2021|18.3
23/04/2021|17.8
24/04/2021|20.1
25/04/2021|17.5
26/04/2021|17.9
27/04/2021|18
28/04/2021|14.6
29/04/2021|14.2
30/04/2021|13.4
01/05/2021|13.7
02/05/2021|16.4
03/05/2021|20.4
04/05/2021|18.9
05/05/2021|18.4
06/05/2021|16.9
07/05/2021|19.1
08/05/2021|18.6
09/05/2021|14.7
10/05/2021|13.2
11/05/2021|14
12/05/2021|14.7
13/05/2021|15.8
14/05/2021|14
15/05/2021|15.5
16/05/2021|16.2
17/05/2021|19.1
18/05/2021|17.3
19/05/2021|20.4
20/05/2021|22
21/05/2021|16.2
22/05/2021|16.1
23/05/2021|15.4
24/05/2021|16.2
25/05/2021|18.1
26/05/2021|22.4
27/05/2021|24.7
28/05/2021|25.7
29/05/2021|22.4
30/05/2021|25.4
31/05/2021|26.9
01/06/2021|17
02/06/2021|16.6
03/06/2021|17.2
04/06/2021|20.7
05/06/2021|24.1
06/06/2021|22.3
07/06/2021|26.7
08/06/2021|24.3
09/06/2021|24.3
10/06/2021|26
11/06/2021|24.4
12/06/2021|29.7
13/06/2021|28.5
14/06/2021|30.7
15/06/2021|31.5
16/06/2021|24.5
17/06/2021|16.7
18/06/2021|15
19/06/2021|15.7
20/06/2021|14.1
21/06/2021|17.8
22/06/2021|17.6
23/06/2021|18.1
24/06/2021|24.7
25/06/2021|29.3
26/06/2021|20.4
27/06/2021|17.9
28/06/2021|19.3
29/06/2021|19.8
30/06/2021|23.9
01/07/2021|26.3
02/07/2021|20
03/07/2021|20.6
04/07/2021|18.1
05/07/2021|16.8
06/07/2021|17.5
07/07/2021|18.8
08/07/2021|20.3
09/07/2021|24.2
10/07/2021|25.9
11/07/2021|23.5
12/07/2021|18.6
13/07/2021|18.2
14/07/2021|21.1
15/07/2021|26.9
16/07/2021|33.5
17/07/2021|34.8
18/07/2021|26.6
19/07/2021|26.1
20/07/2021|20.9
21/07/2021|23.6
22/07/2021|20.8
23/07/2021|19.2
24/07/2021|20.2
25/07/2021|24
26/07/2021|24.3
27/07/2021|22.6
28/07/2021|22.5
29/07/2021|23.5
30/07/2021|20
31/07/2021|20.9
01/08/2021|18.5
02/08/2021|22.4
03/08/2021|20.3
04/08/2021|23.6
05/08/2021|19.5
06/08/2021|20
07/08/2021|21.6
08/08/2021|23.1
09/08/2021|26.9
10/08/2021|26.6
11/08/2021|29.4
12/08/2021|27.1
13/08/2021|29.9
14/08/2021|26.9
15/08/2021|24.2
16/08/2021|21.8
17/08/2021|23.1
18/08/2021|23.2
19/08/2021|25.1
20/08/2021|24.6
21/08/2021|23.2
22/08/2021|26.4
23/08/2021|29.5
24/08/2021|30.4
25/08/2021|28.1
26/08/2021|25.3
27/08/2021|31
28/08/2021|22.6
29/08/2021|22.6
30/08/2021|26.2
31/08/2021|30.7
01/09/2021|27.1
02/09/2021|22.5
03/09/2021|21.3
04/09/2021|25.1
05/09/2021|30
06/09/2021|28.3
07/09/2021|22.8
08/09/2021|21.7
09/09/2021|20.6
10/09/2021|22.3
11/09/2021|25.2
12/09/2021|27.1
13/09/2021|24.4
14/09/2021|25.4
15/09/2021|23.1
16/09/2021|23.2
17/09/2021|19.9
18/09/2021|19.5
19/09/2021|20.3
20/09/2021|19.3
21/09/2021|21.2
22/09/2021|21.5
23/09/2021|24
24/09/2021|23.5
25/09/2021|19.8
26/09/2021|18.6
27/09/2021|20.2
28/09/2021|18.4
29/09/2021|20.6
30/09/2021|21.9
01/10/2021|17.2
02/10/2021|18
03/10/2021|17.7
04/10/2021|16.4
05/10/2021|18.5
06/10/2021|23
07/10/2021|26
08/10/2021|26
09/10/2021|21.7
10/10/2021|21.5
11/10/2021|24.5
12/10/2021|25.2
13/10/2021|25.8
14/10/2021|21.6
15/10/2021|20.9
16/10/2021|15.3
17/10/2021|20.9
18/10/2021|20.8
19/10/2021|24.2
20/10/2021|19.6
21/10/2021|16.3
22/10/2021|17.2
23/10/2021|15.6
24/10/2021|14.1
25/10/2021|18.1
26/10/2021|20.7
27/10/2021|20.4
28/10/2021|17
29/10/2021|14.6
30/10/2021|16.4
31/10/2021|17.2
01/11/2021|15.1
02/11/2021|14
03/11/2021|12.3
04/11/2021|12.5
05/11/2021|12.6
06/11/2021|14.3
07/11/2021|14.7
08/11/2021|17.3
09/11/2021|18.6
10/11/2021|19
11/11/2021|17.5
12/11/2021|15.9
13/11/2021|17.7
14/11/2021|16.7
15/11/2021|14.5
16/11/2021|15
17/11/2021|15.2
18/11/2021|16.2
19/11/2021|18.7
20/11/2021|19.6
21/11/2021|14.8
22/11/2021|9.4
23/11/2021|11.8
24/11/2021|11
25/11/2021|11.6
26/11/2021|10.3
27/11/2021|9.5
28/11/2021|9.5
29/11/2021|11.1
30/11/2021|14
01/12/2021|11.1
02/12/2021|10.6
03/12/2021|11.5
04/12/2021|13.1
05/12/2021|11.8
06/12/2021|11.9
07/12/2021|13.9
08/12/2021|9.6
09/12/2021|11.8
10/12/2021|13.7
11/12/2021|13.7
12/12/2021|14.9
13/12/2021|16.6
14/12/2021|18.3
15/12/2021|18.6
16/12/2021|17.8
17/12/2021|15.6
18/12/2021|15.5
19/12/2021|15.4
20/12/2021|14
21/12/2021|17.1
22/12/2021|15.5
23/12/2021|14.5
24/12/2021|12
25/12/2021|13.2
26/12/2021|14.8
27/12/2021|14.1
28/12/2021|15.1
29/12/2021|14.9
30/12/2021|15.2
31/12/2021|20.3
01/01/2022|20.8
02/01/2022|14.1
03/01/2022|13.6
04/01/2022|13.6
05/01/2022|11.4
06/01/2022|10.6
07/01/2022|11.8
08/01/2022|10.7
09/01/2022|13.2
10/01/2022|13.8
11/01/2022|13.5
12/01/2022|14.1
13/01/2022|14.1
14/01/2022|13.4
15/01/2022|12.7
16/01/2022|15.5
17/01/2022|14.9
18/01/2022|14.7
19/01/2022|15.8
20/01/2022|12.6
21/01/2022|12.1
22/01/2022|13.4
23/01/2022|13.4
24/01/2022|12.8
25/01/2022|14.4
26/01/2022|14.1
27/01/2022|15.2
28/01/2022|15.2
29/01/2022|18.2
30/01/2022|18.6
31/01/2022|12.7
01/02/2022|14.3
02/02/2022|19
03/02/2022|12.7
04/02/2022|13.2
05/02/2022|11.9
06/02/2022|13
07/02/2022|14.9
08/02/2022|18.8
09/02/2022|16.3
10/02/2022|14.7
11/02/2022|14.2
12/02/2022|13.7
13/02/2022|12.2
14/02/2022|11.3
15/02/2022|11.2
16/02/2022|13
17/02/2022|13.4
18/02/2022|11.3
19/02/2022|12.2
20/02/2022|14.5
21/02/2022|15.8
22/02/2022|19.2
23/02/2022|19.2
24/02/2022|13.3
25/02/2022|15.4
26/02/2022|15.6
27/02/2022|13.5
28/02/2022|15.1
01/03/2022|12.5
02/03/2022|11.3
03/03/2022|11.2
04/03/2022|11.2
05/03/2022|12.9
06/03/2022|10.6
07/03/2022|12.1
08/03/2022|12.8
09/03/2022|13.2
10/03/2022|13.3
11/03/2022|11.7
12/03/2022|11.9
13/03/2022|10.5
14/03/2022|15.6
15/03/2022|15.5
16/03/2022|12.3
17/03/2022|14.8
18/03/2022|20.5
19/03/2022|18.5
20/03/2022|19.7
21/03/2022|19.4
22/03/2022|14.7
23/03/2022|18.5
24/03/2022|19.9
25/03/2022|18.5
26/03/2022|19.1
27/03/2022|21.7
28/03/2022|20.3
29/03/2022|14.9
30/03/2022|15.4
31/03/2022|12.8
01/04/2022|10.5
02/04/2022|12.8
03/04/2022|11.7
04/04/2022|12
05/04/2022|16.9
06/04/2022|15.7
07/04/2022|11.9
08/04/2022|16.2
09/04/2022|19.1
10/04/2022|19.9
11/04/2022|14.4
12/04/2022|14.4
13/04/2022|17.1
14/04/2022|20.4
15/04/2022|23.4
16/04/2022|25
17/04/2022|18.5
18/04/2022|12.6
19/04/2022|12.5
20/04/2022|13.8
21/04/2022|13.3
22/04/2022|13.8
23/04/2022|13.8
24/04/2022|15.8
25/04/2022|18.6
26/04/2022|15.8
27/04/2022|16.3
28/04/2022|19
29/04/2022|25
30/04/2022|24.3
01/05/2022|16.7
02/05/2022|14.4
03/05/2022|17.8
04/05/2022|19.2
05/05/2022|22.4
06/05/2022|23.7
07/05/2022|26.9
08/05/2022|28.4
09/05/2022|27.1
10/05/2022|26.7
11/05/2022|21.1
12/05/2022|22.4
13/05/2022|26
14/05/2022|28
15/05/2022|17.5
16/05/2022|19.4
17/05/2022|16.3
18/05/2022|19.3
19/05/2022|23.4
20/05/2022|23
21/05/2022|26
22/05/2022|18.1
23/05/2022|17.4
24/05/2022|16.4
25/05/2022|18.8
26/05/2022|25.2
27/05/2022|28.4
28/05/2022|31.6
29/05/2022|20.8
30/05/2022|17.7
31/05/2022|18.5
01/06/2022|20.4
02/06/2022|21.2
03/06/2022|21.9
04/06/2022|22
05/06/2022|18.5
06/06/2022|19.7
07/06/2022|21
08/06/2022|19.5
09/06/2022|26.3
10/06/2022|21.8
11/06/2022|22.9
12/06/2022|24
13/06/2022|29.4
14/06/2022|26.8
15/06/2022|27.5
16/06/2022|24.7
17/06/2022|26.6
18/06/2022|21.1
19/06/2022|16
20/06/2022|15.5
21/06/2022|17.1
22/06/2022|19.4
23/06/2022|19
24/06/2022|16.3
25/06/2022|16.9
26/06/2022|16.4
27/06/2022|19.6
28/06/2022|21.6
29/06/2022|17.9
30/06/2022|17.9
01/07/2022|25.2
02/07/2022|24.7
03/07/2022|22.6
04/07/2022|24
05/07/2022|23.6
06/07/2022|26.3
07/07/2022|28.7
08/07/2022|31.9
09/07/2022|36.4
10/07/2022|33.3
11/07/2022|29.6
12/07/2022|39
13/07/2022|36.7
14/07/2022|38.7
15/07/2022|30
16/07/2022|33.3
17/07/2022|30.8
18/07/2022|24.5
19/07/2022|20.1
20/07/2022|24.5
21/07/2022|27.4
22/07/2022|22.6
23/07/2022|28.5
24/07/2022|27.1
25/07/2022|26.4
26/07/2022|24.6
27/07/2022|25.9
28/07/2022|26.1
29/07/2022|24.1
30/07/2022|29
31/07/2022|33.1
01/08/2022|33.5
02/08/2022|33.6
03/08/2022|24
04/08/2022|26
05/08/2022|24.5
06/08/2022|31.3
07/08/2022|29.7
08/08/2022|33.2
09/08/2022|33.5
10/08/2022|32.3
11/08/2022|28.2
12/08/2022|28.3
13/08/2022|26.6
14/08/2022|22.8
15/08/2022|20.7
16/08/2022|19.5
17/08/2022|20.6
18/08/2022|23
19/08/2022|30
20/08/2022|28.9
21/08/2022|27.6
22/08/2022|25.9
23/08/2022|30.4
24/08/2022|24.6
25/08/2022|24.7
26/08/2022|25.8
27/08/2022|31.2
28/08/2022|30.7
29/08/2022|25.2
30/08/2022|22.1
31/08/2022|23.8
01/09/2022|22.1
02/09/2022|21.9
03/09/2022|21
04/09/2022|20.1
05/09/2022|20.5
06/09/2022|18
07/09/2022|20.5
08/09/2022|23.1
09/09/2022|25.9
10/09/2022|27.7
11/09/2022|27.2
12/09/2022|25.5
13/09/2022|20.4
14/09/2022|21.3
15/09/2022|24.8
16/09/2022|23.5
17/09/2022|25.1
18/09/2022|27.8
19/09/2022|30
20/09/2022|28.9
21/09/2022|27
22/09/2022|26.6
23/09/2022|22
24/09/2022|18.4
25/09/2022|17.5
26/09/2022|19.1
27/09/2022|20.5
28/09/2022|17.5
29/09/2022|17.7
30/09/2022|18.4
01/10/2022|19.8
02/10/2022|23.7
03/10/2022|26.9
04/10/2022|23.3
05/10/2022|20.2
06/10/2022|24.1
07/10/2022|22.3
08/10/2022|24.5
09/10/2022|18.7
10/10/2022|21
11/10/2022|23.2
12/10/2022|22.6
13/10/2022|18.9
14/10/2022|18.6
15/10/2022|17
16/10/2022|17.4
17/10/2022|19.6
18/10/2022|21.3
19/10/2022|18.1
20/10/2022|18.2
21/10/2022|17.3
22/10/2022|17
23/10/2022|17
24/10/2022|14.3
