{
  "rdbms": {
    "POSTGRESQL": {
      "databaseName": "covid",
      "pluginId": "POSTGRESQL",
      "accessType": 0,
      "hostname": "localhost",
      "password": "Encrypted 2be98afc86aa7f2e4cb79fc298fc3ff88",
      "port": "5432",
      "pluginName": "PostgreSQL",
      "attributes": {
        "SUPPORTS_TIMESTAMP_DATA_TYPE": "N",
        "QUOTE_ALL_FIELDS": "N",
        "SUPPORTS_BOOLEAN_DATA_TYPE": "N",
        "FORCE_IDENTIFIERS_TO_LOWERCASE": "N",
        "PRESERVE_RESERVED_WORD_CASE": "Y",
        "SQL_CONNECT": "",
        "FORCE_IDENTIFIERS_TO_UPPERCASE": "N",
        "PREFERRED_SCHEMA_NAME": ""
      },
      "manualUrl": "",
      "username": "postgres"
    }
  },
  "name": "PostgresCovid"
}