"Instante_lectura","Irradiacion_global_diaria"
2006-01-01,477
2006-01-02,195
2006-01-03,725
2006-01-04,870
2006-01-05,392
2006-01-06,679
2006-01-07,360
2006-01-08,783
2006-01-09,854
2006-01-10,929
2006-01-11,673
2006-01-13,121
2006-01-14,859
2006-01-15,326
2006-01-16,236
2006-01-17,107
2006-01-18,577
2006-01-19,992
2006-01-20,556
2006-01-21,851
2006-01-22,990
2006-01-23,1008
2006-01-24,873
2006-01-25,583
2006-01-26,912
2006-01-27,1082
2006-01-29,1087
2006-01-30,1213
2006-01-31,1220
2006-02-01,963
2006-02-02,847
2006-02-03,1167
2006-02-04,1239
2006-02-05,1265
2006-02-08,1166
2006-02-09,1323
2006-02-10,1089
2006-02-11,1336
2006-02-12,1283
2006-02-13,978
2006-02-14,1061
2006-02-15,168
2006-02-16,474
2006-02-17,340
2006-02-18,93
2006-02-19,610
2006-02-20,557
2006-02-21,1079
2006-02-22,1216
2006-02-23,1615
2006-02-24,542
2006-02-25,736
2006-02-26,924
2006-02-27,1596
2006-02-28,1739
2006-03-01,1364
2006-03-02,405
2006-03-03,397
2006-03-04,335
2006-03-05,1297
2006-03-06,589
2006-03-07,328
2006-03-08,286
2006-03-09,1366
2006-03-10,638
2006-03-11,518
2006-03-12,1601
2006-03-13,1791
2006-03-14,1919
2006-03-15,1814
2006-03-16,1072
2006-03-17,325
2006-03-18,593
2006-03-19,470
2006-03-20,347
2006-03-21,1016
2006-03-22,423
2006-03-23,188
2006-03-24,814
2006-03-25,216
2006-03-26,750
2006-03-27,578
2006-03-28,1504
2006-03-29,258
2006-03-30,590
2006-03-31,1237
2006-04-01,995
2006-04-02,1995
2006-04-03,2197
2006-04-04,1393
2006-04-05,713
2006-04-06,1096
2006-04-07,1038
2006-04-08,959
2006-04-09,1660
2006-04-10,2506
2006-04-11,2513
2006-04-12,2313
2006-04-13,2478
2006-04-14,1323
2006-04-15,844
2006-04-16,1163
2006-04-17,1779
2006-04-18,2069
2006-04-19,1818
2006-04-20,417
2006-04-21,1033
2006-04-22,2542
2006-04-23,2243
2006-04-24,2157
2006-04-25,2597
2006-04-26,2669
2006-04-27,2104
2006-04-28,2725
2006-04-29,2732
2006-04-30,2682
2006-05-01,2648
2006-05-02,2540
2006-05-03,1966
2006-05-04,1291
2006-05-05,2404
2006-05-06,1188
2006-05-07,1353
2006-05-08,1821
2006-05-09,2734
2006-05-10,2764
2006-05-11,2139
2006-05-12,1846
2006-05-13,2569
2006-05-14,1345
2006-05-15,2196
2006-05-16,1779
2006-05-17,1210
2006-05-18,1545
2006-05-19,1765
2006-05-20,799
2006-05-21,1549
2006-05-22,2130
2006-05-23,2299
2006-05-24,2995
2006-05-25,2379
2006-05-26,2919
2006-05-27,2897
2006-05-28,2758
2006-05-29,2948
2006-05-30,3123
2006-05-31,3097
2006-06-01,3083
2006-06-02,3010
2006-06-03,3041
2006-06-04,3005
2006-06-05,2943
2006-06-06,2551
2006-06-07,2460
2006-06-08,2807
2006-06-09,2001
2006-06-10,858
2006-06-11,2209
2006-06-12,1676
2006-06-13,847
2006-06-14,1673
2006-06-15,1881
2006-06-16,2333
2006-06-17,2194
2006-06-18,2293
2006-06-19,1218
2006-06-20,2806
2006-06-21,2692
2006-06-22,2934
2006-06-23,1189
2006-06-24,1197
2006-06-25,827
2006-06-26,1370
2006-06-27,2534
2006-06-28,2462
2006-06-29,2556
2006-06-30,2793
2006-07-01,1677
2006-07-02,1173
2006-07-03,2080
2006-07-04,1367
2006-07-05,1752
2006-07-06,2910
2006-07-07,2849
2006-07-08,2770
2006-07-09,2823
2006-07-10,2725
2006-07-11,2876
2006-07-12,2581
2006-07-13,2634
2006-07-14,2283
2006-07-15,2276
2006-07-17,2355
2006-07-18,624
2006-07-19,2057
2006-07-20,1776
2006-07-21,2437
2006-07-22,1743
2006-07-23,2552
2006-07-24,1086
2006-07-25,2020
2006-07-26,2088
2006-07-27,1726
2006-07-28,2321
2006-07-29,1422
2006-07-30,2065
2006-07-31,2480
2006-08-01,2438
2006-08-02,2641
2006-08-03,2339
2006-08-04,2766
2006-08-05,2729
2006-08-06,2705
2006-08-07,2622
2006-08-08,2635
2006-08-09,2602
2006-08-10,2650
2006-08-11,2334
2006-08-12,2577
2006-08-13,2628
2006-08-14,2415
2006-08-15,1634
2006-08-16,701
2006-08-17,1233
2006-08-18,1095
2006-08-19,1533
2006-08-20,2449
2006-08-21,2492
2006-08-22,2410
2006-08-23,2002
2006-08-24,2019
2006-08-25,1178
2006-08-26,1747
2006-08-27,1811
2006-08-28,1945
2006-08-29,1690
2006-08-30,2144
2006-08-31,2259
2006-09-01,2085
2006-09-02,2154
2006-09-03,2217
2006-09-04,2163
2006-09-05,1928
2006-09-06,2045
2006-09-07,1759
2006-09-08,1160
2006-09-09,1938
2006-09-10,1734
2006-09-11,633
2006-09-12,1594
2006-09-13,338
2006-09-14,1364
2006-09-15,1554
2006-09-16,985
2006-09-17,1265
2006-09-19,1856
2006-09-20,1648
2006-09-21,709
2006-09-22,978
2006-09-23,763
2006-09-24,520
2006-09-25,575
2006-09-26,1706
2006-09-28,868
2006-09-29,724
2006-09-30,563
2006-10-01,661
2006-10-02,177
2006-10-03,700
2006-10-04,1056
2006-10-05,1103
2006-10-06,129
2006-10-07,771
2006-10-08,1260
2006-10-09,1010
2006-10-10,203
2006-10-11,1341
2006-10-12,1570
2006-10-13,1593
2006-10-14,1543
2006-10-15,842
2006-10-16,204
2006-10-17,1097
2006-10-18,379
2006-10-19,185
2006-10-20,518
2006-10-21,429
2006-10-22,317
2006-10-23,939
2006-10-24,100
2006-10-25,359
2006-10-26,820
2006-10-27,1293
2006-10-28,1224
2006-10-29,1171
2006-10-30,852
2006-10-31,690
2006-11-01,1117
2006-11-02,1063
2006-11-03,410
2006-11-04,582
2006-11-05,853
2006-11-06,835
2006-11-07,648
2006-11-08,1072
2006-11-09,1066
2006-11-10,1058
2006-11-11,939
2006-11-12,1033
2006-11-13,868
2006-11-14,368
2006-11-15,116
2006-11-16,659
2006-11-17,233
2006-11-18,264
2006-11-19,682
2006-11-20,194
2006-11-21,202
2006-11-22,124
2006-11-23,419
2006-11-24,71
2006-11-25,377
2006-11-26,510
2006-11-27,255
2006-11-28,679
2006-11-29,890
2006-11-30,567
2006-12-01,117
2006-12-02,452
2006-12-03,48
2006-12-04,170
2006-12-05,152
2006-12-06,644
2006-12-07,77
2006-12-08,421
2006-12-09,429
2006-12-10,635
2006-12-11,311
2006-12-12,300
2006-12-13,727
2006-12-14,836
2006-12-15,803
2006-12-16,274
2006-12-17,261
2006-12-18,681
2006-12-19,751
2006-12-20,803
2006-12-21,786
2006-12-22,789
2006-12-23,817
2006-12-24,835
2006-12-25,827
2006-12-26,529
2006-12-27,805
2006-12-28,382
2006-12-29,96
2006-12-30,83
2006-12-31,138
2007-01-01,666
2007-01-02,793
2007-01-03,584
2007-01-04,218
2007-01-05,297
2007-01-06,67
2007-01-07,210
2007-01-08,221
2007-01-09,231
2007-01-10,131
2007-01-11,376
2007-01-12,699
2007-01-13,359
2007-01-14,528
2007-01-15,441
2007-01-16,163
2007-01-17,62
2007-01-18,55
2007-01-20,691
2007-01-21,515
2007-01-22,300
2007-01-23,695
2007-01-24,633
2007-01-25,849
2007-01-26,915
2007-01-27,1066
2007-01-28,1073
2007-01-30,292
2007-02-01,1082
2007-02-02,1104
2007-02-03,458
2007-02-04,928
2007-02-05,372
2007-02-06,233
2007-02-07,208
2007-02-08,771
2007-02-09,620
2007-02-10,576
2007-02-11,83
2007-02-12,1044
2007-02-13,99
2007-02-14,1234
2007-02-15,332
2007-02-16,276
2007-02-17,375
2007-02-18,1087
2007-02-20,847
2007-02-21,679
2007-02-22,456
2007-02-23,120
2007-02-24,477
2007-02-25,1163
2007-02-26,707
2007-02-27,264
2007-02-28,733
2007-03-02,123
2007-03-03,162
2007-03-04,544
2007-03-05,817
2007-03-06,556
2007-03-07,1043
2007-03-08,1570
2007-03-09,523
2007-03-10,1827
2007-03-11,1774
2007-03-12,1081
2007-03-13,1547
2007-03-14,1697
2007-03-15,1752
2007-03-16,1627
2007-03-17,1866
2007-03-18,1500
2007-03-19,1351
2007-03-20,1409
2007-03-21,1501
2007-03-22,517
2007-03-25,1840
2007-03-26,955
2007-03-27,1142
2007-03-28,447
2007-03-30,472
2007-04-01,1594
2007-04-02,1587
2007-04-03,1564
2007-04-04,1555
2007-04-05,1346
2007-04-06,2284
2007-04-07,2124
2007-04-08,2152
2007-04-09,2297
2007-04-10,1786
2007-04-11,1509
2007-04-12,2307
2007-04-13,2341
2007-04-14,2300
2007-04-15,2392
2007-04-16,2339
2007-04-17,2326
2007-04-18,2124
2007-04-19,1762
2007-04-20,2305
2007-04-21,2304
2007-04-22,2465
2007-04-23,1902
2007-04-24,536
2007-04-25,459
2007-04-26,1140
2007-04-28,1508
2007-04-29,1599
2007-04-30,906
2007-05-01,387
2007-05-02,1254
2007-05-03,2447
2007-05-04,1466
2007-05-05,2696
2007-05-06,2614
2007-05-07,1682
2007-05-08,2522
2007-05-09,2785
2007-05-10,511
2007-05-11,442
2007-05-12,652
2007-05-13,1010
2007-05-14,2108
2007-05-20,447
2007-05-21,844
2007-05-22,2374
2007-05-23,1106
2007-05-24,2456
2007-05-25,1128
2007-05-26,2015
2007-05-27,1659
2007-05-28,2411
2007-05-29,399
2007-05-30,1382
2007-05-31,1735
2007-09-01,2320
2007-09-02,1925
2007-09-03,2233
2007-09-04,2255
2007-09-05,2279
2007-09-06,2290
2007-09-07,2230
2007-09-08,2149
2007-09-09,2111
2007-09-10,2190
2007-09-11,2067
2007-09-12,2050
2007-09-13,1963
2007-09-14,2118
2007-09-15,1918
2007-09-16,1505
2007-09-17,813
2007-09-18,1710
2007-09-19,2000
2007-09-20,1893
2007-09-21,1738
2007-09-22,1613
2007-09-23,1897
2007-09-24,578
2007-09-25,1713
2007-09-26,1663
2007-09-27,1818
2007-09-28,1805
2007-09-29,516
2007-09-30,840
2007-10-01,1146
2007-10-02,1348
2007-10-03,1339
2007-10-04,983
2007-10-05,1574
2007-10-06,1452
2007-10-07,1070
2007-10-08,1604
2007-10-09,1570
2007-10-10,1600
2007-10-11,1623
2007-10-12,1598
2007-10-13,1578
2007-10-14,1570
2007-10-15,1427
2007-10-16,1462
2007-10-17,765
2007-10-18,1416
2007-10-19,1441
2007-10-20,1462
2007-10-21,1420
2007-10-22,739
2007-10-23,609
2007-10-24,735
2007-10-25,1028
2007-10-26,619
2007-10-27,1282
2007-10-28,763
2007-10-29,649
2007-10-30,865
2007-10-31,1277
2007-11-01,1306
2007-11-02,1249
2007-11-03,1213
2007-11-04,1134
2007-11-05,1194
2007-11-06,1165
2007-11-07,1140
2007-11-08,971
2007-11-09,778
2007-11-10,1146
2007-11-11,972
2007-11-12,814
2007-11-13,1089
2007-11-14,537
2007-11-15,775
2007-11-16,1032
2007-11-17,1104
2007-11-18,184
2007-11-19,163
2007-11-20,571
2007-11-21,579
2007-11-22,665
2007-11-23,878
2007-11-24,807
2007-11-25,827
2007-11-26,786
2007-11-27,936
2007-11-30,292
2007-12-01,521
2007-12-03,350
2007-12-05,193
2007-12-06,276
2007-12-07,431
2007-12-08,155
2007-12-09,239
2007-12-10,611
2007-12-11,843
2007-12-12,856
2007-12-13,867
2007-12-14,863
2007-12-15,865
2007-12-16,853
2007-12-17,822
2007-12-18,178
2007-12-19,120
2007-12-20,461
2007-12-21,697
2007-12-22,478
2007-12-23,789
2007-12-24,767
2007-12-25,70
2007-12-26,842
2007-12-27,843
2007-12-28,749
2007-12-29,78
2007-12-30,698
2007-12-31,798
2008-01-01,144
2008-01-02,280
2008-01-03,246
2008-01-04,175
2008-01-05,71
2008-01-06,194
2008-01-07,595
2008-01-08,150
2008-01-09,628
2008-01-10,173
2008-01-11,469
2008-01-12,495
2008-01-13,337
2008-01-14,799
2008-01-15,69
2008-01-16,603
2008-01-17,126
2008-01-18,215
2008-01-19,975
2008-01-20,939
2008-01-21,740
2008-01-22,351
2008-01-23,864
2008-01-24,315
2008-01-25,688
2008-01-26,1006
2008-01-27,936
2008-01-28,808
2008-01-29,1038
2008-01-30,522
2008-01-31,572
2008-02-01,206
2008-02-02,1127
2008-02-03,227
2008-02-04,671
2008-02-05,564
2008-02-06,701
2008-02-07,1220
2008-02-08,1221
2008-02-09,1238
2008-02-10,1276
2008-02-11,1269
2008-02-12,1270
2008-02-13,1258
2008-02-14,1302
2008-02-15,1154
2008-02-16,1175
2008-02-17,907
2008-02-18,396
2008-02-19,452
2008-02-20,465
2008-02-21,1426
2008-02-22,1461
2008-02-23,876
2008-02-24,506
2008-02-25,1146
2008-02-26,121
2008-02-27,227
2008-02-28,1137
2008-02-29,606
2008-03-01,986
2008-03-02,915
2008-03-03,1194
2008-03-04,1546
2008-03-05,1617
2008-03-06,1794
2008-03-07,1646
2008-03-08,437
2008-03-09,1251
2008-03-10,517
2008-03-11,457
2008-03-12,743
2008-03-13,1820
2008-03-14,1368
2008-03-15,793
2008-03-16,881
2008-03-17,513
2008-03-18,1177
2008-03-19,2024
2008-03-20,2000
2008-03-21,643
2008-03-22,1094
2008-03-23,1463
2008-03-24,722
2008-03-25,1016
2008-03-26,583
2008-03-27,290
2008-03-28,1203
2008-03-29,1816
2008-03-30,1301
2008-03-31,1233
2008-04-01,1850
2008-04-02,2283
2008-04-03,2316
2008-04-04,2351
2008-04-05,2329
2008-04-06,2098
2008-04-07,374
2008-04-08,470
2008-04-09,489
2008-04-10,906
2008-04-11,1503
2008-04-12,1110
2008-04-13,1630
2008-04-14,2522
2008-04-15,1961
2008-04-17,1094
2008-04-18,1385
2008-04-19,636
2008-04-20,683
2008-04-21,1128
2008-04-22,263
2008-04-23,1930
2008-04-24,2416
2008-04-28,2033
2008-04-29,825
2008-04-30,1869
2008-05-01,1006
2008-05-02,1744
2008-05-07,1525
2008-05-08,1025
2008-05-09,712
2008-05-10,933
2008-05-11,2038
2008-05-12,645
2008-05-13,1143
2008-05-14,734
2008-05-15,1553
2008-05-16,1479
2008-05-17,1417
2008-05-18,1107
2008-05-19,2096
2008-05-20,2811
2008-05-21,1041
2008-05-22,1284
2008-05-23,870
2008-05-24,1162
2008-05-25,1670
2008-05-26,1124
2008-05-27,1199
2008-05-28,1073
2008-05-29,843
2008-05-30,1221
2008-05-31,1932
2008-06-01,1405
2008-06-02,1684
2008-06-03,1767
2008-06-04,1387
2008-06-05,1652
2008-06-06,2804
2008-06-07,2947
2008-06-08,2398
2008-06-09,2788
2008-06-10,2810
2008-06-11,2914
2008-06-12,2995
2008-06-13,2941
2008-06-14,2859
2008-06-15,439
2008-06-16,2054
2008-06-17,2830
2008-06-18,3057
2008-06-19,1290
2008-06-20,1691
2008-06-21,2768
2008-06-22,2064
2008-06-23,2329
2008-06-24,1853
2008-06-25,2796
2008-06-26,1801
2008-06-27,3005
2008-06-28,3047
2008-06-29,2874
2008-06-30,2930
2008-07-01,925
2008-07-02,1944
2008-07-03,2158
2008-07-04,490
2008-07-05,2177
2008-07-06,1964
2008-07-07,2030
2008-07-08,2776
2008-07-09,2590
2008-07-10,450
2008-07-11,1869
2008-07-12,2224
2008-07-13,2065
2008-07-14,2930
2008-07-15,2906
2008-07-16,2922
2008-07-17,2627
2008-07-18,2841
2008-07-19,2690
2008-07-20,2187
2008-07-21,2894
2008-07-22,2719
2008-07-23,1215
2008-07-24,811
2008-07-25,533
2008-07-26,2229
2008-07-27,1158
2008-07-28,2197
2008-07-29,2547
2008-07-30,1683
2008-07-31,1387
2008-08-01,1996
2008-08-02,2115
2008-08-03,2723
2008-08-04,2578
2008-08-05,2401
2008-08-06,1468
2008-08-07,1275
2008-08-08,2111
2008-08-09,2619
2008-08-10,1396
2008-08-11,429
2008-08-12,1600
2008-08-13,1767
2008-08-14,1632
2008-08-15,2116
2008-08-16,1105
2008-08-17,1927
2008-08-18,1645
2008-08-19,1525
2008-08-20,2457
2008-08-21,911
2008-08-22,2326
2008-08-23,2490
2008-08-24,1555
2008-08-25,2390
2008-08-26,2128
2008-08-27,2219
2008-08-28,2072
2008-08-29,1573
2008-08-30,1328
2008-08-31,911
2008-09-01,1493
2008-09-02,848
2008-09-03,310
2008-09-04,1161
2008-09-05,558
2008-09-06,1331
2008-09-07,2241
2008-09-08,1492
2008-09-09,584
2008-09-10,1719
2008-09-11,1492
2008-09-12,1488
2008-09-13,1876
2008-09-14,2069
2008-09-15,2020
2008-09-16,1809
2008-09-17,1269
2008-09-18,1555
2008-09-19,1905
2008-09-20,1613
2008-09-21,807
2008-09-22,927
2008-09-23,1427
2008-09-24,1860
2008-09-25,1848
2008-09-26,1845
2008-09-27,1814
2008-09-28,1786
2008-09-29,1753
2008-09-30,1768
2008-10-02,1099
2008-10-03,1574
2008-10-04,1399
2008-10-05,439
2008-10-06,421
2008-10-07,1352
2008-10-08,1123
2008-10-09,1643
2008-10-10,1573
2008-10-11,1310
2008-10-12,913
2008-10-13,890
2008-10-14,1148
2008-10-15,839
2008-10-16,533
2008-10-17,690
2008-10-18,932
2008-10-19,1388
2008-10-20,1387
2008-10-21,155
2008-10-22,1233
2008-10-23,1409
2008-10-24,1226
2008-10-25,1350
2008-10-26,1302
2008-10-27,441
2008-10-28,1059
2008-10-29,798
2008-10-30,632
2008-10-31,902
2008-11-01,295
2008-11-02,977
2008-11-03,328
2008-11-04,387
2008-11-05,1023
2008-11-06,169
2008-11-07,668
2008-11-08,317
2008-11-09,124
2008-11-11,916
2008-11-12,382
2008-11-13,1024
2008-11-14,1029
2008-11-15,1018
2008-11-16,1003
2008-11-17,1020
2008-11-18,475
2008-11-19,590
2008-11-20,699
2008-11-21,568
2008-11-22,398
2008-11-23,226
2008-11-24,403
2008-11-25,838
2008-11-26,718
2008-11-27,914
2008-11-28,214
2008-11-29,153
2008-11-30,293
2008-12-01,434
2008-12-02,609
2008-12-03,396
2008-12-04,99
2008-12-05,502
2008-12-06,131
2008-12-07,570
2008-12-08,198
2008-12-09,601
2008-12-10,601
2008-12-11,252
2008-12-12,407
2008-12-13,492
2008-12-14,479
2008-12-15,507
2008-12-16,703
2008-12-17,542
2008-12-18,432
2008-12-19,813
2008-12-20,825
2008-12-21,839
2008-12-22,835
2008-12-23,862
2008-12-24,833
2008-12-25,840
2008-12-26,819
2008-12-27,410
2008-12-28,597
2008-12-29,254
2008-12-30,307
2008-12-31,108
2009-01-01,325
2009-01-02,224
2009-01-03,674
2009-01-04,702
2009-01-05,126
2009-01-06,483
2009-01-07,202
2009-01-08,895
2009-01-09,604
2009-01-10,829
2009-01-11,920
2009-01-12,320
2009-01-13,659
2009-01-14,566
2009-01-15,163
2009-01-16,814
2009-01-17,312
2009-01-18,569
2009-01-19,190
2009-01-20,379
2009-01-21,388
2009-01-23,66
2009-01-24,703
2009-01-25,305
2009-01-26,712
2009-01-27,164
2009-01-28,113
2009-01-29,141
2009-01-30,131
2009-01-31,842
2009-02-01,698
2009-02-02,168
2009-02-03,333
2009-02-04,338
2009-02-05,582
2009-02-06,693
2009-02-07,907
2009-02-08,143
2009-02-09,159
2009-02-10,987
2009-02-11,779
2009-02-12,895
2009-02-13,1354
2009-02-14,1362
2009-02-15,1382
2009-02-16,1369
2009-02-17,1392
2009-02-18,1366
2009-02-19,1383
2009-02-20,1434
2009-02-21,1331
2009-02-22,1497
2009-02-23,1453
2009-02-24,1500
2009-02-25,1516
2009-02-26,1507
2009-02-27,1541
2009-02-28,939
2009-03-01,529
2009-03-02,1223
2009-03-03,1020
2009-03-04,817
2009-03-05,1156
2009-03-06,421
2009-03-07,451
2009-03-08,1006
2009-03-09,1707
2009-03-10,1841
2009-03-11,1882
2009-03-12,1857
2009-03-13,1825
2009-03-14,1306
2009-03-15,1840
2009-03-16,1880
2009-03-17,1870
2009-03-18,1913
2009-03-19,1934
2009-03-20,1911
2009-03-21,1637
2009-03-22,2036
2009-03-23,2010
2009-03-24,2098
2009-03-25,2113
2009-03-26,2121
2009-03-27,1563
2009-03-28,1762
2009-03-29,1901
2009-03-30,2216
2009-03-31,2269
2009-04-01,2143
2009-04-02,2250
2009-04-03,2023
2009-04-04,1661
2009-04-05,2250
2009-04-06,957
2009-04-07,1847
2009-04-08,877
2009-04-09,643
2009-04-10,1808
2009-04-11,1511
2009-04-12,1833
2009-04-13,824
2009-04-14,1207
2009-04-15,1200
2009-04-16,1528
2009-04-17,1382
2009-04-18,1176
2009-04-19,2037
2009-04-20,2518
2009-04-21,2577
2009-04-22,2445
2009-04-23,2368
2009-04-24,1255
2009-04-25,1680
2009-04-26,1731
2009-04-27,525
2009-04-28,788
2009-04-29,735
2009-04-30,1652
2009-05-01,2672
2009-05-02,2657
2009-05-03,2708
2009-05-04,2763
2009-05-05,2711
2009-05-06,2722
2009-05-07,1866
2009-05-08,1476
2009-05-09,2066
2009-05-10,1730
2009-05-11,1315
2009-05-12,886
2009-05-13,747
2009-05-14,1645
2009-05-15,1391
2009-05-16,687
2009-05-17,1191
2009-05-18,1654
2009-05-19,2595
2009-05-20,2403
2009-05-21,2497
2009-05-22,1857
2009-05-23,1056
2009-05-24,1142
2009-05-25,505
2009-05-26,2373
2009-05-27,3016
2009-05-28,2978
2009-05-29,2812
2009-05-30,2928
2009-05-31,3017
2009-06-01,2968
2009-06-02,2967
2009-06-03,1363
2009-06-04,1252
2009-06-05,1583
2009-06-06,1009
2009-06-07,449
2009-06-08,1583
2009-06-09,888
2009-06-10,476
2009-06-11,2632
2009-06-12,2755
2009-06-13,2499
2009-06-14,1676
2009-06-15,2793
2009-06-16,2665
2009-06-17,2863
2009-06-18,2973
2009-06-19,2789
2009-06-20,3026
2009-06-21,3049
2009-06-22,2946
2009-06-23,1251
2009-06-24,1599
2009-06-25,1545
2009-06-26,1682
2009-06-27,1747
2009-06-28,1691
2009-06-29,1202
2009-06-30,2525
2009-07-01,1869
2009-07-02,2588
2009-07-03,596
2009-07-04,2329
2009-07-05,1132
2009-07-06,1674
2009-07-07,2370
2009-07-08,2607
2009-07-09,2664
2009-07-10,2891
2009-07-11,2831
2009-07-12,425
2009-07-13,1540
2009-07-14,1481
2009-07-15,2048
2009-07-16,1347
2009-07-17,2447
2009-07-18,1757
2009-07-19,2426
2009-07-20,2581
2009-07-21,1093
2009-07-22,492
2009-07-23,1502
2009-07-24,2204
2009-07-25,2705
2009-07-26,2676
2009-07-27,1820
2009-07-28,2757
2009-07-29,847
2009-07-30,2744
2009-07-31,979
2009-08-01,1242
2009-08-02,1902
2009-08-03,1876
2009-08-04,1131
2009-08-05,947
2009-08-06,705
2009-08-07,1574
2009-08-08,1465
2009-08-09,2537
2009-08-10,2613
2009-08-11,2575
2009-08-12,2464
2009-08-13,2519
2009-08-14,2561
2009-08-15,2433
2009-08-16,2150
2009-08-17,2488
2009-08-18,2467
2009-08-19,2107
2009-08-20,1140
2009-08-21,2451
2009-08-22,2445
2009-08-23,2242
2009-08-24,539
2009-08-25,2271
2009-08-26,782
2009-08-27,1588
2009-08-28,1572
2009-08-29,2363
2009-08-30,2305
2009-08-31,1974
2009-09-01,2053
2009-09-02,1468
2009-09-03,1497
2009-09-04,2028
2009-09-05,2230
2009-09-06,2241
2009-09-07,1997
2009-09-08,2105
2009-09-09,1839
2009-09-10,1545
2009-09-11,2002
2009-09-12,1871
2009-09-13,1904
2009-09-14,2033
2009-09-15,1677
2009-09-16,1195
2009-09-17,509
2009-09-18,1242
2009-09-19,611
2009-09-20,943
2009-09-21,1848
2009-09-22,1911
2009-09-23,1884
2009-09-24,1821
2009-09-25,1802
2009-09-26,1782
2009-09-27,1805
2009-09-28,1785
2009-09-29,1659
2009-09-30,1442
2009-10-01,1576
2009-10-02,1397
2009-10-03,1067
2009-10-04,228
2009-10-05,301
2009-10-06,385
2009-10-07,574
2009-10-08,904
2009-10-09,1033
2009-10-10,645
2009-10-11,1218
2009-10-12,1507
2009-10-13,1403
2009-10-14,1565
2009-10-15,1509
2009-10-16,1582
2009-10-17,1536
2009-10-18,1370
2009-10-19,728
2009-10-20,866
2009-10-21,458
2009-10-22,943
2009-10-23,171
2009-10-24,101
2009-10-25,1127
2009-10-26,1273
2009-10-27,741
2009-10-28,1121
2009-10-29,1018
2009-10-30,452
2009-10-31,195
2009-11-01,125
2009-11-02,844
2009-11-03,404
2009-11-04,703
2009-11-05,410
2009-11-06,245
2009-11-07,669
2009-11-08,666
2009-11-09,278
2009-11-10,281
2009-11-11,169
2009-11-12,419
2009-11-13,253
2009-11-14,456
2009-11-15,116
2009-11-16,167
2009-11-17,740
2009-11-18,1022
2009-11-19,895
2009-11-20,98
2009-11-21,194
2009-11-22,316
2009-11-23,372
2009-11-24,510
2009-11-25,321
2009-11-26,409
2009-11-27,682
2009-11-28,180
2009-11-29,385
2009-11-30,660
2009-12-01,96
2009-12-02,152
2009-12-03,512
2009-12-04,186
2009-12-05,154
2009-12-06,147
2009-12-07,226
2009-12-08,130
2009-12-09,139
2009-12-10,605
2009-12-11,866
2009-12-12,709
2009-12-13,786
2009-12-14,791
2009-12-15,836
2009-12-16,134
2009-12-17,615
2009-12-18,754
2009-12-19,791
2009-12-20,787
2009-12-21,115
2009-12-22,317
2009-12-23,661
2009-12-24,347
2009-12-25,801
2009-12-26,671
2009-12-27,74
2009-12-28,160
2009-12-29,329
2009-12-30,398
2009-12-31,167
2010-01-01,626
2010-01-02,129
2010-01-03,496
2010-01-04,397
2010-01-05,297
2010-01-06,292
2010-01-07,705
2010-01-08,898
2010-01-09,630
2010-01-10,160
2010-01-11,427
2010-01-12,448
2010-01-13,168
2010-01-14,549
2010-01-15,140
2010-01-16,253
2010-01-17,372
2010-01-18,344
2010-01-19,392
2010-01-20,502
2010-01-21,336
2010-01-22,96
2010-01-23,310
2010-01-24,942
2010-01-25,644
2010-01-26,1076
2010-01-27,1012
2010-01-28,685
2010-01-29,521
2010-01-30,586
2010-01-31,714
2010-02-01,1065
2010-02-02,1181
2010-02-03,612
2010-02-04,153
2010-02-05,884
2010-02-06,314
2010-02-07,732
2010-02-08,604
2010-02-09,778
2010-02-10,423
2010-02-11,829
2010-02-12,1355
2010-02-13,1272
2010-02-14,823
2010-02-15,1386
2010-02-16,541
2010-02-17,903
2010-02-18,921
2010-02-19,1070
2010-02-20,835
2010-02-21,374
2010-02-22,195
2010-02-23,242
2010-02-24,138
2010-02-25,470
2010-02-26,962
2010-02-27,138
2010-02-28,401
2010-03-01,937
2010-03-02,1121
2010-03-03,470
2010-03-04,1419
2010-03-05,652
2010-03-06,779
2010-03-07,444
2010-03-08,1083
2010-03-09,1857
2010-03-10,1840
2010-03-11,1738
2010-03-12,1491
2010-03-13,1196
2010-03-14,1916
2010-03-15,1771
2010-03-16,1150
2010-03-17,1496
2010-03-18,421
2010-03-19,779
2010-03-20,349
2010-03-21,1588
2010-03-22,1886
2010-03-24,1070
2010-03-25,1154
2010-03-26,782
2010-03-27,930
2010-03-28,1090
2010-03-29,585
2010-03-30,1203
2010-03-31,729
2010-04-01,1547
2010-04-02,1213
2010-04-03,819
2010-04-04,1599
2010-04-05,2338
2010-04-06,1067
2010-04-07,1877
2010-04-08,2404
2010-04-09,2388
2010-04-10,2354
2010-04-11,2389
2010-04-12,1897
2010-04-13,2420
2010-04-14,2324
2010-04-15,1309
2010-04-16,1695
2010-04-17,1280
2010-04-18,1477
2010-04-19,2236
2010-04-20,1293
2010-04-21,1172
2010-04-22,1211
2010-04-23,964
2010-04-24,1192
2010-04-25,2535
2010-04-26,2605
2010-04-27,2110
2010-04-28,2084
2010-04-29,1885
2010-04-30,1015
2010-05-01,1146
2010-05-02,1700
2010-05-03,2194
2010-05-04,1856
2010-05-05,1867
2010-05-06,1988
2010-05-07,1162
2010-05-08,664
2010-05-09,864
2010-05-10,1235
2010-05-11,1900
2010-05-12,968
2010-05-13,2487
2010-05-14,1178
2010-05-15,1524
2010-05-16,2660
2010-05-17,2831
2010-05-18,2838
2010-05-19,2880
2010-05-20,2865
2010-05-21,2891
2010-05-22,2850
2010-05-23,2729
2010-05-24,1592
2010-05-25,1034
2010-05-26,1454
2010-05-27,1521
2010-05-28,2513
2010-05-29,1069
2010-05-30,1892
2010-05-31,2674
2010-06-01,1437
2010-06-02,2807
2010-06-03,2901
2010-06-04,1894
2010-06-05,627
2010-06-06,2738
2010-06-07,1256
2010-06-08,584
2010-06-09,901
2010-06-10,608
2010-06-11,586
2010-06-12,2368
2010-06-13,1891
2010-06-14,2018
2010-06-15,2260
2010-06-16,2197
2010-06-17,3011
2010-06-18,3018
2010-06-19,2378
2010-06-20,2851
2010-06-21,3027
2010-06-22,2979
2010-06-23,2861
2010-06-24,2637
2010-06-25,2632
2010-06-26,2266
2010-06-27,2857
2010-06-28,2883
2010-06-29,2865
2010-06-30,2794
2010-07-01,2487
2010-07-02,547
2010-07-03,1636
2010-07-04,2573
2010-07-05,2780
2010-07-06,2769
2010-07-07,2374
2010-07-08,1595
2010-07-09,2587
2010-07-10,2745
2010-07-11,1993
2010-07-12,688
2010-07-13,1072
2010-07-14,2026
2010-07-15,1976
2010-07-16,2029
2010-07-17,2718
2010-07-18,2683
2010-07-19,2287
2010-07-20,1098
2010-07-21,1599
2010-07-22,2231
2010-07-23,2268
2010-07-24,2673
2010-07-25,2650
2010-07-26,2633
2010-07-27,2585
2010-07-28,2552
2010-07-29,2607
2010-07-30,2562
2010-07-31,2253
2010-08-01,1525
2010-08-02,2393
2010-08-03,2549
2010-08-04,2128
2010-08-05,2546
2010-08-06,2532
2010-08-07,2518
2010-08-08,2473
2010-08-09,2475
2010-08-10,2369
2010-08-11,2193
2010-08-12,2034
2010-08-13,1838
2010-08-14,2299
2010-08-15,2447
2010-08-16,2374
2010-08-17,2338
2010-08-18,1343
2010-08-19,2267
2010-08-20,2306
2010-08-21,2210
2010-08-22,767
2010-08-23,333
2010-08-24,2149
2010-08-25,931
2010-08-26,255
2010-08-27,892
2010-08-28,2161
2010-08-29,2176
2010-08-30,2069
2010-08-31,1397
2010-09-01,1356
2010-09-02,1633
2010-09-03,1946
2010-09-04,1903
2010-09-05,1458
2010-09-06,594
2010-09-07,923
2010-09-08,545
2010-09-09,1600
2010-09-10,1795
2010-09-11,1767
2010-09-12,1764
2010-09-13,1928
2010-09-14,1820
2010-09-15,1140
2010-09-16,760
2010-09-17,1322
2010-09-18,1841
2010-09-19,1822
2010-09-20,1747
2010-09-21,1747
2010-09-22,1143
2010-09-23,797
2010-09-24,1083
2010-09-25,1317
2010-09-26,1739
2010-09-27,1540
2010-09-28,1656
2010-09-29,351
2010-09-30,1256
2010-10-01,456
2010-10-02,269
2010-10-03,145
2010-10-04,1222
2010-10-05,132
2010-10-06,1040
2010-10-07,199
2010-10-08,69
2010-10-09,1240
2010-10-10,1317
2010-10-11,1048
2010-10-12,1104
2010-10-13,1420
2010-10-14,1408
2010-10-15,1394
2010-10-16,1326
2010-10-17,1393
2010-10-18,1397
2010-10-19,1379
2010-10-20,1336
2010-10-21,1253
2010-10-22,720
2010-10-23,687
2010-10-24,197
2010-10-25,1124
2010-10-26,1175
2010-10-27,897
2010-10-28,936
2010-10-29,251
2010-10-30,284
2010-10-31,374
2010-11-01,600
2010-11-02,302
2010-11-03,338
2010-11-04,989
2010-11-05,954
2010-11-06,319
2010-11-07,531
2010-11-08,182
2010-11-09,337
2010-11-10,708
2010-11-11,138
2010-11-12,114
2010-11-13,93
2010-11-14,404
2010-11-15,703
2010-11-16,229
2010-11-17,583
2010-11-18,566
2010-11-19,124
2010-11-20,428
2010-11-21,232
2010-11-22,347
2010-11-23,521
2010-11-24,832
2010-11-25,556
2010-11-26,722
2010-11-27,484
2010-11-28,554
2010-11-29,264
2010-11-30,118
2010-12-01,550
2010-12-02,105
2010-12-03,404
2010-12-04,223
2010-12-05,34
2010-12-06,229
2010-12-07,425
2010-12-08,158
2010-12-09,297
2010-12-10,539
2010-12-11,383
2010-12-12,356
2010-12-13,687
2010-12-14,831
2010-12-15,677
2010-12-16,851
2010-12-17,206
2010-12-18,699
2010-12-19,106
2010-12-20,295
2010-12-21,417
2010-12-22,48
2010-12-23,407
2010-12-24,672
2010-12-25,688
2010-12-26,572
2010-12-27,45
2010-12-28,78
2010-12-29,165
2010-12-30,111
2010-12-31,613
2011-01-01,536
2011-01-02,685
2011-01-03,301
2011-01-04,259
2011-01-05,97
2011-01-06,147
2011-01-07,211
2011-01-08,190
2011-01-09,772
2011-01-10,205
2011-01-11,215
2011-01-12,175
2011-01-13,210
2011-01-14,309
2011-01-15,613
2011-01-16,184
2011-01-17,824
2011-01-18,455
2011-01-19,593
2011-01-20,927
2011-01-21,1058
2011-01-22,1047
2011-01-23,952
2011-01-24,1067
2011-01-25,1071
2011-01-26,601
2011-01-27,430
2011-01-28,785
2011-01-29,512
2011-01-30,682
2011-01-31,726
2011-02-01,1147
2011-02-02,1149
2011-02-03,868
2011-02-04,809
2011-02-05,1063
2011-02-06,1186
2011-02-07,1088
2011-02-08,436
2011-02-09,146
2011-02-10,807
2011-02-11,408
2011-02-12,1005
2011-02-13,374
2011-02-14,307
2011-02-15,444
2011-02-16,367
2011-02-17,1160
2011-02-18,145
2011-02-19,1237
2011-02-20,532
2011-02-21,144
2011-02-22,643
2011-02-23,719
2011-02-24,1535
2011-02-25,1272
2011-02-26,515
2011-02-27,1545
2011-02-28,1211
2011-03-01,1050
2011-03-02,640
2011-03-03,1192
2011-03-04,1122
2011-03-05,1583
2011-03-06,1466
2011-03-07,1522
2011-03-08,1437
2011-03-09,1685
2011-03-10,1710
2011-03-11,1332
2011-03-12,329
2011-03-13,717
2011-03-14,490
2011-03-15,733
2011-03-16,294
2011-03-17,739
2011-03-18,1689
2011-03-19,1987
2011-03-20,1984
2011-03-21,2025
2011-03-22,2000
2011-03-23,1618
2011-03-24,1230
2011-03-25,1144
2011-03-26,370
2011-03-27,575
2011-03-28,832
2011-03-29,470
2011-03-30,463
2011-03-31,1826
2011-04-01,2114
2011-04-02,1245
2011-04-03,1526
2011-04-04,2305
2011-04-05,2280
2011-04-06,1770
2011-04-07,1415
2011-04-08,2146
2011-04-09,1098
2011-04-10,1507
2011-04-11,1970
2011-04-12,2340
2011-04-13,2323
2011-04-14,2392
2011-04-15,2473
2011-04-16,2452
2011-04-17,2276
2011-04-18,2082
2011-04-19,568
2011-04-20,1016
2011-04-21,1584
2011-04-22,383
2011-04-23,1754
2011-04-24,2013
2011-04-25,2477
2011-04-26,2375
2011-04-27,2604
2011-04-28,2512
2011-04-29,2301
2011-04-30,1727
2011-05-01,1457
2011-05-02,1926
2011-05-03,1965
2011-05-04,1932
2011-05-05,1382
2011-05-06,2002
2011-05-07,1310
2011-05-08,1585
2011-05-09,2371
2011-05-10,2624
2011-05-11,2735
2011-05-12,2453
2011-05-13,2705
2011-05-14,2550
2011-05-15,2934
2011-05-16,2879
2011-05-17,2078
2011-05-18,2599
2011-05-19,2682
2011-05-20,2273
2011-05-21,2148
2011-05-22,2925
2011-05-23,2816
2011-05-24,2595
2011-05-25,2808
2011-05-26,2552
2011-05-27,2872
2011-05-28,2818
2011-05-29,1388
2011-05-30,1172
2011-05-31,2701
2011-06-01,3010
2011-06-02,3040
2011-06-03,2927
2011-06-04,2919
2011-06-05,2410
2011-06-06,769
2011-06-07,1258
2011-06-08,1424
2011-06-09,1776
2011-06-10,1769
2011-06-11,2178
2011-06-12,1988
2011-06-13,938
2011-06-14,1285
2011-06-15,1386
2011-06-16,1826
2011-06-17,1553
2011-06-18,2061
2011-06-19,2756
2011-06-20,1536
2011-06-21,715
2011-06-22,2359
2011-06-23,2949
2011-06-24,2969
2011-06-25,2893
2011-06-26,2725
2011-06-27,2649
2011-06-28,2067
2011-06-29,3005
2011-06-30,2993
2011-07-01,2892
2011-07-02,2600
2011-07-03,2794
2011-07-04,2864
2011-07-05,1221
2011-07-06,1720
2011-07-07,1346
2011-07-08,322
2011-07-09,986
2011-07-10,2573
2011-07-11,2316
2011-07-12,1863
2011-07-13,2157
2011-07-14,1785
2011-07-15,2430
2011-07-16,597
2011-07-17,1638
2011-07-18,445
2011-07-19,1795
2011-07-20,1134
2011-07-21,2019
2011-07-22,2713
2011-07-23,2815
2011-07-24,1869
2011-07-25,1518
2011-07-26,2436
2011-07-27,2845
2011-07-28,2791
2011-07-29,2274
2011-07-30,2722
2011-07-31,2598
2011-08-01,1905
2011-08-02,1030
2011-08-03,2201
2011-08-04,779
2011-08-05,1452
2011-08-06,1312
2011-08-07,1402
2011-08-08,2601
2011-08-09,2706
2011-08-10,2630
2011-08-11,2685
2011-08-12,2505
2011-08-13,2314
2011-08-14,430
2011-08-15,2239
2011-08-16,2453
2011-08-17,1745
2011-08-18,2069
2011-08-19,2420
2011-08-20,1930
2011-08-21,1255
2011-08-22,323
2011-08-23,975
2011-08-24,1950
2011-08-25,326
2011-08-26,2229
2011-08-27,2436
2011-08-28,2103
2011-08-29,2283
2011-08-30,740
2011-08-31,476
2011-09-01,1764
2011-09-02,1975
2011-09-03,1111
2011-09-04,1688
2011-09-05,1256
2011-09-06,2233
2011-09-07,1200
2011-09-08,1050
2011-09-09,771
2011-09-10,1317
2011-09-11,561
2011-09-12,1325
2011-09-13,1447
2011-09-14,2006
2011-09-15,1797
2011-09-16,1531
2011-09-17,1456
2011-09-18,1669
2011-09-19,1598
2011-09-21,1600
2011-09-22,1700
2011-09-23,365
2011-09-24,1145
2011-09-25,1812
2011-09-26,1504
2011-09-27,952
2011-09-28,841
2011-09-29,1402
2011-09-30,1211
2011-10-01,1614
2011-10-02,1610
2011-10-03,1523
2011-10-04,1495
2011-10-05,1567
2011-10-06,973
2011-10-07,1378
2011-10-08,1402
2011-10-09,1625
2011-10-10,1589
2011-10-11,1566
2011-10-12,1533
2011-10-13,1505
2011-10-14,1522
2011-10-15,1500
2011-10-16,1073
2011-10-17,1312
2011-10-18,1038
2011-10-19,806
2011-10-20,1464
2011-10-21,1428
2011-10-22,1257
2011-10-23,161
2011-10-24,915
2011-10-25,878
2011-10-26,117
2011-10-27,659
2011-10-28,1077
2011-10-29,1198
2011-10-30,1186
2011-10-31,190
2011-11-01,964
2011-11-02,346
2011-11-03,265
2011-11-04,712
2011-11-05,915
2011-11-06,939
2011-11-07,1145
2011-11-08,202
2011-11-09,361
2011-11-10,523
2011-11-11,447
2011-11-12,441
2011-11-13,294
2011-11-14,346
2011-11-15,447
2011-11-16,398
2011-11-17,980
2011-11-18,260
2011-11-19,990
2011-11-20,772
2011-11-21,185
2011-11-22,278
2011-11-23,745
2011-11-24,980
2011-11-25,921
2011-11-26,980
2011-11-27,826
2011-11-28,497
2011-11-29,111
2011-11-30,175
2011-12-01,166
2011-12-02,696
2011-12-03,151
2011-12-04,185
2011-12-05,320
2011-12-06,358
2011-12-07,246
2011-12-08,250
2011-12-09,155
2011-12-10,548
2011-12-11,206
2011-12-12,386
2011-12-13,69
2011-12-14,556
2011-12-15,371
2011-12-16,276
2011-12-17,641
2011-12-18,787
2011-12-19,837
2011-12-20,109
2011-12-21,354
2011-12-22,879
2011-12-23,346
2011-12-24,876
2011-12-25,897
2011-12-26,894
2011-12-27,855
2011-12-28,270
2011-12-29,829
2011-12-30,834
2011-12-31,116
2012-01-08,848
2012-01-09,865
2012-01-10,807
2012-01-11,837
2012-01-12,917
2012-01-13,560
2012-01-14,353
2012-01-15,318
2012-01-16,881
2012-01-17,599
2012-01-18,279
2012-01-19,240
2012-01-20,412
2012-01-21,285
2012-01-22,798
2012-01-23,499
2012-01-24,1009
2012-01-25,953
2012-01-26,536
2012-01-27,1014
2012-01-28,978
2012-01-29,1049
2012-01-30,921
2012-01-31,409
2012-02-01,441
2012-02-02,935
2012-02-03,971
2012-02-04,1187
2012-02-05,532
2012-02-06,428
2012-02-07,694
2012-02-08,1135
2012-02-09,620
2012-02-10,1263
2012-02-11,1341
2012-02-12,1152
2012-02-13,855
2012-02-14,568
2012-02-15,1164
2012-02-16,1265
2012-02-17,1416
2012-02-18,1138
2012-02-19,837
2012-02-20,1442
2012-02-21,1348
2012-02-22,1445
2012-02-23,1459
2012-02-24,1376
2012-02-25,954
2012-02-26,1158
2012-02-27,1554
2012-02-28,1442
2012-02-29,1358
2012-03-01,1156
2012-03-02,947
2012-03-03,1260
2012-03-04,812
2012-03-05,1503
2012-03-06,979
2012-03-07,707
2012-03-08,1635
2012-03-09,1774
2012-03-10,1756
2012-03-11,1787
2012-03-12,1731
2012-03-13,1812
2012-03-14,1779
2012-03-15,1650
2012-03-16,773
2012-03-17,912
2012-03-18,1426
2012-03-19,1762
2012-03-20,2030
2012-03-21,2015
2012-03-22,1849
2012-03-23,2009
2012-03-24,1411
2012-03-25,1719
2012-03-26,2003
2012-03-27,1974
2012-03-28,2035
2012-03-29,1975
2012-03-30,2044
2012-03-31,1657
2012-04-01,2076
2012-04-02,804
2012-04-03,1274
2012-04-04,1353
2012-04-05,1579
2012-04-06,481
2012-04-07,479
2012-04-08,2363
2012-04-09,2401
2012-04-10,1488
2012-04-11,498
2012-04-12,1804
2012-04-13,733
2012-04-14,1511
2012-04-15,2094
2012-04-16,2137
2012-04-17,703
2012-04-18,375
2012-04-19,1452
2012-04-20,796
2012-04-21,1510
2012-04-22,1460
2012-04-23,888
2012-04-24,990
2012-04-25,957
2012-04-26,1684
2012-04-27,1958
2012-04-28,1502
2012-04-29,1827
2012-04-30,1381
2012-05-01,1346
2012-05-02,597
2012-05-03,1187
2012-05-04,966
2012-05-05,1563
2012-05-06,1485
2012-05-07,414
2012-05-08,359
2012-05-09,1183
2012-05-10,2563
2012-05-11,1774
2012-05-12,2186
2012-05-13,2302
2012-05-14,1321
2012-05-15,2791
2012-05-16,2467
2012-05-17,727
2012-05-18,2029
2012-05-19,1651
2012-05-20,1778
2012-05-21,624
2012-05-22,2097
2012-05-23,2865
2012-05-24,2604
2012-05-25,1236
2012-05-26,1677
2012-05-27,481
2012-05-28,2506
2012-05-29,2156
2012-05-30,2478
2012-05-31,2837
2012-06-01,2340
2012-06-02,931
2012-06-03,2092
2012-06-04,2749
2012-06-05,564
2012-06-06,1426
2012-06-07,1510
2012-06-08,1951
2012-06-09,336
2012-06-10,1046
2012-06-11,1493
2012-06-12,1976
2012-06-13,2532
2012-06-14,927
2012-06-15,368
2012-06-16,2192
2012-06-17,781
2012-06-18,2779
2012-06-19,2078
2012-06-20,678
2012-06-21,2569
2012-06-22,2514
2012-06-23,2855
2012-06-24,2924
2012-06-25,2926
2012-06-26,2639
2012-06-27,2396
2012-06-28,1272
2012-06-29,1589
2012-06-30,2049
2012-07-01,2004
2012-07-02,1914
2012-07-03,851
2012-07-04,1228
2012-07-05,1417
2012-07-06,953
2012-07-07,910
2012-07-08,998
2012-07-09,967
2012-07-10,1757
2012-07-11,1875
2012-07-12,2352
2012-07-13,750
2012-07-14,2106
2012-07-15,2692
2012-07-16,2848
2012-07-17,2818
2012-07-18,2573
2012-07-19,2589
2012-07-20,2696
2012-07-21,2748
2012-07-22,2800
2012-07-24,2516
2012-07-25,2323
2012-07-26,1737
2012-07-27,2315
2012-07-28,2385
2012-07-29,2638
2012-07-30,2664
2012-07-31,2409
2012-08-01,733
2012-08-02,2176
2012-08-03,2528
2012-08-04,805
2012-08-05,1329
2012-08-06,1860
2012-08-07,2557
2012-08-08,2505
2012-08-11,1341
2012-08-12,1200
2012-08-13,539
2012-08-14,578
2012-08-15,1555
2012-08-16,2436
2012-08-17,2409
2012-08-18,2001
2012-08-19,1167
2012-08-20,1852
2012-08-21,1951
2012-08-22,2002
2012-08-23,1346
2012-08-24,813
2012-08-25,1728
2012-08-26,2314
2012-08-27,1065
2012-08-28,2051
2012-08-29,1438
2012-08-30,2116
2012-08-31,2293
2012-09-01,2223
2012-09-02,2266
2012-09-03,2220
2012-09-04,1946
2012-09-05,2112
2012-09-06,1997
2012-09-07,1962
2012-09-08,1966
2012-09-09,1336
2012-09-10,1227
2012-09-11,1198
2012-09-12,1603
2012-09-13,1866
2012-09-14,2067
2012-09-15,2014
2012-09-16,1886
2012-09-17,760
2012-09-18,1708
2012-09-19,1896
2012-09-20,1783
2012-09-21,982
2012-09-22,1276
2012-09-23,480
2012-09-24,801
2012-09-25,211
2012-09-26,1086
2012-09-27,1610
2012-09-28,1690
2012-09-29,1673
2012-09-30,1777
2012-10-01,1597
2012-10-02,454
2012-10-03,1155
2012-10-04,1615
2012-10-05,1613
2012-10-06,230
2012-10-07,844
2012-10-08,342
2012-10-09,666
2012-10-10,205
2012-10-11,633
2012-10-12,1004
2012-10-13,1362
2012-10-14,719
2012-10-15,913
2012-10-16,171
2012-10-17,601
2012-10-18,456
2012-10-19,1226
2012-10-20,1410
2012-10-21,1051
2012-10-22,601
2012-10-23,1281
2012-10-24,289
2012-10-25,721
2012-10-26,1042
2012-10-27,880
2012-10-28,1340
2012-10-29,940
2012-10-30,1082
2012-10-31,773
2012-11-01,477
2012-11-02,721
2012-11-03,577
2012-11-04,951
2012-11-05,795
2012-11-06,1162
2012-11-07,945
2012-11-08,306
2012-11-09,954
2012-11-10,726
2012-11-11,742
2012-11-12,1057
2012-11-13,1074
2012-11-14,906
2012-11-15,807
2012-11-16,733
2012-11-17,129
2012-11-18,1010
2012-11-19,273
2012-11-20,144
2012-11-21,877
2012-11-22,470
2012-11-23,287
2012-11-24,268
2012-11-25,571
2012-11-26,620
2012-11-27,413
2012-11-28,422
2012-11-29,442
2012-11-30,714
2012-12-01,591
2012-12-02,636
2012-12-03,241
2012-12-04,573
2012-12-05,576
2012-12-06,158
2012-12-07,225
2012-12-08,839
2012-12-09,791
2012-12-10,419
2012-12-11,597
2012-12-12,300
2012-12-13,94
2012-12-14,60
2012-12-15,163
2012-12-16,153
2012-12-17,596
2012-12-18,83
2012-12-19,144
2012-12-20,232
2012-12-21,343
2012-12-22,249
2012-12-23,868
2012-12-24,67
2012-12-25,482
2012-12-26,439
2012-12-27,195
2012-12-28,543
2012-12-29,611
2012-12-30,342
2012-12-31,100
2013-01-01,610
2013-01-02,721
2013-01-03,828
2013-01-04,839
2013-01-05,753
2013-01-06,864
2013-01-07,822
2013-01-08,183
2013-01-09,277
2013-01-10,471
2013-01-11,384
2013-01-12,293
2013-01-13,589
2013-01-14,562
2013-01-15,294
2013-01-16,334
2013-01-17,95
2013-01-18,50
2013-01-19,292
2013-01-20,215
2013-01-21,695
2013-01-22,444
2013-01-23,191
2013-01-24,747
2013-01-25,135
2013-01-26,572
2013-01-27,250
2013-01-28,440
2013-01-29,358
2013-01-30,129
2013-01-31,243
2013-02-01,70
2013-02-02,807
2013-02-03,660
2013-02-04,379
2013-02-05,785
2013-02-06,822
2013-02-07,687
2013-02-08,747
2013-02-09,930
2013-02-10,393
2013-02-11,795
2013-02-12,337
2013-02-13,402
2013-02-14,567
2013-02-15,1309
2013-02-16,882
2013-02-17,178
2013-02-18,1059
2013-02-19,450
2013-02-20,913
2013-02-21,560
2013-02-22,262
2013-02-23,596
2013-02-24,705
2013-02-25,981
2013-02-26,1125
2013-02-27,1255
2013-02-28,1568
2013-03-01,1563
2013-03-02,1315
2013-03-03,1362
2013-03-04,522
2013-03-05,781
2013-03-06,391
2013-03-07,211
2013-03-08,983
2013-03-09,711
2013-03-10,1072
2013-03-11,579
2013-03-12,698
2013-03-13,1482
2013-03-14,1353
2013-03-15,1454
2013-03-16,220
2013-03-17,1648
2013-03-18,1154
2013-03-19,968
2013-03-20,1488
2013-03-21,1126
2013-03-22,910
2013-03-23,954
2013-03-24,1038
2013-03-25,243
2013-03-26,418
2013-03-27,527
2013-03-28,440
2013-03-29,405
2013-03-30,1346
2013-03-31,1000
2013-04-01,1011
2013-04-02,1473
2013-04-03,483
2013-04-04,878
2013-04-05,1306
2013-04-06,1696
2013-04-07,467
2013-04-08,566
2013-04-09,934
2013-04-10,262
2013-04-11,1192
2013-04-12,1583
2013-04-13,1565
2013-04-14,1935
2013-04-15,2148
2013-04-16,2219
2013-04-17,1965
2013-04-18,2273
2013-04-19,2599
2013-04-20,2322
2013-04-21,2336
2013-04-22,2371
2013-04-23,2517
2013-04-24,2467
2013-04-25,2454
2013-04-26,751
2013-04-27,2086
2013-04-28,2245
2013-04-29,2678
2013-04-30,966
2013-05-01,820
2013-05-02,2663
2013-05-03,2719
2013-05-04,2663
2013-05-05,2674
2013-05-06,569
2013-05-07,812
2013-05-08,833
2013-05-09,1457
2013-05-10,2874
2013-05-11,1900
2013-05-12,2831
2013-05-13,2840
2013-05-14,1392
2013-05-15,1983
2013-05-16,658
2013-05-17,1354
2013-05-18,1805
2013-05-19,1760
2013-05-20,2752
2013-05-21,1783
2013-05-22,2551
2013-05-23,2850
2013-05-24,3019
2013-05-25,2927
2013-05-26,1597
2013-05-27,1712
2013-05-28,2157
2013-05-29,809
2013-05-30,1539
2013-05-31,2452
2013-06-01,1876
2013-06-02,3067
2013-06-03,3006
2013-06-04,2939
2013-06-05,2744
2013-06-06,884
2013-06-07,1129
2013-06-08,402
2013-06-09,849
2013-06-10,433
2013-06-11,478
2013-06-12,1389
2013-06-13,2351
2013-06-14,3059
2013-06-15,2506
2013-06-16,655
2013-06-17,923
2013-06-18,1529
2013-06-19,787
2013-06-20,1130
2013-06-21,2307
2013-06-22,1416
2013-06-23,2742
2013-06-24,3071
2013-06-25,3050
2013-06-26,2952
2013-06-27,2863
2013-06-28,2967
2013-06-29,3019
2013-06-30,2935
2013-07-01,1893
2013-07-02,2457
2013-07-03,2274
2013-07-04,2850
2013-07-05,2887
2013-07-06,2738
2013-07-07,2676
2013-07-08,2735
2013-07-09,2681
2013-07-10,2775
2013-07-11,2651
2013-07-12,2412
2013-07-13,2163
2013-07-14,2689
2013-07-15,2472
2013-07-16,2468
2013-07-17,2778
2013-07-18,2767
2013-07-19,1732
2013-07-20,1366
2013-07-21,1742
2013-07-22,1444
2013-07-23,2759
2013-07-24,892
2013-07-25,1514
2013-07-26,2248
2013-07-27,1574
2013-07-28,1262
2013-07-29,1296
2013-07-30,2745
2013-07-31,2514
2013-08-01,2201
2013-08-02,1735
2013-08-03,2331
2013-08-04,2638
2013-08-05,1613
2013-08-06,1504
2013-08-07,1488
2013-08-08,2580
2013-08-09,2568
2013-08-11,2480
2013-08-12,1710
2013-08-13,2160
2013-08-14,2438
2013-08-15,2475
2013-08-16,2152
2013-08-17,2130
2013-08-18,1731
2013-08-19,2508
2013-08-20,2416
2013-08-21,2436
2013-08-22,1078
2013-08-23,1887
2013-08-24,2102
2013-08-25,1612
2013-08-26,2237
2013-08-27,2326
2013-08-28,2301
2013-08-29,2301
2013-08-30,2288
2013-08-31,2255
2013-09-01,2232
2013-09-02,2182
2013-09-03,2032
2013-09-04,1719
2013-09-05,328
2013-09-06,1082
2013-09-07,1903
2013-09-08,2205
2013-09-09,1902
2013-09-10,1538
2013-09-11,2169
2013-09-12,2088
2013-09-13,2053
2013-09-14,988
2013-09-15,1972
2013-09-16,1081
2013-09-17,1881
2013-09-18,712
2013-09-19,1806
2013-09-20,1599
2013-09-21,1733
2013-09-22,1754
2013-09-23,1757
2013-09-24,1184
2013-09-25,408
2013-09-26,1088
2013-09-27,313
2013-09-28,589
2013-09-29,658
2013-09-30,681
2013-11-01,22
2013-11-02,2
2013-11-03,485
2013-11-04,215
2013-11-05,152
2013-11-06,353
2013-11-07,257
2013-11-08,583
2013-11-09,252
2013-11-10,552
2013-11-11,460
2013-11-12,518
2013-11-13,757
2013-11-14,1071
2013-11-15,664
2013-11-16,1006
2013-11-17,537
2013-11-18,522
2013-11-19,770
2013-11-20,905
2013-11-21,290
2013-11-22,968
2013-11-23,1000
2013-11-24,723
2013-11-25,971
2013-11-26,817
2013-11-27,961
2013-11-28,968
2013-11-29,912
2013-11-30,563
2013-12-01,925
2013-12-02,939
2013-12-03,873
2013-12-04,898
2013-12-05,866
2013-12-06,885
2013-12-07,876
2013-12-08,847
2013-12-09,853
2013-12-10,710
2013-12-11,468
2013-12-12,197
2013-12-13,164
2013-12-14,783
2013-12-15,799
2013-12-16,509
2013-12-17,504
2013-12-18,98
2013-12-19,459
2013-12-20,784
2013-12-21,184
2013-12-22,171
2013-12-23,286
2013-12-24,95
2013-12-25,268
2013-12-26,213
2013-12-27,194
2013-12-28,482
2013-12-29,564
2013-12-30,142
2013-12-31,169
2014-01-01,63
2014-01-02,120
2014-01-03,365
2014-01-04,498
2014-01-05,102
2014-01-06,203
2014-01-07,414
2014-01-08,184
2014-01-09,111
2014-01-10,394
2014-01-11,866
2014-01-12,201
2014-01-13,194
2014-01-14,277
2014-01-15,159
2014-01-16,437
2014-01-17,276
2014-01-18,319
2014-01-19,637
2014-01-20,602
2014-01-21,107
2014-01-22,558
2014-01-23,605
2014-01-24,149
2014-01-25,268
2014-01-26,150
2014-01-27,505
2014-01-28,487
2014-01-29,659
2014-01-30,301
2014-01-31,203
2014-02-01,838
2014-02-02,558
2014-02-03,470
2014-02-04,85
2014-02-05,596
2014-02-06,152
2014-02-07,397
2014-02-08,536
2014-02-09,133
2014-02-10,1003
2014-02-11,628
2014-02-12,177
2014-02-13,465
2014-02-14,81
2014-02-15,518
2014-02-16,1183
2014-02-17,296
2014-02-18,645
2014-02-19,351
2014-02-20,1032
2014-02-21,816
2014-02-22,898
2014-02-23,993
2014-02-24,740
2014-02-25,710
2014-02-26,1049
2014-02-27,1162
2014-02-28,411
2014-03-01,154
2014-03-02,209
2014-03-03,839
2014-03-04,210
2014-03-05,800
2014-03-06,1737
2014-03-07,1753
2014-03-08,1700
2014-03-09,1115
2014-03-10,1785
2014-03-11,1885
2014-03-12,1721
2014-03-13,1785
2014-03-14,1203
2014-03-15,1893
2014-03-16,1888
2014-03-17,1842
2014-03-18,834
2014-03-19,1929
2014-03-20,1504
2014-03-21,880
2014-03-22,1620
2014-03-23,1637
2014-03-24,1186
2014-03-25,664
2014-03-26,1555
2014-03-27,962
2014-03-28,1335
2014-03-29,1431
2014-03-30,611
2014-03-31,797
2014-04-01,411
2014-04-02,1418
2014-04-03,1106
2014-04-04,358
2014-04-05,339
2014-04-06,727
2014-04-07,492
2014-04-08,2331
2014-04-10,1830
2014-04-11,2338
2014-04-12,2357
2014-04-13,2045
2014-04-14,1521
2014-04-15,1456
2014-04-16,2265
2014-04-17,2327
2014-04-18,576
2014-04-19,895
2014-04-20,1009
2014-04-21,670
2014-04-22,1263
2014-04-23,1555
2014-04-24,904
2014-04-25,651
2014-04-26,1956
2014-04-27,1217
2014-04-28,1237
2014-04-29,548
2014-04-30,951
2014-05-01,1870
2014-05-02,2589
2014-05-03,2718
2014-05-04,2533
2014-05-05,1812
2014-05-06,706
2014-05-07,1838
2014-05-08,2257
2014-05-09,2447
2014-05-10,987
2014-05-11,2528
2014-05-12,2437
2014-05-13,2748
2014-05-14,2782
2014-05-15,2838
2014-05-16,2892
2014-05-17,2935
2014-05-18,2765
2014-05-19,1358
2014-05-20,907
2014-05-21,730
2014-05-22,1300
2014-05-23,1599
2014-05-24,1392
2014-05-25,1570
2014-05-26,1227
2014-05-27,1356
2014-05-28,1188
2014-05-29,676
2014-05-30,2055
2014-05-31,2658
2014-06-01,2989
2014-06-02,2505
2014-06-03,2218
2014-06-04,1761
2014-06-05,1072
2014-06-06,870
2014-06-07,1338
2014-06-08,1792
2014-06-09,1339
2014-06-10,2585
2014-06-11,2952
2014-06-12,2909
2014-06-13,2962
2014-06-14,3029
2014-06-15,2994
2014-06-16,3057
2014-06-17,3013
2014-06-18,2848
2014-06-19,2211
2014-06-20,1608
2014-06-21,1733
2014-06-22,2352
2014-06-23,1795
2014-06-24,1637
2014-06-25,1002
2014-06-26,1162
2014-06-27,2580
2014-06-28,1728
2014-06-29,1768
2014-06-30,781
2014-07-01,960
2014-07-02,2265
2014-07-03,2920
2014-07-04,2047
2014-07-05,586
2014-07-06,2202
2014-07-07,2103
2014-07-08,1769
2014-07-09,2896
2014-07-10,2969
2014-07-11,2934
2014-07-12,2891
2014-07-13,2326
2014-07-14,2757
2014-07-15,2767
2014-07-16,2784
2014-07-17,1366
2014-07-18,801
2014-07-19,1451
2014-07-20,1829
2014-07-21,2851
2014-07-22,2769
2014-07-23,2518
2014-07-24,1934
2014-07-25,1652
2014-07-26,2318
2014-07-27,2670
2014-07-28,2553
2014-07-29,2714
2014-07-30,2736
2014-07-31,2295
2014-08-01,1206
2014-08-02,1327
2014-08-03,1331
2014-08-04,2662
2014-08-05,1635
2014-08-06,1140
2014-08-07,1221
2014-08-08,642
2014-08-09,1302
2014-08-10,694
2014-08-11,2107
2014-08-12,816
2014-08-13,1917
2014-08-14,1730
2014-08-15,2508
2014-08-16,2616
2014-08-17,2563
2014-08-18,2510
2014-08-19,2227
2014-08-20,2344
2014-08-21,2400
2014-08-22,2431
2014-08-23,2324
2014-08-24,2427
2014-08-25,584
2014-08-26,340
2014-08-27,827
2014-08-28,1242
2014-08-29,2289
2014-08-30,2312
2014-08-31,2305
2014-09-01,2228
2014-09-02,1979
2014-09-03,1345
2014-09-04,737
2014-09-05,2109
2014-09-06,1120
2014-09-07,774
2014-09-08,2058
2014-09-09,1938
2014-09-10,1716
2014-09-11,1910
2014-09-12,1208
2014-09-13,1804
2014-09-14,1159
2014-09-15,1117
2014-09-16,991
2014-09-17,658
2014-09-18,450
2014-09-19,413
2014-09-20,952
2014-09-21,1760
2014-09-22,985
2014-09-23,823
2014-09-24,1833
2014-09-25,1880
2014-09-26,1860
2014-09-27,1643
2014-09-28,1444
2014-09-29,1579
2014-09-30,1785
2014-10-01,1743
2014-10-02,1713
2014-10-03,1587
2014-10-04,510
2014-10-05,1553
2014-10-06,285
2014-10-07,394
2014-10-08,270
2014-10-09,581
2014-10-10,971
2014-10-11,837
2014-10-12,807
2014-10-13,361
2014-10-14,948
2014-10-15,177
2014-10-16,195
2014-10-17,340
2014-10-18,672
2014-10-19,909
2014-10-20,1304
2014-10-21,1204
2014-10-22,1355
2014-10-23,975
2014-10-24,704
2014-10-25,1220
2014-10-26,1246
2014-10-27,1151
2014-10-28,1072
2014-10-29,895
2014-10-30,1137
2014-10-31,604
2014-11-01,1150
2014-11-02,300
2014-11-03,75
2014-11-04,629
2014-11-05,704
2014-11-06,185
2014-11-07,991
2014-11-08,292
2014-11-09,795
2014-11-10,195
2014-11-11,568
2014-11-12,564
2014-11-13,526
2014-11-14,372
2014-11-15,364
2014-11-16,196
2014-11-17,615
2014-11-18,234
2014-11-19,356
2014-11-20,343
2014-11-21,565
2014-11-22,83
2014-11-23,209
2014-11-24,442
2014-11-25,262
2014-11-26,621
2014-11-27,476
2014-11-28,384
2014-11-29,633
2014-11-30,852
2014-12-01,224
2014-12-02,435
2014-12-03,635
2014-12-04,399
2014-12-05,864
2014-12-06,591
2014-12-07,270
2014-12-08,405
2014-12-09,291
2014-12-10,315
2014-12-11,529
2014-12-12,193
2014-12-13,210
2014-12-14,567
2014-12-15,332
2014-12-16,248
2014-12-17,229
2014-12-18,366
2014-12-19,283
2014-12-20,217
2014-12-21,839
2014-12-22,466
2014-12-23,209
2014-12-24,291
2014-12-25,608
2014-12-26,384
2014-12-27,358
2014-12-28,614
2014-12-29,853
2014-12-30,897
2014-12-31,656
2015-01-01,867
2015-01-02,706
2015-01-03,417
2015-01-04,732
2015-01-05,234
2015-01-06,564
2015-01-07,775
2015-01-08,561
2015-01-09,551
2015-01-10,327
2015-01-11,823
2015-01-12,448
2015-01-13,301
2015-01-14,149
2015-01-15,117
2015-01-16,591
2015-01-17,283
2015-01-18,159
2015-01-19,731
2015-01-20,619
2015-01-21,603
2015-01-22,270
2015-01-23,368
2015-01-24,528
2015-01-25,953
2015-01-26,804
2015-01-27,723
2015-01-28,323
2015-01-29,108
2015-01-30,101
2015-01-31,840
2015-02-01,710
2015-02-02,477
2015-02-03,456
2015-02-04,868
2015-02-05,978
2015-02-06,566
2015-02-07,587
2015-02-08,1265
2015-02-09,1338
2015-02-10,1296
2015-02-11,1003
2015-02-12,402
2015-02-13,252
2015-02-14,176
2015-02-15,469
2015-02-16,459
2015-02-17,1294
2015-02-18,1374
2015-02-19,606
2015-02-20,133
2015-02-21,926
2015-02-22,222
2015-02-23,682
2015-02-24,961
2015-02-25,481
2015-02-26,290
2015-02-27,984
2015-02-28,273
2015-03-01,167
2015-03-02,283
2015-03-03,397
2015-03-04,1702
2015-03-05,1787
2015-03-06,1798
2015-03-07,1751
2015-03-08,1742
2015-03-09,1803
2015-03-10,1658
2015-03-11,1044
2015-03-12,283
2015-03-13,1818
2015-03-14,1975
2015-03-15,768
2015-03-16,1869
2015-03-17,1133
2015-03-18,1701
2015-03-19,1420
2015-03-20,1639
2015-03-21,1962
2015-03-22,1872
2015-03-23,1561
2015-03-24,1201
2015-03-25,1464
2015-03-26,371
2015-03-27,645
2015-03-28,819
2015-03-29,1234
2015-03-30,1592
2015-03-31,1049
2015-04-01,2221
2015-04-02,2122
2015-04-03,2153
2015-04-04,2355
2015-04-05,2289
2015-04-06,2196
2015-04-07,2290
2015-04-08,2009
2015-04-09,672
2015-04-10,598
2015-04-11,1920
2015-04-12,2238
2015-04-13,2276
2015-04-14,1451
2015-04-15,404
2015-04-16,342
2015-04-17,912
2015-04-18,1608
2015-04-19,1727
2015-04-20,2133
2015-04-21,2064
2015-04-22,796
2015-04-23,2131
2015-04-24,590
2015-04-25,535
2015-04-26,1448
2015-04-27,1675
2015-04-28,2038
2015-04-29,1917
2015-04-30,457
2015-05-01,580
2015-05-02,502
2015-05-03,2070
2015-05-04,754
2015-05-05,1698
2015-05-06,2112
2015-05-07,1618
2015-05-08,885
2015-05-09,2164
2015-05-10,1918
2015-05-11,2625
2015-05-12,2347
2015-05-13,2087
2015-05-14,2213
2015-05-15,2709
2015-05-16,2516
2015-05-17,2819
2015-05-18,2185
2015-05-19,1260
2015-05-20,1528
2015-05-21,2805
2015-05-22,2868
2015-05-23,2910
2015-05-24,2769
2015-05-25,2861
2015-05-26,2959
2015-05-27,2934
2015-05-28,2944
2015-05-29,2940
2015-05-30,2476
2015-05-31,776
2015-06-01,2339
2015-06-02,2933
2015-06-03,2356
2015-06-04,2748
2015-06-05,2544
2015-06-06,2455
2015-06-07,2719
2015-06-08,2435
2015-06-09,1711
2015-06-10,2856
2015-06-11,2017
2015-06-12,1276
2015-06-13,1151
2015-06-14,1486
2015-06-15,2559
2015-06-16,2873
2015-06-17,2897
2015-06-18,2914
2015-06-19,2919
2015-06-20,2878
2015-06-21,2828
2015-06-22,2319
2015-06-23,776
2015-06-24,1529
2015-06-25,2685
2015-06-26,2713
2015-06-27,2702
2015-06-28,2573
2015-06-29,2868
2015-06-30,2833
2015-07-01,1762
2015-07-02,2496
2015-07-03,2450
2015-07-04,1653
2015-07-05,2820
2015-07-06,2852
2015-07-07,1200
2015-07-08,2988
2015-07-09,2855
2015-07-10,1592
2015-07-11,2525
2015-07-12,2775
2015-07-13,2721
2015-07-14,2843
2015-07-15,2589
2015-07-16,2285
2015-07-17,2456
2015-07-18,894
2015-07-19,830
2015-07-20,1437
2015-07-21,2311
2015-07-22,2691
2015-07-23,2696
2015-07-24,1736
2015-07-25,2779
2015-07-26,1113
2015-07-27,2278
2015-07-28,883
2015-07-29,1368
2015-07-30,1590
2015-07-31,1536
2015-08-01,2681
2015-08-02,2539
2015-08-03,1317
2015-08-04,2688
2015-08-05,872
2015-08-06,2325
2015-08-07,2112
2015-08-08,2250
2015-08-09,2612
2015-08-10,1880
2015-08-11,1594
2015-08-12,887
2015-08-13,431
2015-08-14,607
2015-08-15,1028
2015-08-16,633
2015-08-17,1540
2015-08-18,2380
2015-08-19,2499
2015-08-20,2482
2015-08-21,2354
2015-08-22,533
2015-08-23,505
2015-08-24,1610
2015-08-25,917
2015-08-26,323
2015-08-27,475
2015-08-28,548
2015-08-29,1676
2015-08-30,2077
2015-08-31,429
2015-09-01,1579
2015-09-02,1094
2015-09-03,1561
2015-09-04,1831
2015-09-05,2238
2015-09-06,2176
2015-09-07,2148
2015-09-08,1827
2015-09-09,646
2015-09-10,1390
2015-09-11,1208
2015-09-12,856
2015-09-13,1118
2015-09-14,1107
2015-09-15,183
2015-09-16,639
2015-09-17,1250
2015-09-18,990
2015-09-19,2044
2015-09-20,2015
2015-09-21,1857
2015-09-22,631
2015-09-23,1322
2015-09-24,1851
2015-09-25,1629
2015-09-26,1842
2015-09-27,1839
2015-09-28,1866
2015-09-29,1808
2015-09-30,1155
2015-10-01,1800
2015-10-02,1376
2015-10-03,644
2015-10-04,743
2015-10-05,434
2015-10-06,857
2015-10-07,723
2015-10-08,1562
2015-10-09,1425
2015-10-10,454
2015-10-11,562
2015-10-12,920
2015-10-13,1590
2015-10-14,1577
2015-10-15,1512
2015-10-16,870
2015-10-17,766
2015-10-18,360
2015-10-19,456
2015-10-20,1480
2015-10-21,1419
2015-10-22,1413
2015-10-23,1137
2015-10-24,438
2015-10-25,969
2015-10-26,339
2015-10-27,577
2015-10-28,417
2015-10-29,224
2015-10-30,380
2015-10-31,740
2015-11-01,1151
2015-11-02,898
2015-11-03,263
2015-11-04,344
2015-11-05,127
2015-11-06,542
2015-11-07,1014
2015-11-08,647
2015-11-09,847
2015-11-10,701
2015-11-11,925
2015-11-12,814
2015-11-13,860
2015-11-14,1091
2015-11-15,1027
2015-11-16,726
2015-11-17,90
2015-11-18,152
2015-11-19,427
2015-11-20,403
2015-11-21,678
2015-11-22,388
2015-11-23,945
2015-11-24,221
2015-11-25,444
2015-11-26,229
2015-11-27,486
2015-11-28,734
2015-11-29,935
2015-11-30,926
2015-12-01,887
2015-12-02,426
2015-12-03,376
2015-12-04,608
2015-12-05,572
2015-12-06,611
2015-12-07,177
2015-12-08,561
2015-12-09,836
2015-12-10,409
2015-12-11,838
2015-12-12,693
2015-12-13,364
2015-12-14,323
2015-12-15,82
2015-12-16,597
2015-12-17,174
2015-12-18,127
2015-12-19,454
2015-12-20,505
2015-12-21,153
2015-12-22,132
2015-12-23,105
2015-12-24,179
2015-12-25,232
2015-12-26,712
2015-12-27,623
2015-12-28,92
2015-12-29,404
2015-12-30,99
2015-12-31,334
2016-01-01,207
2016-01-02,600
2016-01-03,49
2016-01-04,85
2016-01-05,483
2016-01-06,112
2016-01-07,28
2016-01-08,114
2016-01-09,112
2016-01-10,104
2016-01-11,400
2016-01-12,722
2016-01-13,69
2016-01-14,638
2016-01-15,892
2016-01-16,1008
2016-01-17,135
2016-01-18,475
2016-01-19,453
2016-01-20,488
2016-01-21,189
2016-01-22,136
2016-01-23,341
2016-01-24,900
2016-01-25,319
2016-01-26,668
2016-01-27,247
2016-01-28,392
2016-01-29,1061
2016-01-30,364
2016-01-31,297
2016-02-01,306
2016-02-02,402
2016-02-03,1013
2016-02-04,1212
2016-02-05,1144
2016-02-06,86
2016-02-07,428
2016-02-08,261
2016-02-09,156
2016-02-10,183
2016-02-11,462
2016-02-12,110
2016-02-13,193
2016-02-14,572
2016-02-15,1116
2016-02-16,1358
2016-02-17,194
2016-02-18,916
2016-02-19,1083
2016-02-20,1155
2016-02-21,1460
2016-02-22,445
2016-02-23,503
2016-02-24,568
2016-02-25,706
2016-02-26,505
2016-02-27,391
2016-02-28,478
2016-02-29,1489
2016-03-01,1478
2016-03-02,586
2016-03-03,455
2016-03-04,576
2016-03-05,1054
2016-03-06,1014
2016-03-07,1095
2016-03-08,954
2016-03-09,958
2016-03-10,1423
2016-03-11,1688
2016-03-12,1921
2016-03-13,1962
2016-03-14,1872
2016-03-15,1679
2016-03-16,2015
2016-03-17,1245
2016-03-18,449
2016-03-19,825
2016-03-20,533
2016-03-21,1815
2016-03-22,1783
2016-03-23,1465
2016-03-24,1952
2016-03-25,295
2016-03-26,316
2016-03-27,823
2016-03-28,1333
2016-03-29,383
2016-03-30,261
2016-03-31,1664
2016-04-01,2088
2016-04-02,477
2016-04-03,920
2016-04-04,1046
2016-04-05,1343
2016-04-06,1961
2016-04-07,1040
2016-04-08,1424
2016-04-09,1182
2016-04-10,643
2016-04-11,1003
2016-04-12,1083
2016-04-13,1122
2016-04-14,1877
2016-04-15,656
2016-04-16,487
2016-04-17,2123
2016-04-18,1772
2016-04-19,718
2016-04-20,2356
2016-04-21,1483
2016-04-22,1439
2016-04-23,1114
2016-04-24,2320
2016-04-25,2281
2016-04-26,2529
2016-04-27,1414
2016-04-28,2614
2016-04-29,2724
2016-04-30,2788
2016-05-01,2742
2016-05-02,2737
2016-05-03,2727
2016-05-04,2667
2016-05-05,653
2016-05-06,555
2016-05-07,562
2016-05-08,1274
2016-05-09,917
2016-05-10,684
2016-05-11,1604
2016-05-12,1370
2016-05-13,404
2016-05-14,333
2016-05-15,2158
2016-05-16,2663
2016-05-17,2683
2016-05-18,1356
2016-05-19,993
2016-05-20,2416
2016-05-21,736
2016-05-22,2402
2016-05-23,2356
2016-05-24,844
2016-05-25,1849
2016-05-26,2496
2016-05-27,1970
2016-05-28,1360
2016-05-29,2158
2016-05-30,1318
2016-05-31,2700
2016-06-01,3037
2016-06-02,2694
2016-06-03,2857
2016-06-04,2099
2016-06-05,1763
2016-06-06,1628
2016-06-07,2707
2016-06-08,2485
2016-06-09,1734
2016-06-10,1795
2016-06-11,2098
2016-06-12,773
2016-06-13,1843
2016-06-14,1115
2016-06-15,935
2016-06-16,1836
2016-06-17,1292
2016-06-18,2240
2016-06-19,2909
2016-06-20,2833
2016-06-21,2960
2016-06-22,2411
2016-06-23,1373
2016-06-24,2594
2016-06-25,2546
2016-06-26,2847
2016-06-27,3012
2016-06-28,2825
2016-06-29,2809
2016-06-30,1706
2016-07-01,1246
2016-07-02,2816
2016-07-03,2958
2016-07-04,2880
2016-07-05,2252
2016-07-06,2151
2016-07-07,2775
2016-07-08,2832
2016-07-09,2895
2016-07-10,2222
2016-07-11,1568
2016-07-12,2455
2016-07-13,2768
2016-07-14,2912
2016-07-15,2866
2016-07-16,2794
2016-07-17,2773
2016-07-18,2589
2016-07-19,2187
2016-07-20,1279
2016-07-21,1939
2016-07-22,2023
2016-07-23,2757
2016-07-24,2755
2016-07-25,2761
2016-07-26,2745
2016-07-27,2741
2016-07-28,2660
2016-07-29,2309
2016-07-30,1880
2016-07-31,2667
2016-08-01,2689
2016-08-02,2703
2016-08-03,2309
2016-08-04,1099
2016-08-05,2649
2016-08-06,2655
2016-08-07,2640
2016-08-08,2438
2016-08-09,2345
2016-08-10,2641
2016-08-11,2592
2016-08-12,2093
2016-08-13,2386
2016-08-14,2234
2016-08-15,2144
2016-08-16,2148
2016-08-17,1680
2016-08-18,2482
2016-08-19,1828
2016-08-20,1593
2016-08-21,2464
2016-08-22,2364
2016-08-23,2310
2016-08-24,1429
2016-08-25,912
2016-08-26,2086
2016-08-27,2099
2016-08-28,2318
2016-08-29,2208
2016-08-30,2186
2016-08-31,2271
2016-09-01,2188
2016-09-02,2061
2016-09-03,2080
2016-09-04,1966
2016-09-05,2179
2016-09-06,1853
2016-09-07,1654
2016-09-08,2071
2016-09-09,2105
2016-09-10,690
2016-09-11,2050
2016-09-12,1054
2016-09-13,1379
2016-09-14,645
2016-09-15,1068
2016-09-16,1117
2016-09-17,1766
2016-09-18,2051
2016-09-19,1783
2016-09-20,1941
2016-09-21,1380
2016-09-22,1030
2016-09-23,1739
2016-09-24,443
2016-09-25,1515
2016-09-26,1144
2016-09-27,786
2016-09-28,1867
2016-09-29,1784
2016-09-30,533
2016-10-01,1346
2016-10-02,1813
2016-10-03,1754
2016-10-04,883
2016-10-05,690
2016-10-06,1661
2016-10-07,1399
2016-10-08,1123
2016-10-09,1626
2016-10-10,1575
2016-10-11,317
2016-10-12,887
2016-10-13,625
2016-10-14,984
2016-10-15,327
2016-10-16,666
2016-10-17,560
2016-10-18,1137
2016-10-19,978
2016-10-20,1196
2016-10-21,1250
2016-10-22,445
2016-10-23,645
2016-10-24,1107
2016-10-25,1074
2016-10-26,1333
2016-10-27,1152
2016-10-28,1160
2016-10-29,982
2016-10-30,1216
2016-10-31,1084
2016-11-01,957
2016-11-02,849
2016-11-03,896
2016-11-04,445
2016-11-05,975
2016-11-06,844
2016-11-07,875
2016-11-08,550
2016-11-09,475
2016-11-10,464
2016-11-11,397
2016-11-12,114
2016-11-13,789
2016-11-14,1006
2016-11-15,1056
2016-11-16,1000
2016-11-17,831
2016-11-19,249
2016-11-20,421
2016-11-21,231
2016-11-22,962
2016-11-23,876
2016-11-24,66
2016-11-25,756
2016-11-26,256
2016-11-27,735
2016-11-28,901
2016-11-29,897
2016-11-30,712
2016-12-01,415
2016-12-02,863
2016-12-03,385
2016-12-04,777
2016-12-05,840
2016-12-06,790
2016-12-07,608
2016-12-08,616
2016-12-09,800
2016-12-10,322
2016-12-11,829
2016-12-12,826
2016-12-13,711
2016-12-14,531
2016-12-15,117
2016-12-16,625
2016-12-17,817
2016-12-18,834
2016-12-19,780
2016-12-20,306
2016-12-21,144
2016-12-22,156
2016-12-23,258
2016-12-24,431
2016-12-25,800
2016-12-26,360
2016-12-27,859
2016-12-28,858
2016-12-29,848
2016-12-30,862
2016-12-31,846
2017-01-01,238
2017-01-02,300
2017-01-03,241
2017-01-04,471
2017-01-05,785
2017-01-06,910
2017-01-07,915
2017-01-08,927
2017-01-09,732
2017-01-10,346
2017-01-11,312
2017-01-12,132
2017-01-13,692
2017-01-14,857
2017-01-15,636
2017-01-16,788
2017-01-17,859
2017-01-18,1030
2017-01-19,557
2017-01-20,965
2017-01-21,929
2017-01-22,1032
2017-01-23,1051
2017-01-24,1074
2017-01-25,1022
2017-01-26,410
2017-01-27,427
2017-01-28,438
2017-01-29,174
2017-01-30,226
2017-01-31,152
2017-02-01,250
2017-02-02,358
2017-02-03,175
2017-02-04,61
2017-02-05,603
2017-02-06,135
2017-02-07,837
2017-02-08,1104
2017-02-09,732
2017-02-10,1006
2017-02-11,678
2017-02-12,245
2017-02-13,540
2017-02-14,266
2017-02-15,1004
2017-02-16,1359
2017-02-17,1355
2017-02-18,869
2017-02-19,1469
2017-02-20,1473
2017-02-21,1502
2017-02-22,1553
2017-02-23,680
2017-02-24,1463
2017-02-25,1485
2017-02-26,392
2017-02-27,731
2017-02-28,554
2017-03-01,343
2017-03-02,540
2017-03-03,431
2017-03-04,1185
2017-03-05,301
2017-03-06,1330
2017-03-07,494
2017-03-08,1403
2017-03-09,1818
2017-03-10,1813
2017-03-11,494
2017-03-12,1405
2017-03-13,1597
2017-03-14,1913
2017-03-15,1979
2017-03-16,1842
2017-03-17,1969
2017-03-18,2024
2017-03-19,1931
2017-03-20,496
2017-03-21,1255
2017-03-22,739
2017-03-23,928
2017-03-24,1339
2017-03-25,1017
2017-03-26,907
2017-03-27,881
2017-03-28,1410
2017-03-29,2371
2017-03-30,1072
2017-03-31,814
2017-04-01,1269
2017-04-02,2041
2017-04-03,2230
2017-04-04,2345
2017-04-05,2370
2017-04-06,2368
2017-04-07,2293
2017-04-08,2351
2017-04-09,2142
2017-04-10,2304
2017-04-11,2418
2017-04-12,2478
2017-04-13,2072
2017-04-14,1190
2017-04-15,2090
2017-04-16,2080
2017-04-17,2335
2017-04-18,1326
2017-04-19,1652
2017-04-20,2418
2017-04-21,2538
2017-04-22,2341
2017-04-23,2470
2017-04-24,2429
2017-04-25,564
2017-04-26,2433
2017-04-27,2555
2017-04-28,2760
2017-04-29,2250
2017-04-30,1750
2017-05-01,872
2017-05-02,2661
2017-05-03,2503
2017-05-04,1794
2017-05-05,1030
2017-05-06,2172
2017-05-07,2549
2017-05-08,1929
2017-05-09,1898
2017-05-10,1052
2017-05-11,894
2017-05-12,1325
2017-05-13,961
2017-05-14,1524
2017-05-15,1737
2017-05-16,2245
2017-05-17,854
2017-05-18,1940
2017-05-19,1917
2017-05-20,2789
2017-05-21,1536
2017-05-22,2761
2017-05-23,2831
2017-05-24,2749
2017-05-25,1379
2017-05-26,1036
2017-05-27,1271
2017-05-28,1288
2017-05-29,2243
2017-05-30,2122
2017-05-31,2525
2017-06-01,2365
2017-06-02,1371
2017-06-03,2054
2017-06-04,2480
2017-06-05,963
2017-06-06,2445
2017-06-07,2929
2017-06-08,1750
2017-06-09,2740
2017-06-10,2571
2017-06-11,1918
2017-06-12,2805
2017-06-13,1238
2017-06-14,2531
2017-06-15,3024
2017-06-16,2837
2017-06-17,2910
2017-06-18,2858
2017-06-19,2369
2017-06-20,2642
2017-06-21,2674
2017-06-22,1105
2017-06-23,2268
2017-06-24,2365
2017-06-25,2323
2017-06-26,955
2017-06-27,934
2017-06-28,1317
2017-06-29,1849
2017-06-30,1903
2017-07-01,1843
2017-07-02,2915
2017-07-03,2848
2017-07-04,2619
2017-07-05,1228
2017-07-06,2320
2017-07-07,1825
2017-07-08,1794
2017-07-09,1300
2017-07-10,1847
2017-07-11,2552
2017-07-12,2765
2017-07-13,2541
2017-07-14,2894
2017-07-15,2872
2017-07-16,2747
2017-07-17,2697
2017-07-18,821
2017-07-19,1558
2017-07-20,1945
2017-07-21,2250
2017-07-22,1823
2017-07-23,1306
2017-07-24,1789
2017-07-25,2585
2017-07-26,2645
2017-07-27,874
2017-07-28,1993
2017-07-29,869
2017-07-30,1416
2017-07-31,1672
2017-08-01,2413
2017-08-02,1867
2017-08-03,2623
2017-08-04,767
2017-08-05,2113
2017-08-06,2556
2017-08-07,1590
2017-08-08,2177
2017-08-09,2274
2017-08-10,2606
2017-08-11,2554
2017-08-12,2558
2017-08-13,2434
2017-08-14,1906
2017-08-15,1694
2017-08-16,2325
2017-08-17,2377
2017-08-18,1591
2017-08-19,2365
2017-08-20,2440
2017-08-21,2119
2017-08-22,2230
2017-08-23,2258
2017-08-24,1625
2017-08-25,1669
2017-08-26,1598
2017-08-27,1775
2017-08-28,1546
2017-08-29,968
2017-08-30,498
2017-08-31,2061
2017-09-01,2183
2017-09-02,2105
2017-09-03,1132
2017-09-04,930
2017-09-05,1660
2017-09-06,2052
2017-09-07,1991
2017-09-08,1953
2017-09-09,1370
2017-09-10,1022
2017-09-11,1904
2017-09-12,601
2017-09-13,691
2017-09-14,1896
2017-09-15,1531
2017-09-16,1310
2017-09-17,946
2017-09-18,967
2017-09-19,1603
2017-09-20,1938
2017-09-21,661
2017-09-22,1535
2017-09-23,1051
2017-09-24,480
2017-09-25,1477
2017-09-26,1775
2017-09-27,943
2017-09-28,1320
2017-09-29,672
2017-09-30,1183
2017-10-01,1125
2017-10-02,1743
2017-10-03,1688
2017-10-04,1701
2017-10-05,1713
2017-10-06,1746
2017-10-07,1732
2017-10-08,1717
2017-10-09,1714
2017-10-10,1687
2017-10-11,1605
2017-10-12,1564
2017-10-13,1272
2017-10-14,1440
2017-10-15,819
2017-10-16,222
2017-10-17,924
2017-10-18,999
2017-10-19,247
2017-10-20,541
2017-10-21,1051
2017-10-22,1327
2017-10-23,1432
2017-10-24,1371
2017-10-25,1286
2017-10-26,1252
2017-10-27,1263
2017-10-28,1267
2017-10-29,1298
2017-10-30,1098
2017-10-31,1142
2017-11-01,331
2017-11-02,786
2017-11-03,533
2017-11-04,680
2017-11-05,790
2017-11-06,1153
2017-11-07,407
2017-11-08,797
2017-11-09,242
2017-11-10,534
2017-11-11,500
2017-11-12,335
2017-11-13,1046
2017-11-14,1076
2017-11-15,1065
2017-11-16,1003
2017-11-17,955
2017-11-18,1022
2017-11-19,1035
2017-11-20,823
2017-11-21,788
2017-11-22,294
2017-11-23,436
2017-11-24,165
2017-11-25,897
2017-11-26,980
2017-11-27,947
2017-11-28,821
2017-11-29,735
2017-11-30,829
2017-12-01,443
2017-12-02,847
2017-12-03,838
2017-12-04,888
2017-12-05,875
2017-12-06,623
2017-12-07,65
2017-12-08,144
2017-12-09,109
2017-12-10,25
2017-12-11,554
2017-12-12,470
2017-12-13,116
2017-12-14,348
2017-12-15,552
2017-12-16,710
2017-12-17,838
2017-12-18,525
2017-12-19,606
2017-12-20,810
2017-12-21,821
2017-12-22,831
2017-12-23,669
2017-12-24,812
2017-12-25,120
2017-12-26,89
2017-12-27,315
2017-12-28,222
2017-12-29,285
2017-12-30,294
2017-12-31,426
2018-01-01,72
2018-01-02,106
2018-01-03,98
2018-01-04,250
2018-01-05,404
2018-01-06,680
2018-01-07,494
2018-01-08,500
2018-01-09,455
2018-01-10,559
2018-01-11,719
2018-01-12,452
2018-01-13,460
2018-01-14,941
2018-01-15,208
2018-01-16,146
2018-01-17,602
2018-01-18,242
2018-01-19,701
2018-01-20,156
2018-01-21,160
2018-01-22,208
2018-01-23,388
2018-01-24,168
2018-01-25,491
2018-01-26,632
2018-01-27,252
2018-01-28,1146
2018-01-29,1146
2018-01-30,1166
2018-01-31,524
2018-02-01,724
2018-02-02,942
2018-02-03,313
2018-02-04,904
2018-02-05,1055
2018-02-06,721
2018-02-07,1125
2018-02-08,884
2018-02-09,820
2018-02-10,545
2018-02-11,270
2018-02-12,914
2018-02-13,179
2018-02-14,198
2018-02-15,200
2018-02-16,129
2018-02-17,1312
2018-02-18,1068
2018-02-19,620
2018-02-20,1317
2018-02-21,1532
2018-02-22,1557
2018-02-23,1523
2018-02-24,1593
2018-02-25,1574
2018-02-26,1382
2018-02-27,1213
2018-02-28,304
2018-03-01,249
2018-03-02,306
2018-03-03,724
2018-03-04,763
2018-03-05,921
2018-03-06,942
2018-03-07,736
2018-03-08,259
2018-03-09,416
2018-03-10,689
2018-03-11,588
2018-03-12,1154
2018-03-13,1042
2018-03-14,468
2018-03-15,567
2018-03-16,980
2018-03-17,1295
2018-03-18,1355
2018-03-19,1501
2018-03-20,1169
2018-03-21,1753
2018-03-22,1944
2018-03-23,647
2018-03-24,1079
2018-03-25,1524
2018-03-26,797
2018-03-27,1106
2018-03-28,626
2018-03-29,776
2018-03-30,514
2018-03-31,1167
2018-04-01,940
2018-04-02,790
2018-04-03,975
2018-04-04,1132
2018-04-05,1914
2018-04-06,262
2018-04-07,1668
2018-04-08,986
2018-04-09,1153
2018-04-10,1173
2018-04-11,1206
2018-04-12,708
2018-04-13,634
2018-04-14,1167
2018-04-15,839
2018-04-16,1828
2018-04-17,1681
2018-04-18,2464
2018-04-19,2265
2018-04-20,2101
2018-04-21,1343
2018-04-22,2060
2018-04-23,2299
2018-04-24,2514
2018-04-25,1716
2018-04-26,2654
2018-04-27,1592
2018-04-28,1806
2018-04-29,667
2018-04-30,1838
2018-05-01,2258
2018-05-02,409
2018-05-03,2281
2018-05-04,2738
2018-05-05,2691
2018-05-06,2410
2018-05-07,2559
2018-05-08,2068
2018-05-09,1445
2018-05-10,2766
2018-05-11,552
2018-05-12,2100
2018-05-13,941
2018-05-14,1443
2018-05-15,2493
2018-05-16,2733
2018-05-17,2806
2018-05-18,2743
2018-05-19,2469
2018-05-20,2809
2018-05-21,2351
2018-05-22,2313
2018-05-23,1710
2018-05-24,1642
2018-05-25,1061
2018-05-26,1794
2018-05-27,1872
2018-05-28,1962
2018-05-29,1026
2018-05-30,650
2018-05-31,950
2018-06-01,1675
2018-06-02,2276
2018-06-03,1000
2018-06-04,670
2018-06-05,469
2018-06-06,726
2018-06-07,625
2018-06-08,1185
2018-06-09,323
2018-06-10,1381
2018-06-11,654
2018-06-12,1217
2018-06-13,2430
2018-06-14,2722
2018-06-15,2282
2018-06-16,2447
2018-06-17,2958
2018-06-18,2788
2018-06-19,2913
2018-06-20,2321
2018-06-21,2545
2018-06-22,2786
2018-06-23,2709
2018-06-24,2677
2018-06-25,729
2018-06-26,641
2018-06-27,1173
2018-06-28,1604
2018-06-29,2442
2018-06-30,916
2018-07-01,1017
2018-07-02,829
2018-07-03,2058
2018-07-04,1722
2018-07-05,864
2018-07-06,2352
2018-07-07,2632
2018-07-08,2792
2018-07-09,2815
2018-07-10,2739
2018-07-11,2147
2018-07-12,1888
2018-07-13,2347
2018-07-14,2079
2018-07-15,790
2018-07-16,2003
2018-07-17,2069
2018-07-18,1889
2018-07-19,1442
2018-07-20,2248
2018-07-21,1153
2018-07-22,2536
2018-07-23,2650
2018-07-24,1369
2018-07-25,2212
2018-07-26,2368
2018-07-27,1255
2018-07-28,1450
2018-07-29,471
2018-07-30,703
2018-07-31,2059
2018-08-01,2699
2018-08-02,2475
2018-08-03,2143
2018-08-04,2386
2018-08-05,2237
2018-08-06,746
2018-08-07,1328
2018-08-08,1116
2018-08-09,2211
2018-08-10,2628
2018-08-11,2567
2018-08-12,826
2018-08-13,1427
2018-08-14,2578
2018-08-15,2468
2018-08-16,1990
2018-08-17,1895
2018-08-18,2359
2018-08-19,2315
2018-08-20,2320
2018-08-21,2264
2018-08-22,2227
2018-08-23,2193
2018-08-24,1905
2018-08-25,2302
2018-08-26,2337
2018-08-27,1975
2018-08-28,1312
2018-08-29,1635
2018-08-30,2230
2018-08-31,2250
2018-09-01,2185
2018-09-02,1955
2018-09-03,1854
2018-09-04,827
2018-09-05,1740
2018-09-06,1718
2018-09-07,2113
2018-09-08,2051
2018-09-09,1971
2018-09-10,2002
2018-09-11,2057
2018-09-12,1895
2018-09-13,2056
2018-09-14,1975
2018-09-15,2019
2018-09-16,1488
2018-09-17,1913
2018-09-18,1071
2018-09-19,1835
2018-09-20,1299
2018-09-21,459
2018-09-22,1900
2018-09-23,1622
2018-09-24,1925
2018-09-25,1875
2018-09-26,1798
2018-09-27,1433
2018-09-28,1466
2018-09-29,1688
2018-09-30,1758
2018-10-01,1824
2018-10-02,1838
2018-10-03,1794
2018-10-04,1715
2018-10-05,1736
2018-10-06,829
2018-10-07,1603
2018-10-08,1712
2018-10-09,1657
2018-10-10,1513
2018-10-11,1331
2018-10-12,231
2018-10-13,870
2018-10-14,949
2018-10-15,769
2018-10-16,1476
2018-10-17,372
2018-10-18,872
2018-10-19,1315
2018-10-20,1419
2018-10-21,838
2018-10-22,1441
2018-10-23,1419
2018-10-24,1407
2018-10-25,1364
2018-10-26,1011
2018-10-27,932
2018-10-28,992
2018-10-29,694
2018-10-30,504
2018-10-31,444
2018-11-01,397
2018-11-02,473
2018-11-03,228
2018-11-04,176
2018-11-05,834
2018-11-06,97
2018-11-07,975
2018-11-08,186
2018-11-09,148
2018-11-10,520
2018-11-11,246
2018-11-12,952
2018-11-13,1084
2018-11-14,1030
2018-11-15,939
2018-11-16,994
2018-11-17,633
2018-11-18,504
2018-11-19,660
2018-11-20,344
2018-11-21,502
2018-11-22,380
2018-11-23,557
2018-11-24,129
2018-11-25,558
2018-11-26,717
2018-11-27,107
2018-11-28,118
2018-11-29,599
2018-11-30,595
2018-12-01,106
2018-12-02,224
2018-12-03,123
2018-12-04,657
2018-12-05,178
2018-12-06,549
2018-12-07,125
2018-12-08,436
2018-12-09,840
2018-12-10,712
2018-12-11,243
2018-12-12,248
2018-12-13,531
2018-12-14,161
2018-12-15,70
2018-12-16,367
2018-12-17,288
2018-12-18,177
2018-12-19,404
2018-12-20,126
2018-12-21,87
2018-12-22,179
2018-12-23,586
2018-12-24,599
2018-12-25,675
2018-12-26,704
2018-12-27,126
2018-12-28,644
2018-12-29,838
2018-12-30,896
2018-12-31,900
2019-01-01,875
2019-01-02,874
2019-01-03,905
2019-01-04,880
2019-01-05,942
2019-01-06,944
2019-01-07,907
2019-01-08,880
2019-01-09,719
2019-01-10,916
2019-01-11,920
2019-01-12,940
2019-01-13,777
2019-01-14,762
2019-01-15,816
2019-01-16,358
2019-01-17,644
2019-01-18,122
2019-01-19,95
2019-01-20,682
2019-01-21,516
2019-01-22,248
2019-01-23,267
2019-01-24,276
2019-01-25,471
2019-01-26,1077
2019-01-27,734
2019-01-28,446
2019-01-29,395
2019-01-30,137
2019-01-31,147
2019-02-01,340
2019-02-02,879
2019-02-03,1063
2019-02-04,269
2019-02-05,446
2019-02-06,401
2019-02-07,1235
2019-02-08,314
2019-02-09,326
2019-02-10,796
2019-02-11,1343
2019-02-12,1361
2019-02-13,1370
2019-02-14,1368
2019-02-15,1124
2019-02-16,1367
2019-02-17,294
2019-02-18,700
2019-02-19,1422
2019-02-20,1222
2019-02-21,1005
2019-02-22,1254
2019-02-23,1109
2019-02-24,1323
2019-02-25,1557
2019-02-26,1221
2019-02-27,892
2019-02-28,1048
2019-03-01,614
2019-03-02,896
2019-03-03,329
2019-03-04,1019
2019-03-05,524
2019-03-06,556
2019-03-07,510
2019-03-08,897
2019-03-09,560
2019-03-10,297
2019-03-11,1899
2019-03-12,376
2019-03-13,1396
2019-03-14,1385
2019-03-15,2022
2019-03-16,1835
2019-03-17,1524
2019-03-18,1388
2019-03-19,1534
2019-03-20,2042
2019-03-21,1976
2019-03-22,2014
2019-03-23,2011
2019-03-24,2002
2019-03-25,2070
2019-03-26,2171
2019-03-27,2182
2019-03-28,2121
2019-03-29,2026
2019-03-30,2118
2019-03-31,1672
2019-04-01,1814
2019-04-02,1137
2019-04-03,1910
2019-04-04,445
2019-04-05,887
2019-04-06,960
2019-04-07,625
2019-04-08,1438
2019-04-09,1055
2019-04-10,1494
2019-04-11,2039
2019-04-12,2150
2019-04-13,867
2019-04-14,721
2019-04-15,1019
2019-04-16,2048
2019-04-17,749
2019-04-18,1547
2019-04-19,2074
2019-04-20,2164
2019-04-21,2490
2019-04-22,1579
2019-04-23,1323
2019-04-24,747
2019-04-25,1135
2019-04-26,1326
2019-04-27,1512
2019-04-28,2567
2019-04-29,2608
2019-04-30,2534
2019-05-01,2351
2019-05-02,2595
2019-05-03,2725
2019-05-04,2725
2019-05-05,2529
2019-05-06,1426
2019-05-07,1056
2019-05-08,1425
2019-05-09,321
2019-05-10,1178
2019-05-11,2645
2019-05-12,2762
2019-05-13,2778
2019-05-14,2739
2019-05-15,2500
2019-05-16,839
2019-05-17,1799
2019-05-18,2217
2019-05-19,2126
2019-05-20,1830
2019-05-21,2541
2019-05-22,2739
2019-05-23,2265
2019-05-24,2541
2019-05-25,2870
2019-05-26,2787
2019-05-27,2430
2019-05-28,2907
2019-05-29,2910
2019-05-30,2804
2019-05-31,2864
2019-06-01,2942
2019-06-02,1935
2019-06-03,1126
2019-06-04,1722
2019-06-05,1985
2019-06-06,582
2019-06-07,1811
2019-06-08,1597
2019-06-09,1816
2019-06-10,1735
2019-06-11,2401
2019-06-12,1235
2019-06-13,1718
2019-06-14,2273
2019-06-15,1378
2019-06-16,2908
2019-06-17,1385
2019-06-18,768
2019-06-19,895
2019-06-20,1726
2019-06-21,2590
2019-06-22,1271
2019-06-23,2181
2019-06-24,2293
2019-06-25,2283
2019-06-26,1406
2019-06-27,2043
2019-06-28,2963
2019-06-29,2100
2019-06-30,641
2019-07-01,1423
2019-07-02,1821
2019-07-03,2631
2019-07-04,2298
2019-07-05,2183
2019-07-06,1919
2019-07-07,1457
2019-07-08,1685
2019-07-09,2825
2019-07-10,2898
2019-07-11,3018
2019-07-12,2604
2019-07-13,1642
2019-07-14,2300
2019-07-15,2433
2019-07-16,2474
2019-07-17,2205
2019-07-18,2805
2019-07-19,2753
2019-07-20,2213
2019-07-21,2831
2019-07-22,2703
2019-07-23,2345
2019-07-24,2800
2019-07-25,993
2019-07-26,1716
2019-07-27,1761
2019-07-28,2820
2019-07-29,1746
2019-07-30,2006
2019-07-31,2268
2019-08-01,2305
2019-08-02,2448
2019-08-03,2168
2019-08-04,2462
2019-08-05,2170
2019-08-06,640
2019-08-07,448
2019-08-08,356
2019-08-09,1006
2019-08-10,2345
2019-08-11,1473
2019-08-12,1745
2019-08-13,2551
2019-08-14,1414
2019-08-15,2550
2019-08-16,2490
2019-08-17,743
2019-08-18,1509
2019-08-19,2084
2019-08-20,2484
2019-08-21,2504
2019-08-22,2434
2019-08-23,2418
2019-08-24,2350
2019-08-25,1917
2019-08-26,2180
2019-08-27,1864
2019-08-28,2061
2019-08-29,1987
2019-08-30,2247
2019-08-31,2300
2019-09-01,2016
2019-09-02,2316
2019-09-03,2267
2019-09-04,2305
2019-09-05,2208
2019-09-06,2285
2019-09-07,2206
2019-09-08,2239
2019-09-09,1605
2019-09-10,1866
2019-09-11,2149
2019-09-12,2153
2019-09-13,2100
2019-09-14,2017
2019-09-15,1904
2019-09-16,1567
2019-09-17,1124
2019-09-18,1414
2019-09-19,2030
2019-09-20,659
2019-09-21,499
2019-09-22,1171
2019-09-23,287
2019-09-24,1348
2019-09-25,644
2019-09-26,1447
2019-09-27,771
2019-09-28,1869
2019-09-29,250
2019-09-30,824
2019-10-01,1548
2019-10-02,1068
2019-10-03,581
2019-10-04,944
2019-10-05,1122
2019-10-06,1360
2019-10-07,1444
2019-10-08,513
2019-10-09,1448
2019-10-10,1646
2019-10-11,1573
2019-10-12,610
2019-10-13,358
2019-10-14,909
2019-10-15,343
2019-10-16,216
2019-10-17,689
2019-10-18,573
2019-10-19,182
2019-10-20,793
2019-10-21,980
2019-10-22,1399
2019-10-23,633
2019-10-24,168
2019-10-25,1136
2019-10-26,1089
2019-10-27,631
2019-10-28,192
2019-10-29,388
2019-10-30,537
2019-10-31,139
2019-11-01,145
2019-11-02,370
2019-11-03,255
2019-11-04,637
2019-11-05,629
2019-11-06,162
2019-11-07,563
2019-11-08,781
2019-11-09,472
2019-11-10,169
2019-11-11,527
2019-11-12,100
2019-11-13,708
2019-11-14,423
2019-11-15,593
2019-11-16,421
2019-11-17,474
2019-11-18,610
2019-11-19,111
2019-11-20,239
2019-11-21,686
2019-11-22,299
2019-11-23,547
2019-11-24,140
2019-11-25,269
2019-11-26,239
2019-11-27,138
2019-11-28,94
2019-11-29,609
2019-11-30,512
2019-12-01,707
2019-12-02,678
2019-12-03,903
2019-12-04,855
2019-12-05,686
2019-12-06,517
2019-12-07,155
2019-12-08,170
2019-12-09,383
2019-12-10,433
2019-12-11,431
2019-12-12,46
2019-12-13,165
2019-12-14,129
2019-12-15,280
2019-12-16,114
2019-12-17,500
2019-12-18,65
2019-12-19,78
2019-12-20,95
2019-12-21,241
2019-12-22,404
2019-12-23,124
2019-12-24,469
2019-12-25,603
2019-12-26,745
2019-12-27,825
2019-12-28,811
2019-12-29,833
2019-12-30,819
2019-12-31,585
2020-01-01,792
2020-01-02,117
2020-01-03,500
2020-01-04,810
2020-01-05,835
2020-01-06,560
2020-01-07,572
2020-01-08,191
2020-01-09,273
2020-01-10,693
2020-01-11,846
2020-01-12,643
2020-01-13,261
2020-01-14,269
2020-01-15,855
2020-01-16,28
2020-01-17,491
2020-01-18,311
2020-01-19,975
2020-01-20,974
2020-01-21,777
2020-01-22,623
2020-01-23,850
2020-01-24,868
2020-01-25,1009
2020-01-26,177
2020-01-27,105
2020-01-28,207
2020-01-29,59
2020-01-30,235
2020-01-31,213
2020-02-01,336
2020-02-02,987
2020-02-03,1147
2020-02-04,529
2020-02-05,1190
2020-02-06,1027
2020-02-07,281
2020-02-08,886
2020-02-09,143
2020-02-10,347
2020-02-11,241
2020-02-12,978
2020-02-13,389
2020-02-14,550
2020-02-15,158
2020-02-16,160
2020-02-17,1127
2020-02-18,1047
2020-02-19,1427
2020-02-20,932
2020-02-21,1542
2020-02-22,1516
2020-02-23,1595
2020-02-24,1601
2020-02-25,609
2020-02-26,615
2020-02-27,906
2020-02-28,1352
2020-02-29,762
2020-03-01,644
2020-03-02,1130
2020-03-03,454
2020-03-04,426
2020-03-05,1017
2020-03-06,1338
2020-03-07,963
2020-03-08,958
2020-03-09,1401
2020-03-10,570
2020-03-11,1033
2020-03-12,647
2020-03-13,1141
2020-03-14,1933
2020-03-15,522
2020-03-16,1304
2020-03-17,1966
2020-03-18,1848
2020-03-19,1436
2020-03-20,504
2020-03-21,1111
2020-03-22,1288
2020-03-23,1625
2020-03-24,2009
2020-03-25,1920
2020-03-26,2225
2020-03-27,2160
2020-03-28,2080
2020-03-29,2108
2020-03-30,2157
2020-03-31,682
2020-04-01,1446
2020-04-02,1837
2020-04-03,2321
2020-04-04,1536
2020-04-05,542
2020-04-06,915
2020-04-07,1356
2020-04-08,1948
2020-04-09,502
2020-04-10,440
2020-04-11,676
2020-04-12,1476
2020-04-13,1445
2020-04-14,1457
2020-04-15,933
2020-04-16,699
2020-04-17,1432
2020-04-18,1479
2020-04-19,1312
2020-04-20,1078
2020-04-21,1323
2020-04-22,677
2020-04-23,2282
2020-04-24,2043
2020-04-25,552
2020-04-26,1161
2020-04-27,1347
2020-04-28,1484
2020-04-29,702
2020-04-30,733
2020-05-01,466
2020-05-02,1010
2020-05-03,2633
2020-05-04,1219
2020-05-05,1411
2020-05-06,2146
2020-05-07,2483
2020-05-08,1659
2020-05-09,1169
2020-05-10,1866
2020-05-11,2072
2020-05-12,960
2020-05-13,1704
2020-05-14,1027
2020-05-15,2330
2020-05-16,2876
2020-05-17,2788
2020-05-18,2698
2020-05-19,2876
2020-05-20,2649
2020-05-21,2764
2020-05-22,1134
2020-05-23,2887
2020-05-24,2819
2020-05-25,2906
2020-05-26,2928
2020-05-27,2590
2020-05-28,2667
2020-05-29,2865
2020-05-30,2786
2020-05-31,2352
2020-06-01,1772
2020-06-02,2133
2020-06-03,1126
2020-06-04,1853
2020-06-05,2334
2020-06-06,942
2020-06-07,2511
2020-06-08,2411
2020-06-09,2536
2020-06-10,2757
2020-06-11,1467
2020-06-12,1291
2020-06-13,1051
2020-06-14,1650
2020-06-15,1806
2020-06-16,1469
2020-06-17,1316
2020-06-18,2322
2020-06-19,2917
2020-06-20,2187
2020-06-21,1078
2020-06-22,2974
2020-06-23,2919
2020-06-24,2042
2020-06-25,1788
2020-06-26,942
2020-06-27,842
2020-06-28,960
2020-06-29,2981
2020-06-30,2969
2020-07-01,1813
2020-07-02,1321
2020-07-03,2933
2020-07-04,2807
2020-07-05,2599
2020-07-06,2648
2020-07-07,2872
2020-07-08,2716
2020-07-09,2922
2020-07-10,2562
2020-07-11,2870
2020-07-12,2799
2020-07-13,2930
2020-07-14,2756
2020-07-15,2849
2020-07-16,2908
2020-07-17,2891
2020-07-18,2800
2020-07-19,2578
2020-07-20,2477
2020-07-21,2642
2020-07-22,2686
2020-07-23,2687
2020-07-24,2743
2020-07-25,2629
2020-07-26,2551
2020-07-27,2502
2020-07-28,2311
2020-07-29,2713
2020-07-30,2720
2020-07-31,2021
2020-08-01,2593
2020-08-02,2252
2020-08-03,1576
2020-08-04,2509
2020-08-05,2644
2020-08-06,2508
2020-08-07,2307
2020-08-08,2463
2020-08-09,2095
2020-08-10,787
2020-08-11,1807
2020-08-12,1023
2020-08-13,1367
2020-08-14,1891
2020-08-15,1338
2020-08-16,979
2020-08-17,478
2020-08-18,753
2020-08-19,363
2020-08-20,2274
2020-08-21,828
2020-08-22,2329
2020-08-23,2398
2020-08-24,2384
2020-08-25,991
2020-08-26,2246
2020-08-27,832
2020-08-28,1825
2020-08-29,1995
2020-08-30,2068
2020-08-31,1774
2020-09-01,2302
2020-09-02,2310
2020-09-03,2260
2020-09-04,2271
2020-09-05,1502
2020-09-06,2303
2020-09-07,2233
2020-09-08,2162
2020-09-09,2160
2020-09-10,2078
2020-09-11,2079
2020-09-12,2032
2020-09-13,1792
2020-09-14,1607
2020-09-15,1369
2020-09-16,1415
2020-09-17,1318
2020-09-18,1298
2020-09-19,1468
2020-09-20,946
2020-09-21,1822
2020-09-22,1399
2020-09-23,758
2020-09-24,897
2020-09-25,1387
2020-09-26,286
2020-09-27,1411
2020-09-28,1365
2020-09-29,1802
2020-09-30,982
2020-10-01,781
2020-10-02,1207
2020-10-03,823
2020-10-04,1267
2020-10-05,243
2020-10-06,386
2020-10-07,1368
2020-10-08,1475
2020-10-09,937
2020-10-10,1368
2020-10-11,1565
2020-10-12,518
2020-10-13,608
2020-10-14,908
2020-10-15,939
2020-10-16,1490
2020-10-17,795
2020-10-18,942
2020-10-19,282
2020-10-20,417
2020-10-21,604
2020-10-22,598
2020-10-23,914
2020-10-24,371
2020-10-25,638
2020-10-26,786
2020-10-27,230
2020-10-28,780
2020-10-29,1011
2020-10-30,1221
2020-10-31,179
2020-11-01,160
2020-11-02,348
2020-11-03,938
2020-11-04,1010
2020-11-05,226
2020-11-06,145
2020-11-07,335
2020-11-08,373
2020-11-09,701
2020-11-10,1053
2020-11-11,339
2020-11-12,948
2020-11-13,894
2020-11-14,142
2020-11-15,206
2020-11-16,921
2020-11-17,932
2020-11-18,348
2020-11-19,949
2020-11-20,977
2020-11-21,954
2020-11-22,929
2020-11-23,849
2020-11-24,272
2020-11-25,213
2020-11-26,426
2020-11-27,856
2020-11-28,790
2020-11-29,470
2020-11-30,793
2020-12-01,755
2020-12-02,479
2020-12-03,243
2020-12-04,238
2020-12-05,377
2020-12-06,182
2020-12-07,209
2020-12-08,687
2020-12-09,203
2020-12-10,87
2020-12-11,209
2020-12-12,521
2020-12-13,216
2020-12-14,301
2020-12-15,428
2020-12-16,430
2020-12-17,329
2020-12-18,118
2020-12-19,390
2020-12-20,173
2020-12-21,139
2020-12-22,82
2020-12-23,493
2020-12-24,643
2020-12-25,802
2020-12-26,806
2020-12-27,208
2020-12-28,466
2020-12-29,581
2020-12-30,310
2020-12-31,362
2021-01-01,250
2021-01-02,570
2021-01-03,351
2021-01-04,629
2021-01-05,731
2021-01-06,797
2021-01-07,826
2021-01-08,852
2021-01-09,712
2021-01-10,682
2021-01-11,856
2021-01-12,885
2021-01-13,912
2021-01-14,383
2021-01-15,693
2021-01-16,971
2021-01-17,391
2021-01-18,944
2021-01-19,428
2021-01-20,169
2021-01-21,386
2021-01-22,612
2021-01-23,235
2021-01-24,362
2021-01-25,155
2021-01-26,182
2021-01-27,230
2021-01-28,239
2021-01-29,255
2021-01-30,430
2021-01-31,241
2021-02-01,175
2021-02-02,129
2021-02-03,559
2021-02-04,660
2021-02-05,611
2021-02-06,753
2021-02-07,190
2021-02-08,462
2021-02-09,480
2021-02-10,1140
2021-02-11,116
2021-02-12,869
2021-02-13,230
2021-02-14,1073
2021-02-15,1169
2021-02-16,1135
2021-02-17,584
2021-02-18,1170
2021-02-19,248
2021-02-20,147
2021-02-21,732
2021-02-22,1456
2021-02-23,179
2021-02-24,1135
2021-02-25,410
2021-02-26,1344
2021-02-27,1435
2021-02-28,1655
2021-03-01,317
2021-03-02,690
2021-03-03,1497
2021-03-04,704
2021-03-05,1561
2021-03-06,1702
2021-03-07,1631
2021-03-08,1655
2021-03-09,1603
2021-03-12,1321
2021-03-13,1050
2021-03-14,999
2021-03-15,1926
2021-03-16,1972
2021-03-17,2034
2021-03-18,1854
2021-03-19,1120
2021-03-20,2103
2021-03-21,2102
2021-03-22,2039
2021-03-23,2092
2021-03-24,1659
2021-03-25,2012
2021-03-26,971
2021-03-27,2188
2021-03-28,2154
2021-03-29,1133
2021-03-30,912
2021-03-31,1728
2021-04-01,799
2021-04-02,741
2021-04-03,1895
2021-04-04,2329
2021-04-05,2304
2021-04-06,2335
2021-04-07,2102
2021-04-08,2023
2021-04-09,1303
2021-04-10,680
2021-04-11,1819
2021-04-12,1752
2021-04-13,1491
2021-04-14,2319
2021-04-15,2479
2021-04-16,2525
2021-04-17,2495
2021-04-18,1937
2021-04-19,1955
2021-04-20,939
2021-04-21,810
2021-04-22,1561
2021-04-23,727
2021-04-24,1407
2021-04-25,714
2021-04-26,1399
2021-04-27,1556
2021-04-28,2221
2021-04-29,1956
2021-04-30,1478
2021-05-01,1792
2021-05-02,2519
2021-05-03,2740
2021-05-04,2475
2021-05-05,1440
2021-05-06,1252
2021-05-07,2003
2021-05-08,2367
2021-05-09,1819
2021-05-10,1315
2021-05-11,1461
2021-05-12,1407
2021-05-13,1060
2021-05-14,1167
2021-05-15,268
2021-05-16,1760
2021-05-17,2384
2021-05-18,1898
2021-05-19,2872
2021-05-20,2798
2021-05-21,1798
2021-05-22,2318
2021-05-23,1918
2021-05-24,1912
2021-05-25,2783
2021-05-26,2651
2021-05-27,2463
2021-05-28,2739
2021-05-29,2912
2021-05-30,2870
2021-05-31,2960
2021-06-01,1055
2021-06-02,759
2021-06-03,2582
2021-06-04,3014
2021-06-05,3000
2021-06-06,2851
2021-06-07,2843
2021-06-08,2652
2021-06-09,2820
2021-06-10,2896
2021-06-11,2879
2021-06-12,2930
2021-06-13,2584
2021-06-14,2934
2021-06-15,2680
2021-06-16,1694
2021-06-17,768
2021-06-18,865
2021-06-19,828
2021-06-20,464
2021-06-21,997
2021-06-22,2172
2021-06-23,2279
2021-06-24,3006
2021-06-25,2969
2021-06-26,1185
2021-06-27,2109
2021-06-28,1585
2021-06-29,2082
2021-06-30,2481
2021-07-01,2697
2021-07-02,844
2021-07-03,1532
2021-07-04,659
2021-07-05,683
2021-07-06,1120
2021-07-07,1335
2021-07-08,2630
2021-07-09,2899
2021-07-10,2802
2021-07-11,1770
2021-07-12,1660
2021-07-13,1118
2021-07-14,2559
2021-07-15,2883
2021-07-16,2857
2021-07-17,2795
2021-07-18,2346
2021-07-19,2123
2021-07-20,845
2021-07-21,1918
2021-07-22,898
2021-07-23,1259
2021-07-24,1141
2021-07-25,1671
2021-07-26,2475
2021-07-27,1308
2021-07-28,2622
2021-07-29,2712
2021-07-30,1204
2021-07-31,1700
2021-08-01,878
2021-08-02,2546
2021-08-03,1089
2021-08-04,2233
2021-08-05,749
2021-08-06,1116
2021-08-07,2162
2021-08-08,2088
2021-08-10,2510
2021-08-11,2315
2021-08-12,2419
2021-08-13,2598
2021-08-14,1925
2021-08-15,2526
2021-08-16,2448
2021-08-17,2565
2021-08-18,2497
2021-08-19,2493
2021-08-20,2269
2021-08-21,1048
2021-08-22,1940
2021-08-23,2179
2021-08-24,2319
2021-08-25,2256
2021-08-26,1270
2021-08-27,2275
2021-08-28,889
2021-08-29,973
2021-08-30,1995
2021-08-31,2152
2021-09-01,1419
2021-09-02,1062
2021-09-03,701
2021-09-04,2220
2021-09-05,1952
2021-09-06,1384
2021-09-07,1618
2021-09-08,985
2021-09-09,638
2021-09-10,1145
2021-09-11,1833
2021-09-12,1516
2021-09-13,1088
2021-09-14,1303
2021-09-15,1544
2021-09-16,1836
2021-09-17,927
2021-09-18,1504
2021-09-19,1020
2021-09-20,1766
2021-09-21,2000
2021-09-22,1567
2021-09-23,1923
2021-09-24,1382
2021-09-25,1107
2021-09-26,417
2021-09-27,1693
2021-09-28,1276
2021-09-29,1455
2021-09-30,1706
2021-10-01,483
2021-10-02,277
2021-10-03,1652
2021-10-04,869
2021-10-05,763
2021-10-06,1700
2021-10-07,1683
2021-10-08,1657
2021-10-09,1573
2021-10-10,1681
2021-10-11,1502
2021-10-12,1640
2021-10-13,1625
2021-10-14,1047
2021-10-15,1168
2021-10-16,306
2021-10-17,816
2021-10-18,1113
2021-10-19,1412
2021-10-20,1123
2021-10-21,793
2021-10-22,1013
2021-10-23,869
2021-10-24,291
2021-10-25,988
2021-10-26,1307
2021-10-27,1340
2021-10-28,446
2021-10-29,350
2021-10-30,575
2021-10-31,471
2021-11-01,794
2021-11-02,437
2021-11-03,811
2021-11-04,1004
2021-11-05,790
2021-11-06,1198
2021-11-07,1157
2021-11-08,564
2021-11-09,1110
2021-11-10,1108
2021-11-11,1102
2021-11-12,738
2021-11-13,1079
2021-11-14,1093
2021-11-15,752
2021-11-16,729
2021-11-17,980
2021-11-18,1011
2021-11-19,974
2021-11-20,901
2021-11-21,857
2021-11-22,668
2021-11-23,546
2021-11-24,241
2021-11-25,796
2021-11-26,514
2021-11-27,698
2021-11-28,230
2021-11-29,362
2021-11-30,579
2021-12-01,270
2021-12-02,586
2021-12-03,119
2021-12-04,489
2021-12-05,469
2021-12-06,81
2021-12-07,120
2021-12-08,414
2021-12-09,112
2021-12-10,562
2021-12-11,304
2021-12-12,746
2021-12-13,734
2021-12-14,778
2021-12-15,803
2021-12-16,759
2021-12-17,781
2021-12-18,714
2021-12-19,716
2021-12-20,260
2021-12-21,535
2021-12-22,422
2021-12-23,556
2021-12-24,132
2021-12-25,274
2021-12-26,84
2021-12-27,136
2021-12-28,250
2021-12-29,229
2021-12-30,681
2021-12-31,752
2022-01-01,577
2022-01-02,322
2022-01-03,285
2022-01-04,374
2022-01-05,305
2022-01-06,260
2022-01-07,615
2022-01-08,272
2022-01-09,128
2022-01-10,330
2022-01-11,312
2022-01-12,879
2022-01-13,923
2022-01-14,891
2022-01-15,807
2022-01-16,654
2022-01-17,836
2022-01-18,918
2022-01-19,903
2022-01-20,984
2022-01-21,987
2022-01-22,1025
2022-01-23,1023
2022-01-24,914
2022-01-25,995
2022-01-26,1048
2022-01-27,1018
2022-01-28,1128
2022-01-29,1153
2022-01-30,1079
2022-01-31,972
2022-02-01,1140
2022-02-02,1162
2022-02-03,283
2022-02-04,593
2022-02-05,1155
2022-02-06,1205
2022-02-07,1243
2022-02-08,1277
2022-02-09,1212
2022-02-10,476
2022-02-11,708
2022-02-12,965
2022-02-13,234
2022-02-14,825
2022-02-15,491
2022-02-16,226
2022-02-17,303
2022-02-18,424
2022-02-19,1224
2022-02-20,670
2022-02-21,1041
2022-02-22,1590
2022-02-23,1250
2022-02-24,1088
2022-02-25,1618
2022-02-26,1209
2022-02-27,973
2022-02-28,899
2022-03-01,214
2022-03-02,432
2022-03-03,1020
2022-03-04,1394
2022-03-05,1641
2022-03-06,1467
2022-03-07,1552
2022-03-08,1398
2022-03-09,330
2022-03-10,622
2022-03-11,1119
2022-03-12,524
2022-03-13,478
2022-03-14,1307
2022-03-15,928
2022-03-16,731
2022-03-17,2038
2022-03-18,1880
2022-03-19,1066
2022-03-20,1026
2022-03-21,1223
2022-03-22,639
2022-03-23,1190
2022-03-24,2107
2022-03-25,864
2022-03-26,1046
2022-03-27,1746
2022-03-28,1398
2022-03-29,1444
2022-03-30,1515
2022-03-31,1105
2022-04-01,1725
2022-04-02,2279
2022-04-03,1878
2022-04-04,2149
2022-04-05,2392
2022-04-06,1310
2022-04-07,475
2022-04-08,1435
2022-04-09,2240
2022-04-10,1888
2022-04-11,961
2022-04-12,1070
2022-04-13,1406
2022-04-14,2278
2022-04-15,2366
2022-04-16,2465
2022-04-17,2084
2022-04-18,744
2022-04-19,1635
2022-04-20,2229
2022-04-21,792
2022-04-22,1379
2022-04-23,1498
2022-04-24,1338
2022-04-25,2189
2022-04-26,1272
2022-04-27,1624
2022-04-28,1997
2022-04-29,2516
2022-04-30,2625
2022-05-01,1015
2022-05-02,1264
2022-05-03,2432
2022-05-04,2690
2022-05-05,2690
2022-05-06,2636
2022-05-07,2427
2022-05-08,2644
2022-05-09,2752
2022-05-10,2639
2022-05-11,1745
2022-05-12,2023
2022-05-13,2704
2022-05-14,2399
2022-05-15,817
2022-05-16,1476
2022-05-17,371
2022-05-18,1694
2022-05-19,2434
2022-05-20,2796
2022-05-21,1010
2022-05-22,489
2022-05-23,1483
2022-05-24,1509
2022-05-25,2205
2022-05-26,2900
2022-05-27,2400
2022-05-28,2880
2022-05-29,1926
2022-05-30,819
2022-05-31,620
2022-06-01,1264
2022-06-02,2271
2022-06-03,1776
2022-06-04,1637
2022-06-05,1721
2022-06-06,1169
2022-06-07,1835
2022-06-08,685
2022-06-09,2800
2022-06-10,2710
2022-06-11,2278
2022-06-12,2674
2022-06-13,2832
2022-06-14,2888
2022-06-15,1112
2022-06-16,1622
2022-06-17,1698
2022-06-18,1769
2022-06-19,1072
2022-06-20,776
2022-06-21,913
2022-06-22,1297
2022-06-23,1089
2022-06-24,589
2022-06-25,1599
2022-06-26,1547
2022-06-27,2614
2022-06-28,2791
2022-06-29,1341
2022-06-30,1362
2022-07-01,2926
2022-07-02,2702
2022-07-03,1677
2022-07-04,2563
2022-07-05,2766
2022-07-06,2893
2022-07-07,2967
2022-07-08,2900
2022-07-09,2870
2022-07-10,2808
2022-07-11,2500
2022-07-12,2722
2022-07-13,2476
2022-07-14,2219
2022-07-15,1821
2022-07-16,2598
2022-07-17,2533
2022-07-18,2695
2022-07-19,996
2022-07-20,2306
2022-07-21,2668
2022-07-22,2019
2022-07-23,2755
2022-07-24,2669
2022-07-25,2155
2022-07-26,2125
2022-07-27,2524
2022-07-28,1774
2022-07-29,2100
2022-07-30,2711
2022-07-31,2689
2022-08-01,2649
2022-08-02,2536
2022-08-03,2109
2022-08-04,2074
2022-08-05,2502
2022-08-06,2519
2022-08-07,2477
2022-08-08,2380
2022-08-09,2451
2022-08-10,1891
2022-08-11,2330
2022-08-12,2436
2022-08-13,2491
2022-08-14,1576
2022-08-15,1118
2022-08-16,1381
2022-08-17,1978
2022-08-18,2517
2022-08-19,2482
2022-08-20,2396
2022-08-21,2301
2022-08-22,1989
2022-08-23,2385
2022-08-24,747
2022-08-25,2188
2022-08-26,2217
2022-08-27,2137
2022-08-28,2232
2022-08-29,2080
2022-08-30,1348
2022-08-31,1415
2022-09-01,1191
2022-09-02,1309
2022-09-03,1357
2022-09-04,511
2022-09-05,1067
2022-09-06,634
2022-09-07,1220
2022-09-08,1517
2022-09-09,2171
2022-09-10,2102
2022-09-11,1921
2022-09-12,828
2022-09-13,663
2022-09-14,943
2022-09-15,1739
2022-09-16,1338
2022-09-17,1364
2022-09-18,1795
2022-09-19,1944
2022-09-20,1936
2022-09-21,1995
2022-09-22,1860
2022-09-23,1191
2022-09-24,1685
2022-09-25,1564
2022-09-26,1532
2022-09-27,1736
2022-09-28,795
2022-09-29,1276
2022-09-30,1144
2022-10-01,903
2022-10-02,1797
2022-10-03,1658
2022-10-04,1609
2022-10-05,915
2022-10-06,1451
2022-10-07,1439
2022-10-08,1605
2022-10-09,903
2022-10-10,817
2022-10-11,1513
2022-10-12,1576
2022-10-13,468
2022-10-14,439
2022-10-15,167
2022-10-16,405
2022-10-17,507
2022-10-18,711
2022-10-19,1059
2022-10-20,721
2022-10-21,798
2022-10-22,321
2022-10-23,468
2022-10-24,5
